#pragma once
#include <pgmspace.h>

// ============================================================
// Иконки погоды — пиксель-арт 64x64, RGB565, PROGMEM (Flash)
// Одна иконка: 64x64x2 = 8192 байт
// Всего 8 иконок: 65536 байт = 64 КБ во Flash
// Чёрный (0x0000) = прозрачный фон
// ============================================================

static const uint16_t icon_sunny[4096] PROGMEM = {
  0x0000, 0x0000, 0x0000, 0x0000, 0x0000, 0x0000, 0x0000, 0x0000,
  0x0000, 0x0000, 0x0000, 0x0000, 0x0000, 0x0000, 0x0000, 0x0000,
  0x0000, 0x0000, 0x0000, 0x0000, 0x0000, 0x0000, 0x0000, 0x0000,
  0x0000, 0x0000, 0x0000, 0x0000, 0x0000, 0x0000, 0x0000, 0x0000,
  0x0000, 0x0000, 0x0000, 0x0000, 0x0000, 0x0000, 0x0000, 0x0000,
  0x0000, 0x0000, 0x0000, 0x0000, 0x0000, 0x0000, 0x0000, 0x0000,
  0x0000, 0x0000, 0x0000, 0x0000, 0x0000, 0x0000, 0x0000, 0x0000,
  0x0000, 0x0000, 0x0000, 0x0000, 0x0000, 0x0000, 0x0000, 0x0000,
  0x0000, 0x0000, 0x0000, 0x0000, 0x0000, 0x0000, 0x0000, 0x0000,
  0x0000, 0x0000, 0x0000, 0x0000, 0x0000, 0x0000, 0x0000, 0x0000,
  0x0000, 0x0000, 0x0000, 0x0000, 0x0000, 0x0000, 0x0000, 0x0000,
  0x0000, 0x0000, 0x0000, 0x0000, 0x0000, 0x0000, 0x0000, 0x0000,
  0x0000, 0x0000, 0x0000, 0x0000, 0x0000, 0x0000, 0x0000, 0x0000,
  0x0000, 0x0000, 0x0000, 0x0000, 0x0000, 0x0000, 0x0000, 0x0000,
  0x0000, 0x0000, 0x0000, 0x0000, 0x0000, 0x0000, 0x0000, 0x0000,
  0x0000, 0x0000, 0x0000, 0x0000, 0x0000, 0x0000, 0x0000, 0x0000,
  0x0000, 0x0000, 0x0000, 0x0000, 0x0000, 0x0000, 0x0000, 0x0000,
  0x0000, 0x0000, 0x0000, 0x0000, 0x0000, 0x0000, 0x0000, 0x0000,
  0x0000, 0x0000, 0x0000, 0x0000, 0x0000, 0x0000, 0x0000, 0x0000,
  0x0000, 0x0000, 0x0000, 0x0000, 0x0000, 0x0000, 0x0000, 0x0000,
  0x0000, 0x0000, 0x0000, 0x0000, 0x0000, 0x0000, 0x0000, 0x0000,
  0x0000, 0x0000, 0x0000, 0x0000, 0x0000, 0x0000, 0x0000, 0x0000,
  0x0000, 0x0000, 0x0000, 0x0000, 0x0000, 0x0000, 0x0000, 0x0000,
  0x0000, 0x0000, 0x0000, 0x0000, 0x0000, 0x0000, 0x0000, 0x0000,
  0x0000, 0x0000, 0x0000, 0x0000, 0x0000, 0x0000, 0x0000, 0x0000,
  0x0000, 0x0000, 0x0000, 0x0000, 0x0000, 0x0000, 0x0000, 0x0000,
  0x0000, 0x0000, 0x0000, 0x0000, 0x0000, 0x0000, 0x0000, 0x0000,
  0x0000, 0x0000, 0x0000, 0x0000, 0x0000, 0x0000, 0x0000, 0x0000,
  0x0000, 0x0000, 0x0000, 0x0000, 0x0000, 0x0000, 0x0000, 0x0000,
  0x0000, 0x0000, 0x0000, 0x0000, 0x0000, 0x0000, 0x0000, 0x0000,
  0x0000, 0x0000, 0x0000, 0x0000, 0x0000, 0x0000, 0x0000, 0x0000,
  0x0000, 0x0000, 0x0000, 0x0000, 0x0000, 0x0000, 0x0000, 0x0000,
  0x0000, 0x0000, 0x0000, 0x0000, 0x0000, 0x0000, 0x0000, 0x0000,
  0x0000, 0x0000, 0x0000, 0x0000, 0x0000, 0x0000, 0x0000, 0x0000,
  0x0000, 0x0000, 0x0000, 0x0000, 0x0000, 0x0000, 0x0000, 0x0000,
  0x0000, 0x0000, 0x0000, 0x0000, 0x0000, 0x0000, 0x0000, 0x0000,
  0x0000, 0x0000, 0x0000, 0x0000, 0x0000, 0x0000, 0x0000, 0x0000,
  0x0000, 0x0000, 0x0000, 0x0000, 0x0000, 0x0000, 0x0000, 0x0000,
  0x0000, 0x0000, 0x0000, 0x0000, 0x0000, 0x0000, 0x0000, 0x0000,
  0x0000, 0x0000, 0x0000, 0x0000, 0x0000, 0x0000, 0x0000, 0x0000,
  0x0000, 0x0000, 0x0000, 0x0000, 0x0000, 0x0000, 0x0000, 0x0000,
  0x0000, 0x0000, 0x0000, 0x0000, 0x0000, 0x0000, 0x0000, 0x0000,
  0x0000, 0x0000, 0x0000, 0x0000, 0x0000, 0x0000, 0x0000, 0x0000,
  0x0000, 0x0000, 0x0000, 0x0000, 0x0000, 0x0000, 0x0000, 0x0000,
  0x0000, 0x0000, 0x0000, 0x0000, 0x0000, 0x0000, 0x0000, 0x0000,
  0x0000, 0x0000, 0x0000, 0x0000, 0x0000, 0x0000, 0x0000, 0x0000,
  0x0000, 0x0000, 0x0000, 0x0000, 0x0000, 0x0000, 0x0000, 0x0000,
  0x0000, 0x0000, 0x0000, 0x0000, 0x0000, 0x0000, 0x0000, 0x0000,
  0x0000, 0x0000, 0x0000, 0x0000, 0x0000, 0x0000, 0x0000, 0x0000,
  0x0000, 0x0000, 0x0000, 0x0000, 0x0000, 0x0000, 0x0000, 0x0000,
  0x0000, 0x0000, 0x0000, 0x0000, 0xB460, 0xB460, 0x0000, 0x0000,
  0x0000, 0x0000, 0x0000, 0x0000, 0x0000, 0x0000, 0x0000, 0x0000,
  0x0000, 0x0000, 0x0000, 0x0000, 0x0000, 0x0000, 0x0000, 0x0000,
  0x0000, 0xB460, 0xB460, 0x0000, 0x0000, 0x0000, 0x0000, 0x0000,
  0x0000, 0x0000, 0x0000, 0x0000, 0x0000, 0x0000, 0x0000, 0x0000,
  0x0000, 0x0000, 0x0000, 0x0000, 0x0000, 0x0000, 0x0000, 0x0000,
  0x0000, 0x0000, 0x0000, 0x0000, 0x0000, 0x0000, 0x0000, 0x0000,
  0x0000, 0x0000, 0x0000, 0x0000, 0x0000, 0x0000, 0x0000, 0x0000,
  0x0000, 0x0000, 0x0000, 0x0000, 0xB460, 0xB460, 0x0000, 0x0000,
  0x0000, 0x0000, 0x0000, 0x0000, 0x0000, 0x0000, 0x0000, 0x0000,
  0x0000, 0x0000, 0x0000, 0x0000, 0x0000, 0x0000, 0x0000, 0x0000,
  0x0000, 0xB460, 0xB460, 0x0000, 0x0000, 0x0000, 0x0000, 0x0000,
  0x0000, 0x0000, 0x0000, 0x0000, 0x0000, 0x0000, 0x0000, 0x0000,
  0x0000, 0x0000, 0x0000, 0x0000, 0x0000, 0x0000, 0x0000, 0x0000,
  0x0000, 0x0000, 0x0000, 0x0000, 0x0000, 0x0000, 0x0000, 0x0000,
  0x0000, 0x0000, 0x0000, 0x0000, 0x0000, 0x0000, 0x0000, 0x0000,
  0x0000, 0x0000, 0x0000, 0x0000, 0x0000, 0xB460, 0xB460, 0x0000,
  0x0000, 0x0000, 0x0000, 0x0000, 0x0000, 0x0000, 0x0000, 0x0000,
  0x0000, 0x0000, 0x0000, 0x0000, 0x0000, 0x0000, 0x0000, 0x0000,
  0xB460, 0xB460, 0x0000, 0x0000, 0x0000, 0x0000, 0x0000, 0x0000,
  0x0000, 0x0000, 0x0000, 0x0000, 0x0000, 0x0000, 0x0000, 0x0000,
  0x0000, 0x0000, 0x0000, 0x0000, 0x0000, 0x0000, 0x0000, 0x0000,
  0x0000, 0x0000, 0x0000, 0x0000, 0x0000, 0x0000, 0x0000, 0x0000,
  0x0000, 0x0000, 0x0000, 0x0000, 0x0000, 0x0000, 0x0000, 0x0000,
  0x0000, 0x0000, 0x0000, 0x0000, 0x0000, 0xB460, 0xB460, 0x0000,
  0x0000, 0x0000, 0x0000, 0x0000, 0x0000, 0x0000, 0x0000, 0x0000,
  0x0000, 0x0000, 0x0000, 0x0000, 0x0000, 0x0000, 0x0000, 0x0000,
  0xB460, 0xB460, 0x0000, 0x0000, 0x0000, 0x0000, 0x0000, 0x0000,
  0x0000, 0x0000, 0x0000, 0x0000, 0x0000, 0x0000, 0x0000, 0x0000,
  0x0000, 0x0000, 0x0000, 0x0000, 0x0000, 0x0000, 0x0000, 0x0000,
  0x0000, 0x0000, 0x0000, 0x0000, 0x0000, 0x0000, 0x0000, 0x0000,
  0x0000, 0x0000, 0x0000, 0x0000, 0x0000, 0x0000, 0x0000, 0x0000,
  0x0000, 0x0000, 0x0000, 0x0000, 0x0000, 0x0000, 0xB460, 0x0000,
  0x0000, 0x0000, 0x0000, 0x0000, 0x0000, 0x0000, 0x0000, 0x0000,
  0x0000, 0x0000, 0x0000, 0x0000, 0x0000, 0x0000, 0x0000, 0x0000,
  0xB460, 0x0000, 0x0000, 0x0000, 0x0000, 0x0000, 0x0000, 0x0000,
  0x0000, 0x0000, 0x0000, 0x0000, 0x0000, 0x0000, 0x0000, 0x0000,
  0x0000, 0x0000, 0x0000, 0x0000, 0x0000, 0x0000, 0x0000, 0x0000,
  0x0000, 0x0000, 0x0000, 0x0000, 0x0000, 0x0000, 0x0000, 0x0000,
  0x0000, 0x0000, 0x0000, 0x0000, 0x0000, 0x0000, 0x0000, 0x0000,
  0x0000, 0x0000, 0x0000, 0x0000, 0x0000, 0x0000, 0xB460, 0xB460,
  0x0000, 0x0000, 0x0000, 0x0000, 0x0000, 0x0000, 0x0000, 0x0000,
  0x0000, 0x0000, 0x0000, 0x0000, 0x0000, 0x0000, 0x0000, 0xB460,
  0xB460, 0x0000, 0x0000, 0x0000, 0x0000, 0x0000, 0x0000, 0x0000,
  0x0000, 0x0000, 0x0000, 0x0000, 0x0000, 0x0000, 0x0000, 0x0000,
  0x0000, 0x0000, 0x0000, 0x0000, 0x0000, 0x0000, 0x0000, 0x0000,
  0x0000, 0x0000, 0x0000, 0x0000, 0x0000, 0x0000, 0x0000, 0x0000,
  0x0000, 0x0000, 0x0000, 0x0000, 0x0000, 0x0000, 0x0000, 0x0000,
  0x0000, 0x0000, 0x0000, 0x0000, 0x0000, 0x0000, 0xB460, 0xB460,
  0x0000, 0x0000, 0x0000, 0x0000, 0x0000, 0x0000, 0x0000, 0x0000,
  0x0000, 0x0000, 0x0000, 0x0000, 0x0000, 0x0000, 0x0000, 0xB460,
  0xB460, 0x0000, 0x0000, 0x0000, 0x0000, 0x0000, 0x0000, 0x0000,
  0x0000, 0x0000, 0x0000, 0x0000, 0x0000, 0x0000, 0x0000, 0x0000,
  0x0000, 0x0000, 0x0000, 0x0000, 0x0000, 0x0000, 0x0000, 0x0000,
  0x0000, 0x0000, 0x0000, 0x0000, 0x0000, 0x0000, 0x0000, 0x0000,
  0x0000, 0x0000, 0x0000, 0x0000, 0x0000, 0x0000, 0x0000, 0x0000,
  0x0000, 0x0000, 0x0000, 0x0000, 0x0000, 0x0000, 0x0000, 0xB460,
  0xB460, 0x0000, 0x0000, 0x0000, 0x0000, 0x0000, 0x0000, 0x0000,
  0x0000, 0x0000, 0x0000, 0x0000, 0x0000, 0x0000, 0xB460, 0xB460,
  0x0000, 0x0000, 0x0000, 0x0000, 0x0000, 0x0000, 0x0000, 0x0000,
  0x0000, 0x0000, 0x0000, 0x0000, 0x0000, 0x0000, 0x0000, 0x0000,
  0x0000, 0x0000, 0x0000, 0x0000, 0x0000, 0x0000, 0x0000, 0x0000,
  0x0000, 0x0000, 0x0000, 0x0000, 0x0000, 0x0000, 0x0000, 0x0000,
  0x0000, 0x0000, 0x0000, 0x0000, 0x0000, 0x0000, 0x0000, 0x0000,
  0x0000, 0x0000, 0x0000, 0x0000, 0x0000, 0x0000, 0x0000, 0xB460,
  0xB460, 0x0000, 0x0000, 0x0000, 0x0000, 0x0000, 0x0000, 0x0000,
  0x0000, 0x0000, 0x0000, 0x0000, 0x0000, 0x0000, 0xB460, 0xB460,
  0x0000, 0x0000, 0x0000, 0x0000, 0x0000, 0x0000, 0x0000, 0x0000,
  0x0000, 0x0000, 0x0000, 0x0000, 0x0000, 0x0000, 0x0000, 0x0000,
  0x0000, 0x0000, 0x0000, 0x0000, 0x0000, 0x0000, 0x0000, 0x0000,
  0x0000, 0x0000, 0x0000, 0x0000, 0x0000, 0x0000, 0x0000, 0x0000,
  0x0000, 0x0000, 0x0000, 0x0000, 0x0000, 0x0000, 0x0000, 0x0000,
  0x0000, 0x0000, 0x0000, 0x0000, 0x0000, 0x0000, 0x0000, 0x0000,
  0x0000, 0x0000, 0x0000, 0x0000, 0x0000, 0x0000, 0x0000, 0x0000,
  0x0000, 0x0000, 0x0000, 0x0000, 0x0000, 0x0000, 0x0000, 0x0000,
  0x0000, 0x0000, 0x0000, 0x0000, 0x0000, 0x0000, 0x0000, 0x0000,
  0x0000, 0x0000, 0x0000, 0x0000, 0x0000, 0x0000, 0x0000, 0x0000,
  0x0000, 0x0000, 0x0000, 0x0000, 0x0000, 0x0000, 0x0000, 0x0000,
  0x0000, 0x0000, 0x0000, 0x0000, 0x0000, 0x0000, 0x0000, 0x0000,
  0x0000, 0x0000, 0x0000, 0x0000, 0x0000, 0x0000, 0x0000, 0x0000,
  0x0000, 0x0000, 0x0000, 0x0000, 0x0000, 0x0000, 0x0000, 0x0000,
  0x0000, 0x0000, 0x0000, 0x0000, 0x0000, 0x0000, 0x0000, 0x0000,
  0x0000, 0x0000, 0x0000, 0x0000, 0x0000, 0x0000, 0x0000, 0x0000,
  0x0000, 0x0000, 0x0000, 0x0000, 0x0000, 0x0000, 0x0000, 0x0000,
  0x0000, 0x0000, 0x0000, 0x0000, 0x0000, 0x0000, 0x0000, 0x0000,
  0x0000, 0x0000, 0x0000, 0x0000, 0x0000, 0x0000, 0x0000, 0x0000,
  0x0000, 0x0000, 0x0000, 0x0000, 0x0000, 0x0000, 0x0000, 0x0000,
  0x0000, 0x0000, 0x0000, 0x0000, 0x0000, 0x0000, 0x0000, 0x0000,
  0x0000, 0x0000, 0x0000, 0x0000, 0x0000, 0x0000, 0x0000, 0x0000,
  0x0000, 0x0000, 0x0000, 0x0000, 0x0000, 0xFEE0, 0xFEE0, 0xFEE0,
  0xFEE0, 0xFEE0, 0xFEE0, 0xFEE0, 0x0000, 0x0000, 0x0000, 0x0000,
  0x0000, 0x0000, 0x0000, 0x0000, 0x0000, 0x0000, 0x0000, 0x0000,
  0x0000, 0x0000, 0x0000, 0x0000, 0x0000, 0x0000, 0x0000, 0x0000,
  0x0000, 0x0000, 0x0000, 0x0000, 0x0000, 0x0000, 0x0000, 0x0000,
  0x0000, 0x0000, 0x0000, 0x0000, 0x0000, 0x0000, 0x0000, 0x0000,
  0x0000, 0x0000, 0x0000, 0x0000, 0x0000, 0x0000, 0x0000, 0x0000,
  0x0000, 0x0000, 0x0000, 0x0000, 0x0000, 0x0000, 0x0000, 0x0000,
  0x0000, 0x0000, 0xFEE0, 0xFEE0, 0xFEE0, 0xFEE0, 0xFEE0, 0xFEE0,
  0xFEE0, 0xFEE0, 0xFEE0, 0xFEE0, 0xFEE0, 0xFEE0, 0xFEE0, 0x0000,
  0x0000, 0x0000, 0x0000, 0x0000, 0x0000, 0x0000, 0x0000, 0x0000,
  0x0000, 0x0000, 0x0000, 0x0000, 0x0000, 0x0000, 0x0000, 0x0000,
  0x0000, 0x0000, 0x0000, 0x0000, 0x0000, 0x0000, 0x0000, 0x0000,
  0x0000, 0x0000, 0x0000, 0x0000, 0x0000, 0x0000, 0x0000, 0x0000,
  0x0000, 0x0000, 0x0000, 0x0000, 0x0000, 0x0000, 0x0000, 0x0000,
  0x0000, 0x0000, 0x0000, 0x0000, 0x0000, 0x0000, 0x0000, 0x0000,
  0xFEE0, 0xFEE0, 0xFEE0, 0xFEE0, 0xFEE0, 0xFEE0, 0xFEE0, 0xFEE0,
  0xFEE0, 0xFEE0, 0xFEE0, 0xFEE0, 0xFEE0, 0xFEE0, 0xFEE0, 0xFEE0,
  0xFEE0, 0x0000, 0x0000, 0x0000, 0x0000, 0x0000, 0x0000, 0x0000,
  0x0000, 0x0000, 0x0000, 0x0000, 0x0000, 0x0000, 0x0000, 0x0000,
  0x0000, 0x0000, 0x0000, 0x0000, 0x0000, 0x0000, 0x0000, 0x0000,
  0x0000, 0x0000, 0x0000, 0x0000, 0x0000, 0x0000, 0xB460, 0x0000,
  0x0000, 0x0000, 0x0000, 0x0000, 0x0000, 0x0000, 0x0000, 0x0000,
  0x0000, 0x0000, 0x0000, 0x0000, 0x0000, 0x0000, 0x0000, 0xFEE0,
  0xFEE0, 0xFEE0, 0xFEE0, 0xFEE0, 0xFEE0, 0xFEE0, 0xFEE0, 0xFEE0,
  0xFEE0, 0xFEE0, 0xFEE0, 0xFEE0, 0xFEE0, 0xFEE0, 0xFEE0, 0xFEE0,
  0xFEE0, 0xFEE0, 0x0000, 0x0000, 0x0000, 0x0000, 0x0000, 0x0000,
  0x0000, 0x0000, 0x0000, 0x0000, 0x0000, 0x0000, 0x0000, 0x0000,
  0x0000, 0x0000, 0x0000, 0x0000, 0x0000, 0x0000, 0x0000, 0x0000,
  0x0000, 0x0000, 0x0000, 0x0000, 0x0000, 0x0000, 0xB460, 0xB460,
  0xB460, 0xB460, 0x0000, 0x0000, 0x0000, 0x0000, 0x0000, 0x0000,
  0x0000, 0x0000, 0x0000, 0x0000, 0x0000, 0x0000, 0xFEE0, 0xFEE0,
  0xFEE0, 0xFEE0, 0xFEE0, 0xFEE0, 0xFEE0, 0xFEE0, 0xFEE0, 0xFEE0,
  0xFEE0, 0xFEE0, 0xFEE0, 0xFEE0, 0xFEE0, 0xFEE0, 0xFEE0, 0xFEE0,
  0xFEE0, 0xFEE0, 0xFEE0, 0x0000, 0x0000, 0x0000, 0x0000, 0x0000,
  0x0000, 0x0000, 0x0000, 0x0000, 0x0000, 0x0000, 0x0000, 0x0000,
  0x0000, 0xB460, 0x0000, 0x0000, 0x0000, 0x0000, 0x0000, 0x0000,
  0x0000, 0x0000, 0x0000, 0x0000, 0x0000, 0x0000, 0x0000, 0x0000,
  0x0000, 0xB460, 0xB460, 0xB460, 0x0000, 0x0000, 0x0000, 0x0000,
  0x0000, 0x0000, 0x0000, 0x0000, 0x0000, 0xFEE0, 0xFEE0, 0xFEE0,
  0xFEE0, 0xFF8C, 0xFF8C, 0xFF8C, 0xFEE0, 0xFEE0, 0xFEE0, 0xFEE0,
  0xFEE0, 0xFEE0, 0xFEE0, 0xFEE0, 0xFEE0, 0xFEE0, 0xFEE0, 0xFEE0,
  0xFEE0, 0xFEE0, 0xFEE0, 0xFEE0, 0x0000, 0x0000, 0x0000, 0x0000,
  0x0000, 0x0000, 0x0000, 0x0000, 0x0000, 0x0000, 0xB460, 0xB460,
  0xB460, 0xB460, 0x0000, 0x0000, 0x0000, 0x0000, 0x0000, 0x0000,
  0x0000, 0x0000, 0x0000, 0x0000, 0x0000, 0x0000, 0x0000, 0x0000,
  0x0000, 0x0000, 0x0000, 0xB460, 0xB460, 0xB460, 0xB460, 0x0000,
  0x0000, 0x0000, 0x0000, 0x0000, 0xFEE0, 0xFEE0, 0xFEE0, 0xFF8C,
  0xFF8C, 0xFF8C, 0xFF8C, 0xFF8C, 0xFF8C, 0xFF8C, 0xFEE0, 0xFEE0,
  0xFEE0, 0xFEE0, 0xFEE0, 0xFEE0, 0xFEE0, 0xFEE0, 0xFEE0, 0xFEE0,
  0xFEE0, 0xFEE0, 0xFEE0, 0xFEE0, 0xFEE0, 0x0000, 0x0000, 0x0000,
  0x0000, 0x0000, 0x0000, 0x0000, 0xB460, 0xB460, 0xB460, 0x0000,
  0x0000, 0x0000, 0x0000, 0x0000, 0x0000, 0x0000, 0x0000, 0x0000,
  0x0000, 0x0000, 0x0000, 0x0000, 0x0000, 0x0000, 0x0000, 0x0000,
  0x0000, 0x0000, 0x0000, 0x0000, 0x0000, 0x0000, 0xB460, 0x0000,
  0x0000, 0x0000, 0x0000, 0xFEE0, 0xFEE0, 0xFEE0, 0xFEE0, 0xFF8C,
  0xFF8C, 0xFF8C, 0xFF8C, 0xFF8C, 0xFF8C, 0xFF8C, 0xFEE0, 0xFEE0,
  0xFEE0, 0xFEE0, 0xFEE0, 0xFEE0, 0xFEE0, 0xFEE0, 0xFEE0, 0xFEE0,
  0xFEE0, 0xFEE0, 0xFEE0, 0xFEE0, 0xFEE0, 0xFEE0, 0x0000, 0x0000,
  0x0000, 0xB460, 0xB460, 0xB460, 0xB460, 0x0000, 0x0000, 0x0000,
  0x0000, 0x0000, 0x0000, 0x0000, 0x0000, 0x0000, 0x0000, 0x0000,
  0x0000, 0x0000, 0x0000, 0x0000, 0x0000, 0x0000, 0x0000, 0x0000,
  0x0000, 0x0000, 0x0000, 0x0000, 0x0000, 0x0000, 0x0000, 0x0000,
  0x0000, 0x0000, 0x0000, 0xFEE0, 0xFEE0, 0xFEE0, 0xFF8C, 0xFF8C,
  0xFF8C, 0xFF8C, 0xFF8C, 0xFF8C, 0xFF8C, 0xFF8C, 0xFF8C, 0xFEE0,
  0xFEE0, 0xFEE0, 0xFEE0, 0xFEE0, 0xFEE0, 0xFEE0, 0xFEE0, 0xFEE0,
  0xFEE0, 0xFEE0, 0xFEE0, 0xFEE0, 0xFEE0, 0xFEE0, 0x0000, 0x0000,
  0x0000, 0xB460, 0x0000, 0x0000, 0x0000, 0x0000, 0x0000, 0x0000,
  0x0000, 0x0000, 0x0000, 0x0000, 0x0000, 0x0000, 0x0000, 0x0000,
  0x0000, 0x0000, 0x0000, 0x0000, 0x0000, 0x0000, 0x0000, 0x0000,
  0x0000, 0x0000, 0x0000, 0x0000, 0x0000, 0x0000, 0x0000, 0x0000,
  0x0000, 0x0000, 0xFEE0, 0xFEE0, 0xFEE0, 0xFEE0, 0xFF8C, 0xFF8C,
  0xFF8C, 0xFF8C, 0xFF8C, 0xFF8C, 0xFF8C, 0xFF8C, 0xFF8C, 0xFEE0,
  0xFEE0, 0xFEE0, 0xFEE0, 0xFEE0, 0xFEE0, 0xFEE0, 0xFEE0, 0xFEE0,
  0xFEE0, 0xFEE0, 0xFEE0, 0xFEE0, 0xFEE0, 0xFEE0, 0xFEE0, 0x0000,
  0x0000, 0x0000, 0x0000, 0x0000, 0x0000, 0x0000, 0x0000, 0x0000,
  0x0000, 0x0000, 0x0000, 0x0000, 0x0000, 0x0000, 0x0000, 0x0000,
  0x0000, 0x0000, 0x0000, 0x0000, 0x0000, 0x0000, 0x0000, 0x0000,
  0x0000, 0x0000, 0x0000, 0x0000, 0x0000, 0x0000, 0x0000, 0x0000,
  0x0000, 0x0000, 0xFEE0, 0xFEE0, 0xFEE0, 0xFEE0, 0xFF8C, 0xFF8C,
  0xFF8C, 0xFF8C, 0xFF8C, 0xFF8C, 0xFF8C, 0xFF8C, 0xFF8C, 0xFEE0,
  0xFEE0, 0xFEE0, 0xFEE0, 0xFEE0, 0xFEE0, 0xFEE0, 0xFEE0, 0xFEE0,
  0xFEE0, 0xFEE0, 0xFEE0, 0xFEE0, 0xFEE0, 0xFEE0, 0xFEE0, 0x0000,
  0x0000, 0x0000, 0x0000, 0x0000, 0x0000, 0x0000, 0x0000, 0x0000,
  0x0000, 0x0000, 0x0000, 0x0000, 0x0000, 0x0000, 0x0000, 0x0000,
  0x0000, 0x0000, 0x0000, 0x0000, 0x0000, 0x0000, 0x0000, 0x0000,
  0x0000, 0x0000, 0x0000, 0x0000, 0x0000, 0x0000, 0x0000, 0x0000,
  0x0000, 0x0000, 0xFEE0, 0xFEE0, 0xFEE0, 0xFEE0, 0xFEE0, 0xFF8C,
  0xFF8C, 0xFF8C, 0xFF8C, 0xFF8C, 0xFF8C, 0xFF8C, 0xFEE0, 0xFEE0,
  0xFEE0, 0xFEE0, 0xFEE0, 0xFEE0, 0xFEE0, 0xFEE0, 0xFEE0, 0xFEE0,
  0xFEE0, 0xFEE0, 0xFEE0, 0xFEE0, 0xFEE0, 0xFEE0, 0xFEE0, 0x0000,
  0x0000, 0x0000, 0x0000, 0x0000, 0x0000, 0x0000, 0x0000, 0x0000,
  0x0000, 0x0000, 0x0000, 0x0000, 0x0000, 0x0000, 0x0000, 0x0000,
  0x0000, 0x0000, 0x0000, 0x0000, 0x0000, 0x0000, 0x0000, 0x0000,
  0x0000, 0x0000, 0x0000, 0x0000, 0x0000, 0x0000, 0x0000, 0x0000,
  0x0000, 0xFEE0, 0xFEE0, 0xFEE0, 0xFEE0, 0xFEE0, 0xFEE0, 0xFF8C,
  0xFF8C, 0xFF8C, 0xFF8C, 0xFF8C, 0xFF8C, 0xFF8C, 0xFEE0, 0xFEE0,
  0xFEE0, 0xFEE0, 0xFEE0, 0xFEE0, 0xFEE0, 0xFEE0, 0xFEE0, 0xFEE0,
  0xFEE0, 0xFEE0, 0xFEE0, 0xFEE0, 0xFEE0, 0xFEE0, 0xFEE0, 0xFEE0,
  0x0000, 0x0000, 0x0000, 0x0000, 0x0000, 0x0000, 0x0000, 0x0000,
  0x0000, 0x0000, 0x0000, 0x0000, 0x0000, 0x0000, 0x0000, 0x0000,
  0x0000, 0x0000, 0x0000, 0x0000, 0x0000, 0x0000, 0x0000, 0x0000,
  0x0000, 0x0000, 0x0000, 0x0000, 0x0000, 0x0000, 0x0000, 0x0000,
  0x0000, 0xFEE0, 0xFEE0, 0xFEE0, 0xFEE0, 0xFEE0, 0xFEE0, 0xFEE0,
  0xFEE0, 0xFF8C, 0xFF8C, 0xFF8C, 0xFEE0, 0xFEE0, 0xFEE0, 0xFEE0,
  0xFEE0, 0xFEE0, 0xFEE0, 0xFEE0, 0xFEE0, 0xFEE0, 0xFEE0, 0xFEE0,
  0xFEE0, 0xFEE0, 0xFEE0, 0xFEE0, 0xFEE0, 0xFEE0, 0xFEE0, 0xFEE0,
  0x0000, 0x0000, 0x0000, 0x0000, 0x0000, 0x0000, 0x0000, 0x0000,
  0x0000, 0x0000, 0x0000, 0x0000, 0x0000, 0x0000, 0x0000, 0x0000,
  0x0000, 0x0000, 0x0000, 0x0000, 0x0000, 0x0000, 0x0000, 0x0000,
  0x0000, 0x0000, 0x0000, 0x0000, 0x0000, 0x0000, 0x0000, 0x0000,
  0x0000, 0xFEE0, 0xFEE0, 0xFEE0, 0xFEE0, 0xFEE0, 0xFEE0, 0xFEE0,
  0xFEE0, 0xFEE0, 0xFEE0, 0xFEE0, 0xFEE0, 0xFEE0, 0xFEE0, 0xFEE0,
  0xFEE0, 0xFEE0, 0xFEE0, 0xFEE0, 0xFEE0, 0xFEE0, 0xFEE0, 0xFEE0,
  0xFEE0, 0xFEE0, 0xFEE0, 0xFEE0, 0xFEE0, 0xFEE0, 0xFEE0, 0xFEE0,
  0x0000, 0x0000, 0x0000, 0x0000, 0x0000, 0x0000, 0x0000, 0x0000,
  0x0000, 0x0000, 0x0000, 0x0000, 0x0000, 0x0000, 0x0000, 0x0000,
  0x0000, 0x0000, 0x0000, 0x0000, 0x0000, 0x0000, 0x0000, 0x0000,
  0x0000, 0x0000, 0x0000, 0x0000, 0x0000, 0x0000, 0x0000, 0x0000,
  0x0000, 0xFEE0, 0xFEE0, 0xFEE0, 0xFEE0, 0xFEE0, 0xFEE0, 0xFEE0,
  0xFEE0, 0xFEE0, 0xFEE0, 0xFEE0, 0xFEE0, 0xFEE0, 0xFEE0, 0xFEE0,
  0xFEE0, 0xFEE0, 0xFEE0, 0xFEE0, 0xFEE0, 0xFEE0, 0xFEE0, 0xFEE0,
  0xFEE0, 0xFEE0, 0xFEE0, 0xFEE0, 0xFEE0, 0xFEE0, 0xFEE0, 0xFEE0,
  0x0000, 0x0000, 0x0000, 0x0000, 0x0000, 0x0000, 0x0000, 0x0000,
  0x0000, 0x0000, 0x0000, 0x0000, 0x0000, 0x0000, 0x0000, 0x0000,
  0x0000, 0x0000, 0x0000, 0x0000, 0x0000, 0x0000, 0x0000, 0x0000,
  0x0000, 0x0000, 0x0000, 0x0000, 0x0000, 0x0000, 0x0000, 0x0000,
  0x0000, 0xFEE0, 0xFEE0, 0xFEE0, 0xFEE0, 0xFEE0, 0xFEE0, 0xFEE0,
  0xFEE0, 0xFEE0, 0xFEE0, 0xFEE0, 0xFEE0, 0xFEE0, 0xFEE0, 0xFEE0,
  0xFEE0, 0xFEE0, 0xFEE0, 0xFEE0, 0xFEE0, 0xFEE0, 0xFEE0, 0xFEE0,
  0xFEE0, 0xFEE0, 0xFEE0, 0xFEE0, 0xFEE0, 0xFEE0, 0xFEE0, 0xFEE0,
  0x0000, 0x0000, 0x0000, 0x0000, 0x0000, 0x0000, 0x0000, 0x0000,
  0x0000, 0x0000, 0x0000, 0x0000, 0x0000, 0x0000, 0x0000, 0x0000,
  0x0000, 0x0000, 0x0000, 0x0000, 0x0000, 0x0000, 0x0000, 0x0000,
  0x0000, 0x0000, 0x0000, 0x0000, 0x0000, 0x0000, 0x0000, 0x0000,
  0x0000, 0xFEE0, 0xFEE0, 0xFEE0, 0xFEE0, 0xFEE0, 0xFEE0, 0xFEE0,
  0xFEE0, 0xFEE0, 0xFEE0, 0xFEE0, 0xFEE0, 0xFEE0, 0xFEE0, 0xFEE0,
  0xFEE0, 0xFEE0, 0xFEE0, 0xFEE0, 0xFEE0, 0xFEE0, 0xFEE0, 0xFEE0,
  0xFEE0, 0xFEE0, 0xFEE0, 0xFEE0, 0xFEE0, 0xFEE0, 0xFEE0, 0xFEE0,
  0x0000, 0x0000, 0x0000, 0x0000, 0x0000, 0x0000, 0x0000, 0x0000,
  0x0000, 0x0000, 0x0000, 0x0000, 0x0000, 0x0000, 0x0000, 0x0000,
  0x0000, 0x0000, 0x0000, 0x0000, 0x0000, 0x0000, 0x0000, 0x0000,
  0x0000, 0x0000, 0x0000, 0x0000, 0x0000, 0x0000, 0x0000, 0x0000,
  0x0000, 0xFEE0, 0xFEE0, 0xFEE0, 0xFEE0, 0xFEE0, 0xFEE0, 0xFEE0,
  0xFEE0, 0xFEE0, 0xFEE0, 0xFEE0, 0xFEE0, 0xFEE0, 0xFEE0, 0xFEE0,
  0xFEE0, 0xFEE0, 0xFEE0, 0xFEE0, 0xFEE0, 0xFEE0, 0xFEE0, 0xFEE0,
  0xFEE0, 0xFEE0, 0xFEE0, 0xFEE0, 0xFEE0, 0xFEE0, 0xFEE0, 0xFEE0,
  0x0000, 0x0000, 0x0000, 0x0000, 0x0000, 0x0000, 0x0000, 0x0000,
  0x0000, 0x0000, 0x0000, 0x0000, 0x0000, 0x0000, 0x0000, 0x0000,
  0x0000, 0x0000, 0x0000, 0x0000, 0x0000, 0x0000, 0x0000, 0x0000,
  0x0000, 0x0000, 0x0000, 0x0000, 0x0000, 0x0000, 0x0000, 0x0000,
  0x0000, 0x0000, 0xFEE0, 0xFEE0, 0xFEE0, 0xFEE0, 0xFEE0, 0xFEE0,
  0xFEE0, 0xFEE0, 0xFEE0, 0xFEE0, 0xFEE0, 0xFEE0, 0xFEE0, 0xFEE0,
  0xFEE0, 0xFEE0, 0xFEE0, 0xFEE0, 0xFEE0, 0xFEE0, 0xFEE0, 0xFEE0,
  0xFEE0, 0xFEE0, 0xFEE0, 0xFEE0, 0xFEE0, 0xFEE0, 0xFEE0, 0x0000,
  0x0000, 0x0000, 0x0000, 0x0000, 0x0000, 0x0000, 0x0000, 0x0000,
  0x0000, 0x0000, 0x0000, 0x0000, 0x0000, 0x0000, 0x0000, 0x0000,
  0x0000, 0x0000, 0x0000, 0x0000, 0x0000, 0x0000, 0x0000, 0x0000,
  0x0000, 0x0000, 0x0000, 0x0000, 0x0000, 0x0000, 0x0000, 0x0000,
  0x0000, 0x0000, 0xFEE0, 0xFEE0, 0xFEE0, 0xFEE0, 0xFEE0, 0xFEE0,
  0xFEE0, 0xFEE0, 0xFEE0, 0xFEE0, 0xFEE0, 0xFEE0, 0xFEE0, 0xFEE0,
  0xFEE0, 0xFEE0, 0xFEE0, 0xFEE0, 0xFEE0, 0xFEE0, 0xFEE0, 0xFEE0,
  0xFEE0, 0xFEE0, 0xFEE0, 0xFEE0, 0xFEE0, 0xFEE0, 0xFEE0, 0x0000,
  0x0000, 0x0000, 0x0000, 0x0000, 0x0000, 0x0000, 0x0000, 0x0000,
  0x0000, 0x0000, 0x0000, 0x0000, 0x0000, 0x0000, 0x0000, 0x0000,
  0x0000, 0x0000, 0x0000, 0x0000, 0x0000, 0x0000, 0x0000, 0x0000,
  0x0000, 0x0000, 0x0000, 0x0000, 0x0000, 0x0000, 0xB460, 0x0000,
  0x0000, 0x0000, 0xFEE0, 0xFEE0, 0xFEE0, 0xFEE0, 0xFEE0, 0xFEE0,
  0xFEE0, 0xFEE0, 0xFEE0, 0xFEE0, 0xFEE0, 0xFEE0, 0xFEE0, 0xFEE0,
  0xFEE0, 0xFEE0, 0xFEE0, 0xFEE0, 0xFEE0, 0xFEE0, 0xFEE0, 0xFEE0,
  0xFEE0, 0xFEE0, 0xFEE0, 0xFEE0, 0xFEE0, 0xFEE0, 0xFEE0, 0x0000,
  0x0000, 0x0000, 0x0000, 0x0000, 0x0000, 0x0000, 0x0000, 0x0000,
  0x0000, 0x0000, 0x0000, 0x0000, 0x0000, 0x0000, 0x0000, 0x0000,
  0x0000, 0x0000, 0x0000, 0x0000, 0x0000, 0x0000, 0x0000, 0x0000,
  0x0000, 0x0000, 0x0000, 0xB460, 0xB460, 0xB460, 0xB460, 0x0000,
  0x0000, 0x0000, 0x0000, 0xFEE0, 0xFEE0, 0xFEE0, 0xFEE0, 0xFEE0,
  0xFEE0, 0xFEE0, 0xFEE0, 0xFEE0, 0xFEE0, 0xFEE0, 0xFEE0, 0xFEE0,
  0xFEE0, 0xFEE0, 0xFEE0, 0xFEE0, 0xFEE0, 0xFEE0, 0xFEE0, 0xFEE0,
  0xFEE0, 0xFEE0, 0xFEE0, 0xFEE0, 0xFEE0, 0xFEE0, 0x0000, 0x0000,
  0x0000, 0xB460, 0x0000, 0x0000, 0x0000, 0x0000, 0x0000, 0x0000,
  0x0000, 0x0000, 0x0000, 0x0000, 0x0000, 0x0000, 0x0000, 0x0000,
  0x0000, 0x0000, 0x0000, 0x0000, 0x0000, 0x0000, 0x0000, 0x0000,
  0x0000, 0xB460, 0xB460, 0xB460, 0x0000, 0x0000, 0x0000, 0x0000,
  0x0000, 0x0000, 0x0000, 0xFEE0, 0xFEE0, 0xFEE0, 0xFEE0, 0xFEE0,
  0xFEE0, 0xFEE0, 0xFEE0, 0xFEE0, 0xFEE0, 0xFEE0, 0xFEE0, 0xFEE0,
  0xFEE0, 0xFEE0, 0xFEE0, 0xFEE0, 0xFEE0, 0xFEE0, 0xFEE0, 0xFEE0,
  0xFEE0, 0xFEE0, 0xFEE0, 0xFEE0, 0xFEE0, 0xFEE0, 0x0000, 0x0000,
  0x0000, 0xB460, 0xB460, 0xB460, 0xB460, 0x0000, 0x0000, 0x0000,
  0x0000, 0x0000, 0x0000, 0x0000, 0x0000, 0x0000, 0x0000, 0x0000,
  0x0000, 0x0000, 0x0000, 0x0000, 0x0000, 0x0000, 0xB460, 0xB460,
  0xB460, 0xB460, 0x0000, 0x0000, 0x0000, 0x0000, 0x0000, 0x0000,
  0x0000, 0x0000, 0x0000, 0x0000, 0xFEE0, 0xFEE0, 0xFEE0, 0xFEE0,
  0xFEE0, 0xFEE0, 0xFEE0, 0xFEE0, 0xFEE0, 0xFEE0, 0xFEE0, 0xFEE0,
  0xFEE0, 0xFEE0, 0xFEE0, 0xFEE0, 0xFEE0, 0xFEE0, 0xFEE0, 0xFEE0,
  0xFEE0, 0xFEE0, 0xFEE0, 0xFEE0, 0xFEE0, 0x0000, 0x0000, 0x0000,
  0x0000, 0x0000, 0x0000, 0x0000, 0xB460, 0xB460, 0xB460, 0x0000,
  0x0000, 0x0000, 0x0000, 0x0000, 0x0000, 0x0000, 0x0000, 0x0000,
  0x0000, 0x0000, 0x0000, 0x0000, 0x0000, 0x0000, 0xB460, 0x0000,
  0x0000, 0x0000, 0x0000, 0x0000, 0x0000, 0x0000, 0x0000, 0x0000,
  0x0000, 0x0000, 0x0000, 0x0000, 0x0000, 0xFEE0, 0xFEE0, 0xFEE0,
  0xFEE0, 0xFEE0, 0xFEE0, 0xFEE0, 0xFEE0, 0xFEE0, 0xFEE0, 0xFEE0,
  0xFEE0, 0xFEE0, 0xFEE0, 0xFEE0, 0xFEE0, 0xFEE0, 0xFEE0, 0xFEE0,
  0xFEE0, 0xFEE0, 0xFEE0, 0xFEE0, 0x0000, 0x0000, 0x0000, 0x0000,
  0x0000, 0x0000, 0x0000, 0x0000, 0x0000, 0x0000, 0xB460, 0xB460,
  0xB460, 0xB460, 0x0000, 0x0000, 0x0000, 0x0000, 0x0000, 0x0000,
  0x0000, 0x0000, 0x0000, 0x0000, 0x0000, 0x0000, 0x0000, 0x0000,
  0x0000, 0x0000, 0x0000, 0x0000, 0x0000, 0x0000, 0x0000, 0x0000,
  0x0000, 0x0000, 0x0000, 0x0000, 0x0000, 0x0000, 0xFEE0, 0xFEE0,
  0xFEE0, 0xFEE0, 0xFEE0, 0xFEE0, 0xFEE0, 0xFEE0, 0xFEE0, 0xFEE0,
  0xFEE0, 0xFEE0, 0xFEE0, 0xFEE0, 0xFEE0, 0xFEE0, 0xFEE0, 0xFEE0,
  0xFEE0, 0xFEE0, 0xFEE0, 0x0000, 0x0000, 0x0000, 0x0000, 0x0000,
  0x0000, 0x0000, 0x0000, 0x0000, 0x0000, 0x0000, 0x0000, 0x0000,
  0x0000, 0xB460, 0x0000, 0x0000, 0x0000, 0x0000, 0x0000, 0x0000,
  0x0000, 0x0000, 0x0000, 0x0000, 0x0000, 0x0000, 0x0000, 0x0000,
  0x0000, 0x0000, 0x0000, 0x0000, 0x0000, 0x0000, 0x0000, 0x0000,
  0x0000, 0x0000, 0x0000, 0x0000, 0x0000, 0x0000, 0x0000, 0xFEE0,
  0xFEE0, 0xFEE0, 0xFEE0, 0xFEE0, 0xFEE0, 0xFEE0, 0xFEE0, 0xFEE0,
  0xFEE0, 0xFEE0, 0xFEE0, 0xFEE0, 0xFEE0, 0xFEE0, 0xFEE0, 0xFEE0,
  0xFEE0, 0xFEE0, 0x0000, 0x0000, 0x0000, 0x0000, 0x0000, 0x0000,
  0x0000, 0x0000, 0x0000, 0x0000, 0x0000, 0x0000, 0x0000, 0x0000,
  0x0000, 0x0000, 0x0000, 0x0000, 0x0000, 0x0000, 0x0000, 0x0000,
  0x0000, 0x0000, 0x0000, 0x0000, 0x0000, 0x0000, 0x0000, 0x0000,
  0x0000, 0x0000, 0x0000, 0x0000, 0x0000, 0x0000, 0x0000, 0x0000,
  0x0000, 0x0000, 0x0000, 0x0000, 0x0000, 0x0000, 0x0000, 0x0000,
  0xFEE0, 0xFEE0, 0xFEE0, 0xFEE0, 0xFEE0, 0xFEE0, 0xFEE0, 0xFEE0,
  0xFEE0, 0xFEE0, 0xFEE0, 0xFEE0, 0xFEE0, 0xFEE0, 0xFEE0, 0xFEE0,
  0xFEE0, 0x0000, 0x0000, 0x0000, 0x0000, 0x0000, 0x0000, 0x0000,
  0x0000, 0x0000, 0x0000, 0x0000, 0x0000, 0x0000, 0x0000, 0x0000,
  0x0000, 0x0000, 0x0000, 0x0000, 0x0000, 0x0000, 0x0000, 0x0000,
  0x0000, 0x0000, 0x0000, 0x0000, 0x0000, 0x0000, 0x0000, 0x0000,
  0x0000, 0x0000, 0x0000, 0x0000, 0x0000, 0x0000, 0x0000, 0x0000,
  0x0000, 0x0000, 0x0000, 0x0000, 0x0000, 0x0000, 0x0000, 0x0000,
  0x0000, 0x0000, 0xFEE0, 0xFEE0, 0xFEE0, 0xFEE0, 0xFEE0, 0xFEE0,
  0xFEE0, 0xFEE0, 0xFEE0, 0xFEE0, 0xFEE0, 0xFEE0, 0xFEE0, 0x0000,
  0x0000, 0x0000, 0x0000, 0x0000, 0x0000, 0x0000, 0x0000, 0x0000,
  0x0000, 0x0000, 0x0000, 0x0000, 0x0000, 0x0000, 0x0000, 0x0000,
  0x0000, 0x0000, 0x0000, 0x0000, 0x0000, 0x0000, 0x0000, 0x0000,
  0x0000, 0x0000, 0x0000, 0x0000, 0x0000, 0x0000, 0x0000, 0x0000,
  0x0000, 0x0000, 0x0000, 0x0000, 0x0000, 0x0000, 0x0000, 0x0000,
  0x0000, 0x0000, 0x0000, 0x0000, 0x0000, 0x0000, 0x0000, 0x0000,
  0x0000, 0x0000, 0x0000, 0x0000, 0x0000, 0xFEE0, 0xFEE0, 0xFEE0,
  0xFEE0, 0xFEE0, 0xFEE0, 0xFEE0, 0x0000, 0x0000, 0x0000, 0x0000,
  0x0000, 0x0000, 0x0000, 0x0000, 0x0000, 0x0000, 0x0000, 0x0000,
  0x0000, 0x0000, 0x0000, 0x0000, 0x0000, 0x0000, 0x0000, 0x0000,
  0x0000, 0x0000, 0x0000, 0x0000, 0x0000, 0x0000, 0x0000, 0x0000,
  0x0000, 0x0000, 0x0000, 0x0000, 0x0000, 0x0000, 0x0000, 0x0000,
  0x0000, 0x0000, 0x0000, 0x0000, 0x0000, 0x0000, 0x0000, 0x0000,
  0x0000, 0x0000, 0x0000, 0x0000, 0x0000, 0x0000, 0x0000, 0x0000,
  0x0000, 0x0000, 0x0000, 0x0000, 0x0000, 0x0000, 0x0000, 0x0000,
  0x0000, 0x0000, 0x0000, 0x0000, 0x0000, 0x0000, 0x0000, 0x0000,
  0x0000, 0x0000, 0x0000, 0x0000, 0x0000, 0x0000, 0x0000, 0x0000,
  0x0000, 0x0000, 0x0000, 0x0000, 0x0000, 0x0000, 0x0000, 0x0000,
  0x0000, 0x0000, 0x0000, 0x0000, 0x0000, 0x0000, 0x0000, 0x0000,
  0x0000, 0x0000, 0x0000, 0x0000, 0x0000, 0x0000, 0x0000, 0x0000,
  0x0000, 0x0000, 0x0000, 0x0000, 0x0000, 0x0000, 0x0000, 0x0000,
  0x0000, 0x0000, 0x0000, 0x0000, 0x0000, 0x0000, 0x0000, 0x0000,
  0xB460, 0xB460, 0x0000, 0x0000, 0x0000, 0x0000, 0x0000, 0x0000,
  0x0000, 0x0000, 0x0000, 0x0000, 0x0000, 0x0000, 0x0000, 0xB460,
  0xB460, 0x0000, 0x0000, 0x0000, 0x0000, 0x0000, 0x0000, 0x0000,
  0x0000, 0x0000, 0x0000, 0x0000, 0x0000, 0x0000, 0x0000, 0x0000,
  0x0000, 0x0000, 0x0000, 0x0000, 0x0000, 0x0000, 0x0000, 0x0000,
  0x0000, 0x0000, 0x0000, 0x0000, 0x0000, 0x0000, 0x0000, 0x0000,
  0x0000, 0x0000, 0x0000, 0x0000, 0x0000, 0x0000, 0x0000, 0x0000,
  0x0000, 0x0000, 0x0000, 0x0000, 0x0000, 0x0000, 0x0000, 0x0000,
  0xB460, 0xB460, 0x0000, 0x0000, 0x0000, 0x0000, 0x0000, 0x0000,
  0x0000, 0x0000, 0x0000, 0x0000, 0x0000, 0x0000, 0x0000, 0xB460,
  0xB460, 0x0000, 0x0000, 0x0000, 0x0000, 0x0000, 0x0000, 0x0000,
  0x0000, 0x0000, 0x0000, 0x0000, 0x0000, 0x0000, 0x0000, 0x0000,
  0x0000, 0x0000, 0x0000, 0x0000, 0x0000, 0x0000, 0x0000, 0x0000,
  0x0000, 0x0000, 0x0000, 0x0000, 0x0000, 0x0000, 0x0000, 0x0000,
  0x0000, 0x0000, 0x0000, 0x0000, 0x0000, 0x0000, 0x0000, 0x0000,
  0x0000, 0x0000, 0x0000, 0x0000, 0x0000, 0x0000, 0x0000, 0xB460,
  0xB460, 0x0000, 0x0000, 0x0000, 0x0000, 0x0000, 0x0000, 0x0000,
  0x0000, 0x0000, 0x0000, 0x0000, 0x0000, 0x0000, 0x0000, 0x0000,
  0xB460, 0xB460, 0x0000, 0x0000, 0x0000, 0x0000, 0x0000, 0x0000,
  0x0000, 0x0000, 0x0000, 0x0000, 0x0000, 0x0000, 0x0000, 0x0000,
  0x0000, 0x0000, 0x0000, 0x0000, 0x0000, 0x0000, 0x0000, 0x0000,
  0x0000, 0x0000, 0x0000, 0x0000, 0x0000, 0x0000, 0x0000, 0x0000,
  0x0000, 0x0000, 0x0000, 0x0000, 0x0000, 0x0000, 0x0000, 0x0000,
  0x0000, 0x0000, 0x0000, 0x0000, 0x0000, 0x0000, 0x0000, 0xB460,
  0xB460, 0x0000, 0x0000, 0x0000, 0x0000, 0x0000, 0x0000, 0x0000,
  0x0000, 0x0000, 0x0000, 0x0000, 0x0000, 0x0000, 0x0000, 0x0000,
  0xB460, 0xB460, 0x0000, 0x0000, 0x0000, 0x0000, 0x0000, 0x0000,
  0x0000, 0x0000, 0x0000, 0x0000, 0x0000, 0x0000, 0x0000, 0x0000,
  0x0000, 0x0000, 0x0000, 0x0000, 0x0000, 0x0000, 0x0000, 0x0000,
  0x0000, 0x0000, 0x0000, 0x0000, 0x0000, 0x0000, 0x0000, 0x0000,
  0x0000, 0x0000, 0x0000, 0x0000, 0x0000, 0x0000, 0x0000, 0x0000,
  0x0000, 0x0000, 0x0000, 0x0000, 0x0000, 0x0000, 0x0000, 0xB460,
  0x0000, 0x0000, 0x0000, 0x0000, 0x0000, 0x0000, 0x0000, 0x0000,
  0x0000, 0x0000, 0x0000, 0x0000, 0x0000, 0x0000, 0x0000, 0x0000,
  0x0000, 0xB460, 0x0000, 0x0000, 0x0000, 0x0000, 0x0000, 0x0000,
  0x0000, 0x0000, 0x0000, 0x0000, 0x0000, 0x0000, 0x0000, 0x0000,
  0x0000, 0x0000, 0x0000, 0x0000, 0x0000, 0x0000, 0x0000, 0x0000,
  0x0000, 0x0000, 0x0000, 0x0000, 0x0000, 0x0000, 0x0000, 0x0000,
  0x0000, 0x0000, 0x0000, 0x0000, 0x0000, 0x0000, 0x0000, 0x0000,
  0x0000, 0x0000, 0x0000, 0x0000, 0x0000, 0x0000, 0xB460, 0xB460,
  0x0000, 0x0000, 0x0000, 0x0000, 0x0000, 0x0000, 0x0000, 0x0000,
  0x0000, 0x0000, 0x0000, 0x0000, 0x0000, 0x0000, 0x0000, 0x0000,
  0x0000, 0xB460, 0xB460, 0x0000, 0x0000, 0x0000, 0x0000, 0x0000,
  0x0000, 0x0000, 0x0000, 0x0000, 0x0000, 0x0000, 0x0000, 0x0000,
  0x0000, 0x0000, 0x0000, 0x0000, 0x0000, 0x0000, 0x0000, 0x0000,
  0x0000, 0x0000, 0x0000, 0x0000, 0x0000, 0x0000, 0x0000, 0x0000,
  0x0000, 0x0000, 0x0000, 0x0000, 0x0000, 0x0000, 0x0000, 0x0000,
  0x0000, 0x0000, 0x0000, 0x0000, 0x0000, 0x0000, 0xB460, 0xB460,
  0x0000, 0x0000, 0x0000, 0x0000, 0x0000, 0x0000, 0x0000, 0x0000,
  0x0000, 0x0000, 0x0000, 0x0000, 0x0000, 0x0000, 0x0000, 0x0000,
  0x0000, 0xB460, 0xB460, 0x0000, 0x0000, 0x0000, 0x0000, 0x0000,
  0x0000, 0x0000, 0x0000, 0x0000, 0x0000, 0x0000, 0x0000, 0x0000,
  0x0000, 0x0000, 0x0000, 0x0000, 0x0000, 0x0000, 0x0000, 0x0000,
  0x0000, 0x0000, 0x0000, 0x0000, 0x0000, 0x0000, 0x0000, 0x0000,
  0x0000, 0x0000, 0x0000, 0x0000, 0x0000, 0x0000, 0x0000, 0x0000,
  0x0000, 0x0000, 0x0000, 0x0000, 0x0000, 0xB460, 0xB460, 0x0000,
  0x0000, 0x0000, 0x0000, 0x0000, 0x0000, 0x0000, 0x0000, 0x0000,
  0x0000, 0x0000, 0x0000, 0x0000, 0x0000, 0x0000, 0x0000, 0x0000,
  0x0000, 0x0000, 0xB460, 0xB460, 0x0000, 0x0000, 0x0000, 0x0000,
  0x0000, 0x0000, 0x0000, 0x0000, 0x0000, 0x0000, 0x0000, 0x0000,
  0x0000, 0x0000, 0x0000, 0x0000, 0x0000, 0x0000, 0x0000, 0x0000,
  0x0000, 0x0000, 0x0000, 0x0000, 0x0000, 0x0000, 0x0000, 0x0000,
  0x0000, 0x0000, 0x0000, 0x0000, 0x0000, 0x0000, 0x0000, 0x0000,
  0x0000, 0x0000, 0x0000, 0x0000, 0x0000, 0xB460, 0xB460, 0x0000,
  0x0000, 0x0000, 0x0000, 0x0000, 0x0000, 0x0000, 0x0000, 0x0000,
  0x0000, 0x0000, 0x0000, 0x0000, 0x0000, 0x0000, 0x0000, 0x0000,
  0x0000, 0x0000, 0xB460, 0xB460, 0x0000, 0x0000, 0x0000, 0x0000,
  0x0000, 0x0000, 0x0000, 0x0000, 0x0000, 0x0000, 0x0000, 0x0000,
  0x0000, 0x0000, 0x0000, 0x0000, 0x0000, 0x0000, 0x0000, 0x0000,
  0x0000, 0x0000, 0x0000, 0x0000, 0x0000, 0x0000, 0x0000, 0x0000,
  0x0000, 0x0000, 0x0000, 0x0000, 0x0000, 0x0000, 0x0000, 0x0000,
  0x0000, 0x0000, 0x0000, 0x0000, 0x0000, 0x0000, 0x0000, 0x0000,
  0x0000, 0x0000, 0x0000, 0x0000, 0x0000, 0x0000, 0x0000, 0x0000,
  0x0000, 0x0000, 0x0000, 0x0000, 0x0000, 0x0000, 0x0000, 0x0000,
  0x0000, 0x0000, 0x0000, 0x0000, 0x0000, 0x0000, 0x0000, 0x0000,
  0x0000, 0x0000, 0x0000, 0x0000, 0x0000, 0x0000, 0x0000, 0x0000,
  0x0000, 0x0000, 0x0000, 0x0000, 0x0000, 0x0000, 0x0000, 0x0000,
  0x0000, 0x0000, 0x0000, 0x0000, 0x0000, 0x0000, 0x0000, 0x0000,
  0x0000, 0x0000, 0x0000, 0x0000, 0x0000, 0x0000, 0x0000, 0x0000,
  0x0000, 0x0000, 0x0000, 0x0000, 0x0000, 0x0000, 0x0000, 0x0000,
  0x0000, 0x0000, 0x0000, 0x0000, 0x0000, 0x0000, 0x0000, 0x0000,
  0x0000, 0x0000, 0x0000, 0x0000, 0x0000, 0x0000, 0x0000, 0x0000,
  0x0000, 0x0000, 0x0000, 0x0000, 0x0000, 0x0000, 0x0000, 0x0000,
  0x0000, 0x0000, 0x0000, 0x0000, 0x0000, 0x0000, 0x0000, 0x0000,
  0x0000, 0x0000, 0x0000, 0x0000, 0x0000, 0x0000, 0x0000, 0x0000,
  0x0000, 0x0000, 0x0000, 0x0000, 0x0000, 0x0000, 0x0000, 0x0000,
  0x0000, 0x0000, 0x0000, 0x0000, 0x0000, 0x0000, 0x0000, 0x0000,
  0x0000, 0x0000, 0x0000, 0x0000, 0x0000, 0x0000, 0x0000, 0x0000,
  0x0000, 0x0000, 0x0000, 0x0000, 0x0000, 0x0000, 0x0000, 0x0000,
  0x0000, 0x0000, 0x0000, 0x0000, 0x0000, 0x0000, 0x0000, 0x0000,
  0x0000, 0x0000, 0x0000, 0x0000, 0x0000, 0x0000, 0x0000, 0x0000,
  0x0000, 0x0000, 0x0000, 0x0000, 0x0000, 0x0000, 0x0000, 0x0000,
  0x0000, 0x0000, 0x0000, 0x0000, 0x0000, 0x0000, 0x0000, 0x0000,
  0x0000, 0x0000, 0x0000, 0x0000, 0x0000, 0x0000, 0x0000, 0x0000,
  0x0000, 0x0000, 0x0000, 0x0000, 0x0000, 0x0000, 0x0000, 0x0000,
  0x0000, 0x0000, 0x0000, 0x0000, 0x0000, 0x0000, 0x0000, 0x0000,
  0x0000, 0x0000, 0x0000, 0x0000, 0x0000, 0x0000, 0x0000, 0x0000,
  0x0000, 0x0000, 0x0000, 0x0000, 0x0000, 0x0000, 0x0000, 0x0000,
  0x0000, 0x0000, 0x0000, 0x0000, 0x0000, 0x0000, 0x0000, 0x0000,
  0x0000, 0x0000, 0x0000, 0x0000, 0x0000, 0x0000, 0x0000, 0x0000,
  0x0000, 0x0000, 0x0000, 0x0000, 0x0000, 0x0000, 0x0000, 0x0000,
  0x0000, 0x0000, 0x0000, 0x0000, 0x0000, 0x0000, 0x0000, 0x0000,
  0x0000, 0x0000, 0x0000, 0x0000, 0x0000, 0x0000, 0x0000, 0x0000,
  0x0000, 0x0000, 0x0000, 0x0000, 0x0000, 0x0000, 0x0000, 0x0000,
  0x0000, 0x0000, 0x0000, 0x0000, 0x0000, 0x0000, 0x0000, 0x0000,
  0x0000, 0x0000, 0x0000, 0x0000, 0x0000, 0x0000, 0x0000, 0x0000,
  0x0000, 0x0000, 0x0000, 0x0000, 0x0000, 0x0000, 0x0000, 0x0000,
  0x0000, 0x0000, 0x0000, 0x0000, 0x0000, 0x0000, 0x0000, 0x0000,
  0x0000, 0x0000, 0x0000, 0x0000, 0x0000, 0x0000, 0x0000, 0x0000,
  0x0000, 0x0000, 0x0000, 0x0000, 0x0000, 0x0000, 0x0000, 0x0000,
  0x0000, 0x0000, 0x0000, 0x0000, 0x0000, 0x0000, 0x0000, 0x0000,
  0x0000, 0x0000, 0x0000, 0x0000, 0x0000, 0x0000, 0x0000, 0x0000,
  0x0000, 0x0000, 0x0000, 0x0000, 0x0000, 0x0000, 0x0000, 0x0000,
  0x0000, 0x0000, 0x0000, 0x0000, 0x0000, 0x0000, 0x0000, 0x0000,
  0x0000, 0x0000, 0x0000, 0x0000, 0x0000, 0x0000, 0x0000, 0x0000,
  0x0000, 0x0000, 0x0000, 0x0000, 0x0000, 0x0000, 0x0000, 0x0000,
  0x0000, 0x0000, 0x0000, 0x0000, 0x0000, 0x0000, 0x0000, 0x0000,
};

static const uint16_t icon_few_clouds[4096] PROGMEM = {
  0x0000, 0x0000, 0x0000, 0x0000, 0x0000, 0x0000, 0x0000, 0x0000,
  0x0000, 0x0000, 0x0000, 0x0000, 0x0000, 0x0000, 0x0000, 0x0000,
  0x0000, 0x0000, 0x0000, 0x0000, 0x0000, 0x0000, 0x0000, 0x0000,
  0x0000, 0x0000, 0x0000, 0x0000, 0x0000, 0x0000, 0x0000, 0x0000,
  0x0000, 0x0000, 0x0000, 0x0000, 0x0000, 0x0000, 0x0000, 0x0000,
  0x0000, 0x0000, 0x0000, 0x0000, 0x0000, 0x0000, 0x0000, 0x0000,
  0x0000, 0x0000, 0x0000, 0x0000, 0x0000, 0x0000, 0x0000, 0x0000,
  0x0000, 0x0000, 0x0000, 0x0000, 0x0000, 0x0000, 0x0000, 0x0000,
  0x0000, 0x0000, 0x0000, 0x0000, 0x0000, 0x0000, 0x0000, 0x0000,
  0x0000, 0x0000, 0x0000, 0x0000, 0x0000, 0x0000, 0x0000, 0x0000,
  0x0000, 0x0000, 0x0000, 0x0000, 0x0000, 0x0000, 0x0000, 0x0000,
  0x0000, 0x0000, 0x0000, 0x0000, 0x0000, 0x0000, 0x0000, 0x0000,
  0x0000, 0x0000, 0x0000, 0x0000, 0x0000, 0x0000, 0x0000, 0x0000,
  0x0000, 0x0000, 0x0000, 0x0000, 0x0000, 0x0000, 0x0000, 0x0000,
  0x0000, 0x0000, 0x0000, 0x0000, 0x0000, 0x0000, 0x0000, 0x0000,
  0x0000, 0x0000, 0x0000, 0x0000, 0x0000, 0x0000, 0x0000, 0x0000,
  0x0000, 0x0000, 0x0000, 0x0000, 0x0000, 0x0000, 0x0000, 0x0000,
  0x0000, 0x0000, 0x0000, 0x0000, 0x0000, 0x0000, 0x0000, 0x0000,
  0x0000, 0x0000, 0x0000, 0x0000, 0x0000, 0x0000, 0x0000, 0x0000,
  0x0000, 0x0000, 0x0000, 0x0000, 0x0000, 0x0000, 0x0000, 0x0000,
  0x0000, 0x0000, 0x0000, 0x0000, 0x0000, 0x0000, 0x0000, 0x0000,
  0x0000, 0x0000, 0x0000, 0x0000, 0x0000, 0x0000, 0x0000, 0x0000,
  0x0000, 0x0000, 0x0000, 0x0000, 0x0000, 0x0000, 0x0000, 0x0000,
  0x0000, 0x0000, 0x0000, 0x0000, 0x0000, 0x0000, 0x0000, 0x0000,
  0x0000, 0x0000, 0x0000, 0x0000, 0x0000, 0x0000, 0x0000, 0x0000,
  0x0000, 0x0000, 0x0000, 0x0000, 0x0000, 0x0000, 0x0000, 0x0000,
  0x0000, 0x0000, 0x0000, 0x0000, 0x0000, 0x0000, 0x0000, 0x0000,
  0x0000, 0x0000, 0x0000, 0x0000, 0x0000, 0x0000, 0x0000, 0x0000,
  0x0000, 0x0000, 0x0000, 0x0000, 0x0000, 0x0000, 0x0000, 0x0000,
  0x0000, 0x0000, 0x0000, 0x0000, 0x0000, 0x0000, 0x0000, 0x0000,
  0x0000, 0x0000, 0x0000, 0x0000, 0x0000, 0x0000, 0x0000, 0x0000,
  0x0000, 0x0000, 0x0000, 0x0000, 0x0000, 0x0000, 0x0000, 0x0000,
  0x0000, 0x0000, 0x0000, 0x0000, 0x0000, 0x0000, 0x0000, 0x0000,
  0x0000, 0x0000, 0x0000, 0x0000, 0x0000, 0x0000, 0x0000, 0x0000,
  0x0000, 0x0000, 0x0000, 0x0000, 0x0000, 0x0000, 0x0000, 0x0000,
  0x0000, 0x0000, 0x0000, 0x0000, 0x0000, 0x0000, 0x0000, 0x0000,
  0x0000, 0x0000, 0x0000, 0x0000, 0x0000, 0x0000, 0x0000, 0x0000,
  0x0000, 0x0000, 0x0000, 0x0000, 0x0000, 0x0000, 0x0000, 0x0000,
  0x0000, 0x0000, 0x0000, 0x0000, 0x0000, 0x0000, 0x0000, 0x0000,
  0x0000, 0x0000, 0x0000, 0x0000, 0x0000, 0x0000, 0x0000, 0x0000,
  0x0000, 0x0000, 0x0000, 0x0000, 0x0000, 0x0000, 0x0000, 0x0000,
  0x0000, 0x0000, 0x0000, 0x0000, 0x0000, 0x0000, 0x0000, 0x0000,
  0x0000, 0x0000, 0x0000, 0x0000, 0x0000, 0x0000, 0x0000, 0x0000,
  0x0000, 0x0000, 0x0000, 0x0000, 0x0000, 0x0000, 0x0000, 0x0000,
  0x0000, 0x0000, 0x0000, 0x0000, 0x0000, 0x0000, 0x0000, 0x0000,
  0x0000, 0x0000, 0x0000, 0x0000, 0x0000, 0x0000, 0x0000, 0x0000,
  0x0000, 0x0000, 0x0000, 0x0000, 0x0000, 0x0000, 0x0000, 0x0000,
  0x0000, 0x0000, 0x0000, 0x0000, 0x0000, 0x0000, 0x0000, 0x0000,
  0x0000, 0x0000, 0x0000, 0x0000, 0x0000, 0x0000, 0x0000, 0x0000,
  0x0000, 0x0000, 0x0000, 0x0000, 0x0000, 0x0000, 0x0000, 0x0000,
  0x0000, 0x0000, 0x0000, 0x0000, 0x0000, 0x0000, 0x0000, 0x0000,
  0x0000, 0x0000, 0x0000, 0x0000, 0x0000, 0x0000, 0x0000, 0x0000,
  0x0000, 0x0000, 0x0000, 0x0000, 0x0000, 0x0000, 0x0000, 0x0000,
  0x0000, 0x0000, 0x0000, 0x0000, 0x0000, 0x0000, 0x0000, 0x0000,
  0x0000, 0x0000, 0x0000, 0x0000, 0x0000, 0x0000, 0x0000, 0x0000,
  0x0000, 0x0000, 0x0000, 0x0000, 0x0000, 0x0000, 0x0000, 0x0000,
  0x0000, 0x0000, 0x0000, 0x0000, 0x0000, 0x0000, 0x0000, 0x0000,
  0x0000, 0x0000, 0x0000, 0x0000, 0x0000, 0x0000, 0x0000, 0x0000,
  0x0000, 0x0000, 0x0000, 0x0000, 0x0000, 0x0000, 0x0000, 0x0000,
  0x0000, 0x0000, 0x0000, 0x0000, 0x0000, 0x0000, 0x0000, 0x0000,
  0x0000, 0x0000, 0x0000, 0x0000, 0x0000, 0x0000, 0x0000, 0x0000,
  0x0000, 0x0000, 0x0000, 0x0000, 0x0000, 0x0000, 0x0000, 0x0000,
  0x0000, 0x0000, 0x0000, 0x0000, 0x0000, 0x0000, 0x0000, 0x0000,
  0x0000, 0x0000, 0x0000, 0x0000, 0x0000, 0x0000, 0x0000, 0x0000,
  0x0000, 0x0000, 0x0000, 0x0000, 0x0000, 0x0000, 0x0000, 0x0000,
  0x0000, 0x0000, 0x0000, 0x0000, 0x0000, 0x0000, 0x0000, 0x0000,
  0x0000, 0x0000, 0x0000, 0x0000, 0x0000, 0x0000, 0x0000, 0x0000,
  0x0000, 0x0000, 0x0000, 0x0000, 0x0000, 0x0000, 0x0000, 0x0000,
  0x0000, 0x0000, 0x0000, 0x0000, 0x0000, 0x0000, 0x0000, 0x0000,
  0x0000, 0x0000, 0x0000, 0x0000, 0x0000, 0x0000, 0x0000, 0x0000,
  0x0000, 0x0000, 0x0000, 0x0000, 0x0000, 0x0000, 0x0000, 0x0000,
  0x0000, 0x0000, 0x0000, 0x0000, 0x0000, 0x0000, 0x0000, 0x0000,
  0x0000, 0x0000, 0x0000, 0x0000, 0x0000, 0x0000, 0x0000, 0x0000,
  0x0000, 0x0000, 0x0000, 0x0000, 0x0000, 0x0000, 0xB460, 0xB460,
  0x0000, 0x0000, 0x0000, 0x0000, 0x0000, 0x0000, 0x0000, 0x0000,
  0x0000, 0x0000, 0x0000, 0xB460, 0xB460, 0x0000, 0x0000, 0x0000,
  0x0000, 0x0000, 0x0000, 0x0000, 0x0000, 0x0000, 0x0000, 0x0000,
  0x0000, 0x0000, 0x0000, 0x0000, 0x0000, 0x0000, 0x0000, 0x0000,
  0x0000, 0x0000, 0x0000, 0x0000, 0x0000, 0x0000, 0x0000, 0x0000,
  0x0000, 0x0000, 0x0000, 0x0000, 0x0000, 0x0000, 0x0000, 0x0000,
  0x0000, 0x0000, 0x0000, 0x0000, 0x0000, 0x0000, 0x0000, 0x0000,
  0x0000, 0x0000, 0x0000, 0x0000, 0x0000, 0x0000, 0xB460, 0xB460,
  0x0000, 0x0000, 0x0000, 0x0000, 0x0000, 0x0000, 0x0000, 0x0000,
  0x0000, 0x0000, 0x0000, 0xB460, 0xB460, 0x0000, 0x0000, 0x0000,
  0x0000, 0x0000, 0x0000, 0x0000, 0x0000, 0x0000, 0x0000, 0x0000,
  0x0000, 0x0000, 0x0000, 0x0000, 0x0000, 0x0000, 0x0000, 0x0000,
  0x0000, 0x0000, 0x0000, 0x0000, 0x0000, 0x0000, 0x0000, 0x0000,
  0x0000, 0x0000, 0x0000, 0x0000, 0x0000, 0x0000, 0x0000, 0x0000,
  0x0000, 0x0000, 0x0000, 0x0000, 0x0000, 0x0000, 0x0000, 0x0000,
  0x0000, 0x0000, 0x0000, 0x0000, 0x0000, 0x0000, 0x0000, 0xB460,
  0xB460, 0x0000, 0x0000, 0x0000, 0x0000, 0x0000, 0x0000, 0x0000,
  0x0000, 0x0000, 0xB460, 0xB460, 0x0000, 0x0000, 0x0000, 0x0000,
  0x0000, 0x0000, 0x0000, 0x0000, 0x0000, 0x0000, 0x0000, 0x0000,
  0x0000, 0x0000, 0x0000, 0x0000, 0x0000, 0x0000, 0x0000, 0x0000,
  0x0000, 0x0000, 0x0000, 0x0000, 0x0000, 0x0000, 0x0000, 0x0000,
  0x0000, 0x0000, 0x0000, 0x0000, 0x0000, 0x0000, 0x0000, 0x0000,
  0x0000, 0x0000, 0x0000, 0x0000, 0x0000, 0x0000, 0x0000, 0x0000,
  0x0000, 0x0000, 0x0000, 0x0000, 0x0000, 0x0000, 0x0000, 0xB460,
  0xB460, 0x0000, 0x0000, 0x0000, 0x0000, 0x0000, 0x0000, 0x0000,
  0x0000, 0x0000, 0xB460, 0xB460, 0x0000, 0x0000, 0x0000, 0x0000,
  0x0000, 0x0000, 0x0000, 0x0000, 0x0000, 0x0000, 0x0000, 0x0000,
  0x0000, 0x0000, 0x0000, 0x0000, 0x0000, 0x0000, 0x0000, 0x0000,
  0x0000, 0x0000, 0x0000, 0x0000, 0x0000, 0x0000, 0x0000, 0x0000,
  0x0000, 0x0000, 0x0000, 0x0000, 0x0000, 0x0000, 0x0000, 0x0000,
  0x0000, 0x0000, 0x0000, 0x0000, 0x0000, 0x0000, 0x0000, 0x0000,
  0x0000, 0x0000, 0x0000, 0x0000, 0x0000, 0x0000, 0x0000, 0xB460,
  0xB460, 0x0000, 0x0000, 0x0000, 0x0000, 0x0000, 0x0000, 0x0000,
  0x0000, 0x0000, 0xB460, 0xB460, 0x0000, 0x0000, 0x0000, 0x0000,
  0x0000, 0x0000, 0x0000, 0x0000, 0x0000, 0x0000, 0x0000, 0x0000,
  0x0000, 0x0000, 0x0000, 0x0000, 0x0000, 0x0000, 0x0000, 0x0000,
  0x0000, 0x0000, 0x0000, 0x0000, 0x0000, 0x0000, 0x0000, 0x0000,
  0x0000, 0x0000, 0x0000, 0x0000, 0x0000, 0x0000, 0x0000, 0x0000,
  0x0000, 0x0000, 0x0000, 0x0000, 0x0000, 0x0000, 0x0000, 0x0000,
  0x0000, 0x0000, 0x0000, 0x0000, 0x0000, 0x0000, 0x0000, 0x0000,
  0xB460, 0xB460, 0x0000, 0x0000, 0x0000, 0x0000, 0x0000, 0x0000,
  0x0000, 0xB460, 0xB460, 0x0000, 0x0000, 0x0000, 0x0000, 0x0000,
  0x0000, 0x0000, 0x0000, 0x0000, 0x0000, 0x0000, 0x0000, 0x0000,
  0x0000, 0x0000, 0x0000, 0x0000, 0x0000, 0x0000, 0x0000, 0x0000,
  0x0000, 0x0000, 0x0000, 0x0000, 0x0000, 0x0000, 0x0000, 0x0000,
  0x0000, 0x0000, 0x0000, 0x0000, 0x0000, 0x0000, 0x0000, 0x0000,
  0x0000, 0x0000, 0x0000, 0x0000, 0x0000, 0x0000, 0x0000, 0x0000,
  0x0000, 0x0000, 0x0000, 0x0000, 0x0000, 0x0000, 0x0000, 0x0000,
  0xB460, 0xB460, 0x0000, 0x0000, 0x0000, 0x0000, 0x0000, 0x0000,
  0x0000, 0xB460, 0xB460, 0x0000, 0x0000, 0x0000, 0x0000, 0x0000,
  0x0000, 0x0000, 0x0000, 0x0000, 0x0000, 0x0000, 0x0000, 0x0000,
  0x0000, 0x0000, 0x0000, 0x0000, 0x0000, 0x0000, 0x0000, 0x0000,
  0x0000, 0x0000, 0x0000, 0x0000, 0x0000, 0x0000, 0x0000, 0x0000,
  0x0000, 0x0000, 0x0000, 0x0000, 0x0000, 0x0000, 0x0000, 0x0000,
  0x0000, 0x0000, 0x0000, 0x0000, 0x0000, 0x0000, 0x0000, 0x0000,
  0x0000, 0x0000, 0x0000, 0x0000, 0x0000, 0x0000, 0x0000, 0x0000,
  0x0000, 0x0000, 0x0000, 0xFEE0, 0xFEE0, 0xFEE0, 0xFEE0, 0xFEE0,
  0xFEE0, 0xFEE0, 0x0000, 0x0000, 0x0000, 0x0000, 0x0000, 0x0000,
  0x0000, 0x0000, 0x0000, 0x0000, 0x0000, 0x0000, 0x0000, 0x0000,
  0x0000, 0x0000, 0x0000, 0x0000, 0x0000, 0x0000, 0x0000, 0x0000,
  0x0000, 0x0000, 0x0000, 0x0000, 0x0000, 0x0000, 0x0000, 0x0000,
  0x0000, 0x0000, 0x0000, 0x0000, 0x0000, 0x0000, 0x0000, 0x0000,
  0x0000, 0x0000, 0x0000, 0x0000, 0x0000, 0x0000, 0x0000, 0x0000,
  0x0000, 0x0000, 0x0000, 0x0000, 0x0000, 0x0000, 0x0000, 0x0000,
  0x0000, 0xFEE0, 0xFEE0, 0xFEE0, 0xFEE0, 0xFEE0, 0xFEE0, 0xFEE0,
  0xFEE0, 0xFEE0, 0xFEE0, 0xFEE0, 0x0000, 0x0000, 0x0000, 0x0000,
  0x0000, 0x0000, 0x0000, 0x0000, 0x0000, 0x0000, 0x0000, 0x0000,
  0x0000, 0x0000, 0x0000, 0x0000, 0x0000, 0x0000, 0x0000, 0x0000,
  0x0000, 0x0000, 0x0000, 0x0000, 0x0000, 0x0000, 0x0000, 0x0000,
  0x0000, 0x0000, 0x0000, 0x0000, 0x0000, 0x0000, 0x0000, 0x0000,
  0x0000, 0x0000, 0x0000, 0x0000, 0x0000, 0xB460, 0x0000, 0x0000,
  0x0000, 0x0000, 0x0000, 0x0000, 0x0000, 0x0000, 0x0000, 0x0000,
  0xFEE0, 0xFEE0, 0xFEE0, 0xFEE0, 0xFEE0, 0xFEE0, 0xFEE0, 0xFEE0,
  0xFEE0, 0xFEE0, 0xFEE0, 0xFEE0, 0xFEE0, 0x0000, 0x0000, 0x0000,
  0x0000, 0x0000, 0x0000, 0x0000, 0x0000, 0x0000, 0x0000, 0x0000,
  0x0000, 0x0000, 0x0000, 0x0000, 0x0000, 0x0000, 0x0000, 0x0000,
  0x0000, 0x0000, 0x0000, 0x0000, 0x0000, 0x0000, 0x0000, 0x0000,
  0x0000, 0x0000, 0x0000, 0x0000, 0x0000, 0x0000, 0x0000, 0x0000,
  0x0000, 0x0000, 0x0000, 0x0000, 0x0000, 0xB460, 0xB460, 0xB460,
  0xB460, 0x0000, 0x0000, 0x0000, 0x0000, 0x0000, 0x0000, 0xFEE0,
  0xFEE0, 0xFEE0, 0xFEE0, 0xFEE0, 0xFEE0, 0xFEE0, 0xFEE0, 0xFEE0,
  0xFEE0, 0xFEE0, 0xFEE0, 0xFEE0, 0xFEE0, 0xFEE0, 0x0000, 0x0000,
  0x0000, 0x0000, 0x0000, 0x0000, 0x0000, 0x0000, 0xB460, 0x0000,
  0x0000, 0x0000, 0x0000, 0x0000, 0x0000, 0x0000, 0x0000, 0x0000,
  0x0000, 0x0000, 0x0000, 0x0000, 0x0000, 0x0000, 0x0000, 0x0000,
  0x0000, 0x0000, 0x0000, 0x0000, 0x0000, 0x0000, 0x0000, 0x0000,
  0x0000, 0x0000, 0x0000, 0x0000, 0x0000, 0x0000, 0x0000, 0x0000,
  0xB460, 0xB460, 0xB460, 0xB460, 0x0000, 0x0000, 0xFEE0, 0xFEE0,
  0xFEE0, 0xFEE0, 0xFEE0, 0xFEE0, 0xFEE0, 0xFEE0, 0xFEE0, 0xFEE0,
  0xFEE0, 0xFEE0, 0xFEE0, 0xFEE0, 0xFEE0, 0xFEE0, 0xFEE0, 0x0000,
  0x0000, 0x0000, 0x0000, 0xB460, 0xB460, 0xB460, 0xB460, 0x0000,
  0x0000, 0x0000, 0x0000, 0x0000, 0x0000, 0x0000, 0x0000, 0x0000,
  0x0000, 0x0000, 0x0000, 0x0000, 0x0000, 0x0000, 0x0000, 0x0000,
  0x0000, 0x0000, 0x0000, 0x0000, 0x0000, 0x0000, 0x0000, 0x0000,
  0x0000, 0x0000, 0x0000, 0x0000, 0x0000, 0x0000, 0x0000, 0x0000,
  0x0000, 0x0000, 0x0000, 0xB460, 0x0000, 0xFEE0, 0xFEE0, 0xFEE0,
  0xFEE0, 0xFEE0, 0xFEE0, 0xFEE0, 0xFEE0, 0xFEE0, 0xFEE0, 0xFEE0,
  0xFEE0, 0xFEE0, 0xFEE0, 0xFEE0, 0xFEE0, 0xFEE0, 0xFEE0, 0xFEE0,
  0xB460, 0xB460, 0xB460, 0xB460, 0x0000, 0x0000, 0x0000, 0x0000,
  0x0000, 0x0000, 0x0000, 0x0000, 0x0000, 0x0000, 0x0000, 0x0000,
  0x0000, 0x0000, 0x0000, 0x0000, 0x0000, 0x0000, 0x0000, 0x0000,
  0x0000, 0x0000, 0x0000, 0x0000, 0x0000, 0x0000, 0x0000, 0x0000,
  0x0000, 0x0000, 0x0000, 0x0000, 0x0000, 0x0000, 0x0000, 0x0000,
  0x0000, 0x0000, 0x0000, 0x0000, 0x0000, 0xFEE0, 0xFEE0, 0xFEE0,
  0xFEE0, 0xFEE0, 0xFEE0, 0xFEE0, 0xFEE0, 0xFEE0, 0xFEE0, 0xFEE0,
  0xFEE0, 0xFEE0, 0xFEE0, 0xFEE0, 0xFEE0, 0xFEE0, 0xFEE0, 0xFEE0,
  0xB460, 0x0000, 0x0000, 0x0000, 0x0000, 0x0000, 0xDF3E, 0xDF3E,
  0xDF3E, 0xDF3E, 0xDF3E, 0x0000, 0x0000, 0x0000, 0x0000, 0x0000,
  0x0000, 0x0000, 0x0000, 0x0000, 0x0000, 0x0000, 0x0000, 0x0000,
  0x0000, 0x0000, 0x0000, 0x0000, 0x0000, 0x0000, 0x0000, 0x0000,
  0x0000, 0x0000, 0x0000, 0x0000, 0x0000, 0x0000, 0x0000, 0x0000,
  0x0000, 0x0000, 0x0000, 0x0000, 0xFEE0, 0xFEE0, 0xFEE0, 0xFEE0,
  0xFEE0, 0xFEE0, 0xFEE0, 0xFEE0, 0xFEE0, 0xFEE0, 0xFEE0, 0xFEE0,
  0xFEE0, 0xFEE0, 0xFEE0, 0xFEE0, 0xFEE0, 0xFEE0, 0xFEE0, 0xFEE0,
  0xFEE0, 0x0000, 0x0000, 0x0000, 0xDF3E, 0xDF3E, 0xDF3E, 0xDF3E,
  0xDF3E, 0xDF3E, 0xDF3E, 0xDF3E, 0xDF3E, 0x0000, 0x0000, 0x0000,
  0x0000, 0x0000, 0x0000, 0x0000, 0x0000, 0x0000, 0x0000, 0x0000,
  0x0000, 0x0000, 0x0000, 0x0000, 0x0000, 0x0000, 0x0000, 0x0000,
  0x0000, 0x0000, 0x0000, 0x0000, 0x0000, 0x0000, 0x0000, 0x0000,
  0x0000, 0x0000, 0x0000, 0x0000, 0xFEE0, 0xFEE0, 0xFEE0, 0xFEE0,
  0xFEE0, 0xFEE0, 0xFEE0, 0xFEE0, 0xFEE0, 0xFEE0, 0xFEE0, 0xFEE0,
  0xFEE0, 0xFEE0, 0xFEE0, 0xFEE0, 0xFEE0, 0xFEE0, 0xFEE0, 0xFEE0,
  0xFEE0, 0x0000, 0xDF3E, 0xDF3E, 0xDF3E, 0xDF3E, 0xDF3E, 0xDF3E,
  0xDF3E, 0xDF3E, 0xDF3E, 0xDF3E, 0xDF3E, 0xDF3E, 0xDF3E, 0x0000,
  0x0000, 0x0000, 0x0000, 0x0000, 0x0000, 0x0000, 0x0000, 0x0000,
  0x0000, 0x0000, 0x0000, 0x0000, 0x0000, 0x0000, 0x0000, 0x0000,
  0x0000, 0x0000, 0x0000, 0x0000, 0x0000, 0x0000, 0x0000, 0x0000,
  0x0000, 0x0000, 0x0000, 0x0000, 0xFEE0, 0xFEE0, 0xFEE0, 0xFEE0,
  0xFEE0, 0xFEE0, 0xFEE0, 0xFEE0, 0xFEE0, 0xFEE0, 0xFEE0, 0xFEE0,
  0xFEE0, 0xFEE0, 0xFEE0, 0xFEE0, 0xFEE0, 0xFEE0, 0xFEE0, 0xFEE0,
  0xFEE0, 0xDF3E, 0xDF3E, 0xDF3E, 0xDF3E, 0xDF3E, 0xDF3E, 0xDF3E,
  0xDF3E, 0xDF3E, 0xDF3E, 0xDF3E, 0xDF3E, 0xDF3E, 0xDF3E, 0xDF3E,
  0x0000, 0x0000, 0x0000, 0x0000, 0x0000, 0x0000, 0x0000, 0x0000,
  0x0000, 0x0000, 0x0000, 0x0000, 0x0000, 0x0000, 0x0000, 0x0000,
  0x0000, 0x0000, 0x0000, 0x0000, 0x0000, 0x0000, 0x0000, 0x0000,
  0x0000, 0x0000, 0x0000, 0x0000, 0xFEE0, 0xFEE0, 0xFEE0, 0xFEE0,
  0xFEE0, 0xFEE0, 0xFEE0, 0xFEE0, 0xFEE0, 0xFEE0, 0xFEE0, 0xFEE0,
  0xFEE0, 0xFEE0, 0xFEE0, 0xFEE0, 0xFEE0, 0xFEE0, 0xFEE0, 0xFEE0,
  0xFEE0, 0xDF3E, 0xDF3E, 0xDF3E, 0xDF3E, 0xDF3E, 0xDF3E, 0xDF3E,
  0xDF3E, 0xDF3E, 0xDF3E, 0xDF3E, 0xDF3E, 0xDF3E, 0xDF3E, 0xDF3E,
  0x0000, 0x0000, 0x0000, 0x0000, 0x0000, 0x0000, 0x0000, 0x0000,
  0x0000, 0x0000, 0x0000, 0x0000, 0x0000, 0x0000, 0x0000, 0x0000,
  0x0000, 0x0000, 0x0000, 0x0000, 0x0000, 0x0000, 0x0000, 0x0000,
  0x0000, 0x0000, 0x0000, 0x0000, 0xFEE0, 0xFEE0, 0xFEE0, 0xFEE0,
  0xFEE0, 0xFEE0, 0xFEE0, 0xFEE0, 0xFEE0, 0xFEE0, 0xFEE0, 0xFEE0,
  0xFEE0, 0xFEE0, 0xFEE0, 0xFEE0, 0xFEE0, 0xFEE0, 0xFEE0, 0xFEE0,
  0xDF3E, 0xDF3E, 0xDF3E, 0xDF3E, 0xDF3E, 0xDF3E, 0xDF3E, 0xDF3E,
  0xDF3E, 0xDF3E, 0xDF3E, 0xDF3E, 0xDF3E, 0xDF3E, 0xDF3E, 0xDF3E,
  0xDF3E, 0xDF3E, 0xDF3E, 0x0000, 0x0000, 0x0000, 0x0000, 0x0000,
  0x0000, 0x0000, 0x0000, 0x0000, 0x0000, 0x0000, 0x0000, 0x0000,
  0x0000, 0x0000, 0x0000, 0x0000, 0x0000, 0x0000, 0x0000, 0x0000,
  0x0000, 0x0000, 0x0000, 0x0000, 0xFEE0, 0xFEE0, 0xFEE0, 0xFEE0,
  0xFEE0, 0xFEE0, 0xFEE0, 0xFEE0, 0xFEE0, 0xFEE0, 0xFEE0, 0xFEE0,
  0xFEE0, 0xFEE0, 0xFEE0, 0xFEE0, 0xFEE0, 0xFEE0, 0xFEE0, 0xDF3E,
  0xDF3E, 0xDF3E, 0xDF3E, 0xDF3E, 0xDF3E, 0xDF3E, 0xDF3E, 0xDF3E,
  0xDF3E, 0xDF3E, 0xDF3E, 0xDF3E, 0xDF3E, 0xDF3E, 0xDF3E, 0xDF3E,
  0xDF3E, 0xDF3E, 0xDF3E, 0xDF3E, 0xDF3E, 0x0000, 0x0000, 0x0000,
  0x0000, 0x0000, 0x0000, 0x0000, 0x0000, 0x0000, 0x0000, 0x0000,
  0x0000, 0x0000, 0x0000, 0x0000, 0x0000, 0x0000, 0x0000, 0x0000,
  0x0000, 0x0000, 0x0000, 0xB460, 0xFEE0, 0xFEE0, 0xFEE0, 0xFEE0,
  0xFEE0, 0xFEE0, 0xFEE0, 0xFEE0, 0xFEE0, 0xFEE0, 0xFEE0, 0xFEE0,
  0xFEE0, 0xFEE0, 0xFEE0, 0xFEE0, 0xFEE0, 0xDF3E, 0xDF3E, 0xDF3E,
  0xDF3E, 0xDF3E, 0xDF3E, 0xDF3E, 0xDF3E, 0xDF3E, 0xDF3E, 0xDF3E,
  0xDF3E, 0xDF3E, 0xDF3E, 0xDF3E, 0xDF3E, 0xDF3E, 0xDF3E, 0xDF3E,
  0xDF3E, 0xDF3E, 0xDF3E, 0xDF3E, 0xDF3E, 0xDF3E, 0x0000, 0x0000,
  0x0000, 0x0000, 0x0000, 0x0000, 0x0000, 0x0000, 0x0000, 0x0000,
  0x0000, 0x0000, 0x0000, 0x0000, 0x0000, 0x0000, 0x0000, 0x0000,
  0xB460, 0xB460, 0xB460, 0xB460, 0x0000, 0xFEE0, 0xFEE0, 0xFEE0,
  0xFEE0, 0xFEE0, 0xFEE0, 0xFEE0, 0xFEE0, 0xFEE0, 0xFEE0, 0xFEE0,
  0xFEE0, 0xFEE0, 0xFEE0, 0xFEE0, 0xDF3E, 0xDF3E, 0xDF3E, 0xDF3E,
  0xDF3E, 0xDF3E, 0xDF3E, 0xDF3E, 0xDF3E, 0xDF3E, 0xDF3E, 0xDF3E,
  0xDF3E, 0xDF3E, 0xDF3E, 0xDF3E, 0xDF3E, 0xDF3E, 0xDF3E, 0xDF3E,
  0xDF3E, 0xDF3E, 0xDF3E, 0xDF3E, 0xDF3E, 0xDF3E, 0xDF3E, 0x0000,
  0x0000, 0x0000, 0x0000, 0x0000, 0x0000, 0x0000, 0x0000, 0x0000,
  0x0000, 0x0000, 0x0000, 0x0000, 0x0000, 0xB460, 0xB460, 0xB460,
  0xB460, 0x0000, 0x0000, 0x0000, 0x0000, 0xFEE0, 0xFEE0, 0xFEE0,
  0xFEE0, 0xFEE0, 0xFEE0, 0xFEE0, 0xFEE0, 0xFEE0, 0xFEE0, 0xFEE0,
  0xFEE0, 0xFEE0, 0xFEE0, 0xDF3E, 0xDF3E, 0xDF3E, 0xDF3E, 0xDF3E,
  0xDF3E, 0xDF3E, 0xDF3E, 0xDF3E, 0xDF3E, 0xDF3E, 0xDF3E, 0xDF3E,
  0xDF3E, 0xDF3E, 0xDF3E, 0xDF3E, 0xDF3E, 0xDF3E, 0xDF3E, 0xDF3E,
  0xDF3E, 0xDF3E, 0xDF3E, 0xDF3E, 0xDF3E, 0xDF3E, 0xDF3E, 0x0000,
  0x0000, 0x0000, 0x0000, 0x0000, 0x0000, 0x0000, 0x0000, 0x0000,
  0x0000, 0x0000, 0x0000, 0x0000, 0x0000, 0xB460, 0x0000, 0x0000,
  0x0000, 0x0000, 0x0000, 0x0000, 0x0000, 0x0000, 0xFEE0, 0xFEE0,
  0xFEE0, 0xFEE0, 0xFEE0, 0xFEE0, 0xFEE0, 0xFEE0, 0xFEE0, 0xFEE0,
  0xFEE0, 0xFEE0, 0xFEE0, 0xDF3E, 0xDF3E, 0xDF3E, 0xDF3E, 0xDF3E,
  0xDF3E, 0xDF3E, 0xDF3E, 0xDF3E, 0xDF3E, 0xDF3E, 0xDF3E, 0xDF3E,
  0xDF3E, 0xDF3E, 0xDF3E, 0xDF3E, 0xDF3E, 0xDF3E, 0xDF3E, 0xDF3E,
  0xDF3E, 0xDF3E, 0xDF3E, 0xDF3E, 0xDF3E, 0xDF3E, 0xDF3E, 0xDF3E,
  0x0000, 0x0000, 0x0000, 0x0000, 0x0000, 0x0000, 0x0000, 0x0000,
  0x0000, 0x0000, 0x0000, 0x0000, 0x0000, 0x0000, 0x0000, 0x0000,
  0x0000, 0x0000, 0x0000, 0x0000, 0x0000, 0x0000, 0x0000, 0xFEE0,
  0xFEE0, 0xFEE0, 0xFEE0, 0xFEE0, 0xFEE0, 0xFEE0, 0xFEE0, 0xFEE0,
  0xFEE0, 0xFEE0, 0xDF3E, 0xDF3E, 0xDF3E, 0xDF3E, 0xDF3E, 0xDF3E,
  0xDF3E, 0xDF3E, 0xDF3E, 0xDF3E, 0xDF3E, 0xDF3E, 0xDF3E, 0xDF3E,
  0xDF3E, 0xDF3E, 0xDF3E, 0xDF3E, 0xDF3E, 0xDF3E, 0xDF3E, 0xDF3E,
  0xDF3E, 0xDF3E, 0xDF3E, 0xDF3E, 0xDF3E, 0xDF3E, 0xDF3E, 0xDF3E,
  0x0000, 0x0000, 0x0000, 0x0000, 0x0000, 0x0000, 0x0000, 0x0000,
  0x0000, 0x0000, 0x0000, 0x0000, 0x0000, 0x0000, 0x0000, 0x0000,
  0x0000, 0x0000, 0x0000, 0x0000, 0x0000, 0x0000, 0x0000, 0x0000,
  0xFEE0, 0xFEE0, 0xFEE0, 0xFEE0, 0xFEE0, 0xFEE0, 0xFEE0, 0xFEE0,
  0xFEE0, 0xFEE0, 0xDF3E, 0xDF3E, 0xDF3E, 0xDF3E, 0xDF3E, 0xDF3E,
  0xDF3E, 0xDF3E, 0xDF3E, 0xDF3E, 0xDF3E, 0xDF3E, 0xDF3E, 0xDF3E,
  0xDF3E, 0xDF3E, 0xDF3E, 0xDF3E, 0xDF3E, 0xDF3E, 0xDF3E, 0xDF3E,
  0xDF3E, 0xDF3E, 0xDF3E, 0xDF3E, 0xDF3E, 0xDF3E, 0xDF3E, 0xDF3E,
  0x0000, 0x0000, 0x0000, 0x0000, 0x0000, 0x0000, 0x0000, 0x0000,
  0x0000, 0x0000, 0x0000, 0x0000, 0x0000, 0x0000, 0x0000, 0x0000,
  0x0000, 0x0000, 0x0000, 0x0000, 0x0000, 0x0000, 0x0000, 0x0000,
  0x0000, 0xFEE0, 0xFEE0, 0xFEE0, 0xFEE0, 0xFEE0, 0xFEE0, 0xFEE0,
  0xDF3E, 0xDF3E, 0xDF3E, 0xDF3E, 0xDF3E, 0xDF3E, 0xDF3E, 0xDF3E,
  0xDF3E, 0xDF3E, 0xDF3E, 0xDF3E, 0xDF3E, 0xDF3E, 0xDF3E, 0xDF3E,
  0xDF3E, 0xDF3E, 0xDF3E, 0xDF3E, 0xDF3E, 0xDF3E, 0xDF3E, 0xDF3E,
  0xDF3E, 0xDF3E, 0xDF3E, 0xDF3E, 0xDF3E, 0xDF3E, 0xDF3E, 0xDF3E,
  0x0000, 0x0000, 0x0000, 0x0000, 0x0000, 0x0000, 0x0000, 0x0000,
  0x0000, 0x0000, 0x0000, 0x0000, 0x0000, 0x0000, 0x0000, 0x0000,
  0x0000, 0x0000, 0x0000, 0x0000, 0x0000, 0x0000, 0x0000, 0x0000,
  0x0000, 0xB460, 0xB460, 0xFEE0, 0xFEE0, 0xFEE0, 0xFEE0, 0xFEE0,
  0xDF3E, 0xDF3E, 0xDF3E, 0xDF3E, 0xDF3E, 0xDF3E, 0xDF3E, 0xDF3E,
  0xDF3E, 0xDF3E, 0xDF3E, 0xDF3E, 0xDF3E, 0xDF3E, 0xDF3E, 0xDF3E,
  0xDF3E, 0xDF3E, 0xDF3E, 0xDF3E, 0xDF3E, 0xDF3E, 0xDF3E, 0xDF3E,
  0xDF3E, 0xDF3E, 0xDF3E, 0xDF3E, 0xDF3E, 0xDF3E, 0xDF3E, 0xDF3E,
  0x0000, 0x0000, 0x0000, 0x0000, 0x0000, 0x0000, 0x0000, 0x0000,
  0x0000, 0x0000, 0x0000, 0x0000, 0x0000, 0x0000, 0x0000, 0x0000,
  0x0000, 0x0000, 0x0000, 0x0000, 0x0000, 0x0000, 0x0000, 0x0000,
  0x0000, 0xB460, 0xB460, 0x0000, 0x0000, 0x0000, 0x0000, 0x0000,
  0xDF3E, 0xDF3E, 0xDF3E, 0xDF3E, 0xDF3E, 0xDF3E, 0xDF3E, 0xDF3E,
  0xDF3E, 0xDF3E, 0xDF3E, 0xDF3E, 0xDF3E, 0xDF3E, 0xDF3E, 0xDF3E,
  0xDF3E, 0xDF3E, 0xDF3E, 0xDF3E, 0xDF3E, 0xDF3E, 0xDF3E, 0xDF3E,
  0xDF3E, 0xDF3E, 0xDF3E, 0xDF3E, 0xDF3E, 0xDF3E, 0xDF3E, 0x0000,
  0x0000, 0x0000, 0x0000, 0x0000, 0x0000, 0x0000, 0x0000, 0x0000,
  0x0000, 0x0000, 0x0000, 0x0000, 0x0000, 0x0000, 0x0000, 0x0000,
  0x0000, 0x0000, 0x0000, 0x0000, 0x0000, 0x0000, 0x0000, 0x0000,
  0xB460, 0xB460, 0x0000, 0x0000, 0x0000, 0x0000, 0x0000, 0x0000,
  0xDF3E, 0xDF3E, 0xDF3E, 0xDF3E, 0xDF3E, 0xDF3E, 0xDF3E, 0xDF3E,
  0xDF3E, 0xDF3E, 0xDF3E, 0xDF3E, 0xDF3E, 0xDF3E, 0xDF3E, 0xDF3E,
  0xDF3E, 0xDF3E, 0xDF3E, 0xDF3E, 0xDF3E, 0xDF3E, 0xDF3E, 0xDF3E,
  0xDF3E, 0xDF3E, 0xDF3E, 0xDF3E, 0xDF3E, 0xDF3E, 0xDF3E, 0x0000,
  0x0000, 0x0000, 0x0000, 0x0000, 0x0000, 0x0000, 0x0000, 0x0000,
  0x0000, 0x0000, 0x0000, 0x0000, 0x0000, 0x0000, 0x0000, 0x0000,
  0x0000, 0x0000, 0x0000, 0x0000, 0x0000, 0x0000, 0x0000, 0x0000,
  0xB460, 0xB460, 0x0000, 0x0000, 0x0000, 0x0000, 0x0000, 0x0000,
  0xDF3E, 0xDF3E, 0xDF3E, 0xDF3E, 0xDF3E, 0xDF3E, 0xDF3E, 0xDF3E,
  0xDF3E, 0xDF3E, 0xDF3E, 0xDF3E, 0xDF3E, 0xDF3E, 0xDF3E, 0xDF3E,
  0xDF3E, 0xDF3E, 0xDF3E, 0xDF3E, 0xDF3E, 0xDF3E, 0xDF3E, 0xDF3E,
  0xDF3E, 0xDF3E, 0xDF3E, 0xDF3E, 0xDF3E, 0xDF3E, 0xDF3E, 0x0000,
  0x0000, 0x0000, 0x0000, 0x0000, 0x0000, 0x0000, 0x0000, 0x0000,
  0x0000, 0x0000, 0x0000, 0x0000, 0x0000, 0x0000, 0x0000, 0x0000,
  0x0000, 0x0000, 0x0000, 0x0000, 0x0000, 0x0000, 0x0000, 0x0000,
  0xB460, 0xB460, 0x0000, 0x0000, 0x0000, 0x0000, 0x0000, 0x0000,
  0xDF3E, 0xDF3E, 0xDF3E, 0xDF3E, 0xDF3E, 0xDF3E, 0xDF3E, 0xDF3E,
  0xDF3E, 0xDF3E, 0xDF3E, 0xDF3E, 0xDF3E, 0xDF3E, 0xDF3E, 0xDF3E,
  0xDF3E, 0xDF3E, 0xDF3E, 0xDF3E, 0xDF3E, 0xDF3E, 0xDF3E, 0xDF3E,
  0xDF3E, 0xDF3E, 0xDF3E, 0xDF3E, 0xDF3E, 0xDF3E, 0xDF3E, 0x0000,
  0x0000, 0x0000, 0x0000, 0x0000, 0x0000, 0x0000, 0x0000, 0x0000,
  0x0000, 0x0000, 0x0000, 0x0000, 0x0000, 0x0000, 0x0000, 0x0000,
  0x0000, 0x0000, 0x0000, 0x0000, 0x0000, 0x0000, 0x0000, 0xB460,
  0xB460, 0x0000, 0x0000, 0x0000, 0x0000, 0x0000, 0x0000, 0x0000,
  0xDF3E, 0xDF3E, 0xDF3E, 0xDF3E, 0xDF3E, 0xDF3E, 0xDF3E, 0xDF3E,
  0xDF3E, 0xDF3E, 0xDF3E, 0xDF3E, 0xDF3E, 0xDF3E, 0xDF3E, 0xDF3E,
  0xDF3E, 0xDF3E, 0xDF3E, 0xDF3E, 0xDF3E, 0xDF3E, 0xDF3E, 0xDF3E,
  0xDF3E, 0xDF3E, 0xDF3E, 0xDF3E, 0xDF3E, 0xDF3E, 0xDF3E, 0x0000,
  0x0000, 0x0000, 0x0000, 0x0000, 0x0000, 0x0000, 0x0000, 0x0000,
  0x0000, 0x0000, 0x0000, 0x0000, 0x0000, 0x0000, 0x0000, 0x0000,
  0x0000, 0x0000, 0x0000, 0x0000, 0x0000, 0x0000, 0x0000, 0xB460,
  0xB460, 0x0000, 0x0000, 0x0000, 0x0000, 0x0000, 0x0000, 0x0000,
  0xDF3E, 0xDF3E, 0xDF3E, 0xDF3E, 0xDF3E, 0xDF3E, 0xDF3E, 0xDF3E,
  0xDF3E, 0xDF3E, 0xDF3E, 0xDF3E, 0xDF3E, 0xDF3E, 0xDF3E, 0xDF3E,
  0xDF3E, 0xDF3E, 0xDF3E, 0xDF3E, 0xDF3E, 0xDF3E, 0xDF3E, 0xDF3E,
  0xDF3E, 0xDF3E, 0xDF3E, 0xDF3E, 0xDF3E, 0xDF3E, 0xDF3E, 0x0000,
  0x0000, 0x0000, 0x0000, 0x0000, 0x0000, 0x0000, 0x0000, 0x0000,
  0x0000, 0x0000, 0x0000, 0x0000, 0x0000, 0x0000, 0x0000, 0x0000,
  0x0000, 0x0000, 0x0000, 0x0000, 0x0000, 0x0000, 0x0000, 0x0000,
  0x0000, 0x0000, 0x0000, 0x0000, 0x0000, 0x0000, 0x0000, 0x0000,
  0xDF3E, 0xDF3E, 0xDF3E, 0xDF3E, 0xDF3E, 0xDF3E, 0xDF3E, 0xDF3E,
  0xDF3E, 0xDF3E, 0xDF3E, 0xDF3E, 0xDF3E, 0xDF3E, 0xDF3E, 0xDF3E,
  0xDF3E, 0xDF3E, 0xDF3E, 0xDF3E, 0xDF3E, 0xDF3E, 0xDF3E, 0xDF3E,
  0xDF3E, 0xDF3E, 0xDF3E, 0xDF3E, 0xDF3E, 0xDF3E, 0xDF3E, 0x0000,
  0x0000, 0x0000, 0x0000, 0x0000, 0x0000, 0x0000, 0x0000, 0x0000,
  0x0000, 0x0000, 0x0000, 0x0000, 0x0000, 0x0000, 0x0000, 0x0000,
  0x0000, 0x0000, 0x0000, 0x0000, 0x0000, 0x0000, 0x0000, 0x0000,
  0x0000, 0x0000, 0x0000, 0x0000, 0x0000, 0x0000, 0x0000, 0x0000,
  0xDF3E, 0xDF3E, 0xDF3E, 0xDF3E, 0xDF3E, 0xDF3E, 0xDF3E, 0xDF3E,
  0xDF3E, 0xDF3E, 0xDF3E, 0xDF3E, 0xDF3E, 0xDF3E, 0xDF3E, 0xDF3E,
  0xDF3E, 0xDF3E, 0xDF3E, 0xDF3E, 0xDF3E, 0xDF3E, 0xDF3E, 0xDF3E,
  0xDF3E, 0xDF3E, 0xDF3E, 0xDF3E, 0xDF3E, 0xDF3E, 0xDF3E, 0x0000,
  0x0000, 0x0000, 0x0000, 0x0000, 0x0000, 0x0000, 0x0000, 0x0000,
  0x0000, 0x0000, 0x0000, 0x0000, 0x0000, 0x0000, 0x0000, 0x0000,
  0x0000, 0x0000, 0x0000, 0x0000, 0x0000, 0x0000, 0x0000, 0x0000,
  0x0000, 0x0000, 0x0000, 0x0000, 0x0000, 0x0000, 0x0000, 0x0000,
  0xDF3E, 0xDF3E, 0xDF3E, 0xDF3E, 0xDF3E, 0xDF3E, 0xDF3E, 0xDF3E,
  0xDF3E, 0xDF3E, 0xDF3E, 0xDF3E, 0xDF3E, 0xDF3E, 0xDF3E, 0xDF3E,
  0xDF3E, 0xDF3E, 0xDF3E, 0xDF3E, 0xDF3E, 0xDF3E, 0xDF3E, 0xDF3E,
  0xDF3E, 0xDF3E, 0xDF3E, 0xDF3E, 0xDF3E, 0xDF3E, 0xDF3E, 0x0000,
  0x0000, 0x0000, 0x0000, 0x0000, 0x0000, 0x0000, 0x0000, 0x0000,
  0x0000, 0x0000, 0x0000, 0x0000, 0x0000, 0x0000, 0x0000, 0x0000,
  0x0000, 0x0000, 0x0000, 0x0000, 0x0000, 0x0000, 0x0000, 0x0000,
  0x0000, 0x0000, 0x0000, 0x0000, 0x0000, 0x0000, 0x0000, 0x0000,
  0xDF3E, 0xDF3E, 0xDF3E, 0xDF3E, 0xDF3E, 0xDF3E, 0xDF3E, 0xDF3E,
  0xDF3E, 0xDF3E, 0xDF3E, 0xDF3E, 0xDF3E, 0xDF3E, 0xDF3E, 0xDF3E,
  0xDF3E, 0xDF3E, 0xDF3E, 0xDF3E, 0xDF3E, 0xDF3E, 0xDF3E, 0xDF3E,
  0xDF3E, 0xDF3E, 0xDF3E, 0xDF3E, 0xDF3E, 0xDF3E, 0xDF3E, 0x0000,
  0x0000, 0x0000, 0x0000, 0x0000, 0x0000, 0x0000, 0x0000, 0x0000,
  0x0000, 0x0000, 0x0000, 0x0000, 0x0000, 0x0000, 0x0000, 0x0000,
  0x0000, 0x0000, 0x0000, 0x0000, 0x0000, 0x0000, 0x0000, 0x0000,
  0x0000, 0x0000, 0x0000, 0x0000, 0x0000, 0x0000, 0x0000, 0x0000,
  0x0000, 0x0000, 0x0000, 0x0000, 0x0000, 0x0000, 0x0000, 0x0000,
  0x0000, 0x0000, 0x0000, 0x0000, 0x0000, 0x0000, 0x0000, 0x0000,
  0x0000, 0x0000, 0x0000, 0x0000, 0x0000, 0x0000, 0x0000, 0x0000,
  0x0000, 0x0000, 0x0000, 0x0000, 0x0000, 0x0000, 0x0000, 0x0000,
  0x0000, 0x0000, 0x0000, 0x0000, 0x0000, 0x0000, 0x0000, 0x0000,
  0x0000, 0x0000, 0x0000, 0x0000, 0x0000, 0x0000, 0x0000, 0x0000,
  0x0000, 0x0000, 0x0000, 0x0000, 0x0000, 0x0000, 0x0000, 0x0000,
  0x0000, 0x0000, 0x0000, 0x0000, 0x0000, 0x0000, 0x0000, 0x0000,
  0x0000, 0x0000, 0x0000, 0x0000, 0x0000, 0x0000, 0x0000, 0x0000,
  0x0000, 0x0000, 0x0000, 0x0000, 0x0000, 0x0000, 0x0000, 0x0000,
  0x0000, 0x0000, 0x0000, 0x0000, 0x0000, 0x0000, 0x0000, 0x0000,
  0x0000, 0x0000, 0x0000, 0x0000, 0x0000, 0x0000, 0x0000, 0x0000,
  0x0000, 0x0000, 0x0000, 0x0000, 0x0000, 0x0000, 0x0000, 0x0000,
  0x0000, 0x0000, 0x0000, 0x0000, 0x0000, 0x0000, 0x0000, 0x0000,
  0x0000, 0x0000, 0x0000, 0x0000, 0x0000, 0x0000, 0x0000, 0x0000,
  0x0000, 0x0000, 0x0000, 0x0000, 0x0000, 0x0000, 0x0000, 0x0000,
  0x0000, 0x0000, 0x0000, 0x0000, 0x0000, 0x0000, 0x0000, 0x0000,
  0x0000, 0x0000, 0x0000, 0x0000, 0x0000, 0x0000, 0x0000, 0x0000,
  0x0000, 0x0000, 0x0000, 0x0000, 0x0000, 0x0000, 0x0000, 0x0000,
  0x0000, 0x0000, 0x0000, 0x0000, 0x0000, 0x0000, 0x0000, 0x0000,
  0x0000, 0x0000, 0x0000, 0x0000, 0x0000, 0x0000, 0x0000, 0x0000,
  0x0000, 0x0000, 0x0000, 0x0000, 0x0000, 0x0000, 0x0000, 0x0000,
  0x0000, 0x0000, 0x0000, 0x0000, 0x0000, 0x0000, 0x0000, 0x0000,
  0x0000, 0x0000, 0x0000, 0x0000, 0x0000, 0x0000, 0x0000, 0x0000,
  0x0000, 0x0000, 0x0000, 0x0000, 0x0000, 0x0000, 0x0000, 0x0000,
  0x0000, 0x0000, 0x0000, 0x0000, 0x0000, 0x0000, 0x0000, 0x0000,
  0x0000, 0x0000, 0x0000, 0x0000, 0x0000, 0x0000, 0x0000, 0x0000,
  0x0000, 0x0000, 0x0000, 0x0000, 0x0000, 0x0000, 0x0000, 0x0000,
  0x0000, 0x0000, 0x0000, 0x0000, 0x0000, 0x0000, 0x0000, 0x0000,
  0x0000, 0x0000, 0x0000, 0x0000, 0x0000, 0x0000, 0x0000, 0x0000,
  0x0000, 0x0000, 0x0000, 0x0000, 0x0000, 0x0000, 0x0000, 0x0000,
  0x0000, 0x0000, 0x0000, 0x0000, 0x0000, 0x0000, 0x0000, 0x0000,
  0x0000, 0x0000, 0x0000, 0x0000, 0x0000, 0x0000, 0x0000, 0x0000,
  0x0000, 0x0000, 0x0000, 0x0000, 0x0000, 0x0000, 0x0000, 0x0000,
  0x0000, 0x0000, 0x0000, 0x0000, 0x0000, 0x0000, 0x0000, 0x0000,
  0x0000, 0x0000, 0x0000, 0x0000, 0x0000, 0x0000, 0x0000, 0x0000,
  0x0000, 0x0000, 0x0000, 0x0000, 0x0000, 0x0000, 0x0000, 0x0000,
  0x0000, 0x0000, 0x0000, 0x0000, 0x0000, 0x0000, 0x0000, 0x0000,
  0x0000, 0x0000, 0x0000, 0x0000, 0x0000, 0x0000, 0x0000, 0x0000,
  0x0000, 0x0000, 0x0000, 0x0000, 0x0000, 0x0000, 0x0000, 0x0000,
  0x0000, 0x0000, 0x0000, 0x0000, 0x0000, 0x0000, 0x0000, 0x0000,
  0x0000, 0x0000, 0x0000, 0x0000, 0x0000, 0x0000, 0x0000, 0x0000,
  0x0000, 0x0000, 0x0000, 0x0000, 0x0000, 0x0000, 0x0000, 0x0000,
  0x0000, 0x0000, 0x0000, 0x0000, 0x0000, 0x0000, 0x0000, 0x0000,
  0x0000, 0x0000, 0x0000, 0x0000, 0x0000, 0x0000, 0x0000, 0x0000,
  0x0000, 0x0000, 0x0000, 0x0000, 0x0000, 0x0000, 0x0000, 0x0000,
  0x0000, 0x0000, 0x0000, 0x0000, 0x0000, 0x0000, 0x0000, 0x0000,
  0x0000, 0x0000, 0x0000, 0x0000, 0x0000, 0x0000, 0x0000, 0x0000,
  0x0000, 0x0000, 0x0000, 0x0000, 0x0000, 0x0000, 0x0000, 0x0000,
  0x0000, 0x0000, 0x0000, 0x0000, 0x0000, 0x0000, 0x0000, 0x0000,
  0x0000, 0x0000, 0x0000, 0x0000, 0x0000, 0x0000, 0x0000, 0x0000,
  0x0000, 0x0000, 0x0000, 0x0000, 0x0000, 0x0000, 0x0000, 0x0000,
  0x0000, 0x0000, 0x0000, 0x0000, 0x0000, 0x0000, 0x0000, 0x0000,
  0x0000, 0x0000, 0x0000, 0x0000, 0x0000, 0x0000, 0x0000, 0x0000,
  0x0000, 0x0000, 0x0000, 0x0000, 0x0000, 0x0000, 0x0000, 0x0000,
  0x0000, 0x0000, 0x0000, 0x0000, 0x0000, 0x0000, 0x0000, 0x0000,
  0x0000, 0x0000, 0x0000, 0x0000, 0x0000, 0x0000, 0x0000, 0x0000,
  0x0000, 0x0000, 0x0000, 0x0000, 0x0000, 0x0000, 0x0000, 0x0000,
  0x0000, 0x0000, 0x0000, 0x0000, 0x0000, 0x0000, 0x0000, 0x0000,
  0x0000, 0x0000, 0x0000, 0x0000, 0x0000, 0x0000, 0x0000, 0x0000,
  0x0000, 0x0000, 0x0000, 0x0000, 0x0000, 0x0000, 0x0000, 0x0000,
  0x0000, 0x0000, 0x0000, 0x0000, 0x0000, 0x0000, 0x0000, 0x0000,
  0x0000, 0x0000, 0x0000, 0x0000, 0x0000, 0x0000, 0x0000, 0x0000,
  0x0000, 0x0000, 0x0000, 0x0000, 0x0000, 0x0000, 0x0000, 0x0000,
  0x0000, 0x0000, 0x0000, 0x0000, 0x0000, 0x0000, 0x0000, 0x0000,
  0x0000, 0x0000, 0x0000, 0x0000, 0x0000, 0x0000, 0x0000, 0x0000,
  0x0000, 0x0000, 0x0000, 0x0000, 0x0000, 0x0000, 0x0000, 0x0000,
  0x0000, 0x0000, 0x0000, 0x0000, 0x0000, 0x0000, 0x0000, 0x0000,
  0x0000, 0x0000, 0x0000, 0x0000, 0x0000, 0x0000, 0x0000, 0x0000,
  0x0000, 0x0000, 0x0000, 0x0000, 0x0000, 0x0000, 0x0000, 0x0000,
  0x0000, 0x0000, 0x0000, 0x0000, 0x0000, 0x0000, 0x0000, 0x0000,
  0x0000, 0x0000, 0x0000, 0x0000, 0x0000, 0x0000, 0x0000, 0x0000,
  0x0000, 0x0000, 0x0000, 0x0000, 0x0000, 0x0000, 0x0000, 0x0000,
  0x0000, 0x0000, 0x0000, 0x0000, 0x0000, 0x0000, 0x0000, 0x0000,
  0x0000, 0x0000, 0x0000, 0x0000, 0x0000, 0x0000, 0x0000, 0x0000,
  0x0000, 0x0000, 0x0000, 0x0000, 0x0000, 0x0000, 0x0000, 0x0000,
  0x0000, 0x0000, 0x0000, 0x0000, 0x0000, 0x0000, 0x0000, 0x0000,
  0x0000, 0x0000, 0x0000, 0x0000, 0x0000, 0x0000, 0x0000, 0x0000,
  0x0000, 0x0000, 0x0000, 0x0000, 0x0000, 0x0000, 0x0000, 0x0000,
  0x0000, 0x0000, 0x0000, 0x0000, 0x0000, 0x0000, 0x0000, 0x0000,
  0x0000, 0x0000, 0x0000, 0x0000, 0x0000, 0x0000, 0x0000, 0x0000,
  0x0000, 0x0000, 0x0000, 0x0000, 0x0000, 0x0000, 0x0000, 0x0000,
  0x0000, 0x0000, 0x0000, 0x0000, 0x0000, 0x0000, 0x0000, 0x0000,
  0x0000, 0x0000, 0x0000, 0x0000, 0x0000, 0x0000, 0x0000, 0x0000,
  0x0000, 0x0000, 0x0000, 0x0000, 0x0000, 0x0000, 0x0000, 0x0000,
  0x0000, 0x0000, 0x0000, 0x0000, 0x0000, 0x0000, 0x0000, 0x0000,
  0x0000, 0x0000, 0x0000, 0x0000, 0x0000, 0x0000, 0x0000, 0x0000,
  0x0000, 0x0000, 0x0000, 0x0000, 0x0000, 0x0000, 0x0000, 0x0000,
  0x0000, 0x0000, 0x0000, 0x0000, 0x0000, 0x0000, 0x0000, 0x0000,
  0x0000, 0x0000, 0x0000, 0x0000, 0x0000, 0x0000, 0x0000, 0x0000,
  0x0000, 0x0000, 0x0000, 0x0000, 0x0000, 0x0000, 0x0000, 0x0000,
  0x0000, 0x0000, 0x0000, 0x0000, 0x0000, 0x0000, 0x0000, 0x0000,
  0x0000, 0x0000, 0x0000, 0x0000, 0x0000, 0x0000, 0x0000, 0x0000,
  0x0000, 0x0000, 0x0000, 0x0000, 0x0000, 0x0000, 0x0000, 0x0000,
  0x0000, 0x0000, 0x0000, 0x0000, 0x0000, 0x0000, 0x0000, 0x0000,
  0x0000, 0x0000, 0x0000, 0x0000, 0x0000, 0x0000, 0x0000, 0x0000,
  0x0000, 0x0000, 0x0000, 0x0000, 0x0000, 0x0000, 0x0000, 0x0000,
  0x0000, 0x0000, 0x0000, 0x0000, 0x0000, 0x0000, 0x0000, 0x0000,
  0x0000, 0x0000, 0x0000, 0x0000, 0x0000, 0x0000, 0x0000, 0x0000,
  0x0000, 0x0000, 0x0000, 0x0000, 0x0000, 0x0000, 0x0000, 0x0000,
  0x0000, 0x0000, 0x0000, 0x0000, 0x0000, 0x0000, 0x0000, 0x0000,
  0x0000, 0x0000, 0x0000, 0x0000, 0x0000, 0x0000, 0x0000, 0x0000,
  0x0000, 0x0000, 0x0000, 0x0000, 0x0000, 0x0000, 0x0000, 0x0000,
  0x0000, 0x0000, 0x0000, 0x0000, 0x0000, 0x0000, 0x0000, 0x0000,
  0x0000, 0x0000, 0x0000, 0x0000, 0x0000, 0x0000, 0x0000, 0x0000,
  0x0000, 0x0000, 0x0000, 0x0000, 0x0000, 0x0000, 0x0000, 0x0000,
  0x0000, 0x0000, 0x0000, 0x0000, 0x0000, 0x0000, 0x0000, 0x0000,
  0x0000, 0x0000, 0x0000, 0x0000, 0x0000, 0x0000, 0x0000, 0x0000,
  0x0000, 0x0000, 0x0000, 0x0000, 0x0000, 0x0000, 0x0000, 0x0000,
  0x0000, 0x0000, 0x0000, 0x0000, 0x0000, 0x0000, 0x0000, 0x0000,
  0x0000, 0x0000, 0x0000, 0x0000, 0x0000, 0x0000, 0x0000, 0x0000,
  0x0000, 0x0000, 0x0000, 0x0000, 0x0000, 0x0000, 0x0000, 0x0000,
  0x0000, 0x0000, 0x0000, 0x0000, 0x0000, 0x0000, 0x0000, 0x0000,
  0x0000, 0x0000, 0x0000, 0x0000, 0x0000, 0x0000, 0x0000, 0x0000,
  0x0000, 0x0000, 0x0000, 0x0000, 0x0000, 0x0000, 0x0000, 0x0000,
  0x0000, 0x0000, 0x0000, 0x0000, 0x0000, 0x0000, 0x0000, 0x0000,
  0x0000, 0x0000, 0x0000, 0x0000, 0x0000, 0x0000, 0x0000, 0x0000,
  0x0000, 0x0000, 0x0000, 0x0000, 0x0000, 0x0000, 0x0000, 0x0000,
  0x0000, 0x0000, 0x0000, 0x0000, 0x0000, 0x0000, 0x0000, 0x0000,
  0x0000, 0x0000, 0x0000, 0x0000, 0x0000, 0x0000, 0x0000, 0x0000,
  0x0000, 0x0000, 0x0000, 0x0000, 0x0000, 0x0000, 0x0000, 0x0000,
  0x0000, 0x0000, 0x0000, 0x0000, 0x0000, 0x0000, 0x0000, 0x0000,
  0x0000, 0x0000, 0x0000, 0x0000, 0x0000, 0x0000, 0x0000, 0x0000,
  0x0000, 0x0000, 0x0000, 0x0000, 0x0000, 0x0000, 0x0000, 0x0000,
  0x0000, 0x0000, 0x0000, 0x0000, 0x0000, 0x0000, 0x0000, 0x0000,
  0x0000, 0x0000, 0x0000, 0x0000, 0x0000, 0x0000, 0x0000, 0x0000,
  0x0000, 0x0000, 0x0000, 0x0000, 0x0000, 0x0000, 0x0000, 0x0000,
  0x0000, 0x0000, 0x0000, 0x0000, 0x0000, 0x0000, 0x0000, 0x0000,
  0x0000, 0x0000, 0x0000, 0x0000, 0x0000, 0x0000, 0x0000, 0x0000,
  0x0000, 0x0000, 0x0000, 0x0000, 0x0000, 0x0000, 0x0000, 0x0000,
  0x0000, 0x0000, 0x0000, 0x0000, 0x0000, 0x0000, 0x0000, 0x0000,
  0x0000, 0x0000, 0x0000, 0x0000, 0x0000, 0x0000, 0x0000, 0x0000,
  0x0000, 0x0000, 0x0000, 0x0000, 0x0000, 0x0000, 0x0000, 0x0000,
};

static const uint16_t icon_scattered[4096] PROGMEM = {
  0x0000, 0x0000, 0x0000, 0x0000, 0x0000, 0x0000, 0x0000, 0x0000,
  0x0000, 0x0000, 0x0000, 0x0000, 0x0000, 0x0000, 0x0000, 0x0000,
  0x0000, 0x0000, 0x0000, 0x0000, 0x0000, 0x0000, 0x0000, 0x0000,
  0x0000, 0x0000, 0x0000, 0x0000, 0x0000, 0x0000, 0x0000, 0x0000,
  0x0000, 0x0000, 0x0000, 0x0000, 0x0000, 0x0000, 0x0000, 0x0000,
  0x0000, 0x0000, 0x0000, 0x0000, 0x0000, 0x0000, 0x0000, 0x0000,
  0x0000, 0x0000, 0x0000, 0x0000, 0x0000, 0x0000, 0x0000, 0x0000,
  0x0000, 0x0000, 0x0000, 0x0000, 0x0000, 0x0000, 0x0000, 0x0000,
  0x0000, 0x0000, 0x0000, 0x0000, 0x0000, 0x0000, 0x0000, 0x0000,
  0x0000, 0x0000, 0x0000, 0x0000, 0x0000, 0x0000, 0x0000, 0x0000,
  0x0000, 0x0000, 0x0000, 0x0000, 0x0000, 0x0000, 0x0000, 0x0000,
  0x0000, 0x0000, 0x0000, 0x0000, 0x0000, 0x0000, 0x0000, 0x0000,
  0x0000, 0x0000, 0x0000, 0x0000, 0x0000, 0x0000, 0x0000, 0x0000,
  0x0000, 0x0000, 0x0000, 0x0000, 0x0000, 0x0000, 0x0000, 0x0000,
  0x0000, 0x0000, 0x0000, 0x0000, 0x0000, 0x0000, 0x0000, 0x0000,
  0x0000, 0x0000, 0x0000, 0x0000, 0x0000, 0x0000, 0x0000, 0x0000,
  0x0000, 0x0000, 0x0000, 0x0000, 0x0000, 0x0000, 0x0000, 0x0000,
  0x0000, 0x0000, 0x0000, 0x0000, 0x0000, 0x0000, 0x0000, 0x0000,
  0x0000, 0x0000, 0x0000, 0x0000, 0x0000, 0x0000, 0x0000, 0x0000,
  0x0000, 0x0000, 0x0000, 0x0000, 0x0000, 0x0000, 0x0000, 0x0000,
  0x0000, 0x0000, 0x0000, 0x0000, 0x0000, 0x0000, 0x0000, 0x0000,
  0x0000, 0x0000, 0x0000, 0x0000, 0x0000, 0x0000, 0x0000, 0x0000,
  0x0000, 0x0000, 0x0000, 0x0000, 0x0000, 0x0000, 0x0000, 0x0000,
  0x0000, 0x0000, 0x0000, 0x0000, 0x0000, 0x0000, 0x0000, 0x0000,
  0x0000, 0x0000, 0x0000, 0x0000, 0x0000, 0x0000, 0x0000, 0x0000,
  0x0000, 0x0000, 0x0000, 0x0000, 0x0000, 0x0000, 0x0000, 0x0000,
  0x0000, 0x0000, 0x0000, 0x0000, 0x0000, 0x0000, 0x0000, 0x0000,
  0x0000, 0x0000, 0x0000, 0x0000, 0x0000, 0x0000, 0x0000, 0x0000,
  0x0000, 0x0000, 0x0000, 0x0000, 0x0000, 0x0000, 0x0000, 0x0000,
  0x0000, 0x0000, 0x0000, 0x0000, 0x0000, 0x0000, 0x0000, 0x0000,
  0x0000, 0x0000, 0x0000, 0x0000, 0x0000, 0x0000, 0x0000, 0x0000,
  0x0000, 0x0000, 0x0000, 0x0000, 0x0000, 0x0000, 0x0000, 0x0000,
  0x0000, 0x0000, 0x0000, 0x0000, 0x0000, 0x0000, 0x0000, 0x0000,
  0x0000, 0x0000, 0x0000, 0x0000, 0x0000, 0x0000, 0x0000, 0x0000,
  0x0000, 0x0000, 0x0000, 0x0000, 0x0000, 0x0000, 0x0000, 0x0000,
  0x0000, 0x0000, 0x0000, 0x0000, 0x0000, 0x0000, 0x0000, 0x0000,
  0x0000, 0x0000, 0x0000, 0x0000, 0x0000, 0x0000, 0x0000, 0x0000,
  0x0000, 0x0000, 0x0000, 0x0000, 0x0000, 0x0000, 0x0000, 0x0000,
  0x0000, 0x0000, 0x0000, 0x0000, 0x0000, 0x0000, 0x0000, 0x0000,
  0x0000, 0x0000, 0x0000, 0x0000, 0x0000, 0x0000, 0x0000, 0x0000,
  0x0000, 0x0000, 0x0000, 0x0000, 0x0000, 0x0000, 0x0000, 0x0000,
  0x0000, 0x0000, 0x0000, 0x0000, 0x0000, 0x0000, 0x0000, 0x0000,
  0x0000, 0x0000, 0x0000, 0x0000, 0x0000, 0x0000, 0x0000, 0x0000,
  0x0000, 0x0000, 0x0000, 0x0000, 0x0000, 0x0000, 0x0000, 0x0000,
  0x0000, 0x0000, 0x0000, 0x0000, 0x0000, 0x0000, 0x0000, 0x0000,
  0x0000, 0x0000, 0x0000, 0x0000, 0x0000, 0x0000, 0x0000, 0x0000,
  0x0000, 0x0000, 0x0000, 0x0000, 0x0000, 0x0000, 0x0000, 0x0000,
  0x0000, 0x0000, 0x0000, 0x0000, 0x0000, 0x0000, 0x0000, 0x0000,
  0x0000, 0x0000, 0x0000, 0x0000, 0x0000, 0x0000, 0x0000, 0x0000,
  0x0000, 0x0000, 0x0000, 0x0000, 0x0000, 0x0000, 0x0000, 0x0000,
  0x0000, 0x0000, 0x0000, 0x0000, 0x0000, 0x0000, 0x0000, 0x0000,
  0x0000, 0x0000, 0x0000, 0x0000, 0x0000, 0x0000, 0x0000, 0x0000,
  0x0000, 0x0000, 0x0000, 0x0000, 0x0000, 0x0000, 0x0000, 0x0000,
  0x0000, 0x0000, 0x0000, 0x0000, 0x0000, 0x0000, 0x0000, 0x0000,
  0x0000, 0x0000, 0x0000, 0x0000, 0x0000, 0x0000, 0x0000, 0x0000,
  0x0000, 0x0000, 0x0000, 0x0000, 0x0000, 0x0000, 0x0000, 0x0000,
  0x0000, 0x0000, 0x0000, 0x0000, 0x0000, 0x0000, 0x0000, 0x0000,
  0x0000, 0x0000, 0x0000, 0x0000, 0x0000, 0x0000, 0x0000, 0x0000,
  0x0000, 0x0000, 0x0000, 0x0000, 0x0000, 0x0000, 0x0000, 0x0000,
  0x0000, 0x0000, 0x0000, 0x0000, 0x0000, 0x9D35, 0x9D35, 0x9D35,
  0x9D35, 0x9D35, 0x9D35, 0x9D35, 0x0000, 0x0000, 0x0000, 0x0000,
  0x0000, 0x0000, 0x0000, 0x0000, 0x0000, 0x0000, 0x0000, 0x0000,
  0x0000, 0x0000, 0x0000, 0x0000, 0x0000, 0x0000, 0x0000, 0x0000,
  0x0000, 0x0000, 0x0000, 0x0000, 0x0000, 0x0000, 0x0000, 0x0000,
  0x0000, 0x0000, 0x0000, 0x0000, 0x0000, 0x0000, 0x0000, 0x0000,
  0x0000, 0x0000, 0x0000, 0x0000, 0x0000, 0x0000, 0x0000, 0x0000,
  0x0000, 0x0000, 0x0000, 0x0000, 0x0000, 0x0000, 0x0000, 0x0000,
  0x0000, 0x0000, 0x9D35, 0x9D35, 0x9D35, 0xDF3E, 0xDF3E, 0xDF3E,
  0xDF3E, 0xDF3E, 0xDF3E, 0xDF3E, 0x9D35, 0x9D35, 0x9D35, 0x0000,
  0x0000, 0x0000, 0x0000, 0x0000, 0x0000, 0x0000, 0x0000, 0x0000,
  0x0000, 0x0000, 0x0000, 0x0000, 0x0000, 0x0000, 0x0000, 0x0000,
  0x0000, 0x0000, 0x0000, 0x0000, 0x0000, 0x0000, 0x0000, 0x0000,
  0x0000, 0x0000, 0x0000, 0x0000, 0x0000, 0x0000, 0x0000, 0x0000,
  0x0000, 0x0000, 0x0000, 0x0000, 0x0000, 0x0000, 0x0000, 0x0000,
  0x0000, 0x0000, 0x0000, 0x0000, 0x0000, 0x0000, 0x0000, 0x0000,
  0x0000, 0x9D35, 0xDF3E, 0xDF3E, 0xDF3E, 0xDF3E, 0xDF3E, 0xDF3E,
  0xDF3E, 0xDF3E, 0xDF3E, 0xDF3E, 0xDF3E, 0xDF3E, 0xDF3E, 0x9D35,
  0x0000, 0x0000, 0x0000, 0x0000, 0x0000, 0x0000, 0x0000, 0x0000,
  0x0000, 0x0000, 0x0000, 0x0000, 0x0000, 0x0000, 0x0000, 0x0000,
  0x0000, 0x0000, 0x0000, 0x0000, 0x0000, 0x0000, 0x0000, 0x0000,
  0x0000, 0x0000, 0x0000, 0x0000, 0x0000, 0x0000, 0x0000, 0x0000,
  0x0000, 0x0000, 0x0000, 0x0000, 0x0000, 0x0000, 0x0000, 0x0000,
  0x0000, 0x0000, 0x0000, 0x0000, 0x0000, 0x0000, 0x0000, 0x9D35,
  0x9D35, 0xDF3E, 0xDF3E, 0xDF3E, 0xDF3E, 0xDF3E, 0xDF3E, 0xDF3E,
  0xDF3E, 0xDF3E, 0xDF3E, 0xDF3E, 0xDF3E, 0xDF3E, 0xDF3E, 0xDF3E,
  0x9D35, 0x9D35, 0x0000, 0x0000, 0x0000, 0x0000, 0x0000, 0x0000,
  0x0000, 0x0000, 0x0000, 0x0000, 0x0000, 0x0000, 0x0000, 0x0000,
  0x0000, 0x0000, 0x0000, 0x0000, 0x0000, 0x0000, 0x0000, 0x0000,
  0x0000, 0x0000, 0x0000, 0x0000, 0x0000, 0x0000, 0x0000, 0x0000,
  0x0000, 0x0000, 0x0000, 0x0000, 0x0000, 0x0000, 0x0000, 0x0000,
  0x0000, 0x0000, 0x0000, 0x0000, 0x0000, 0x0000, 0x9D35, 0x9D35,
  0xDF3E, 0xDF3E, 0xDF3E, 0xDF3E, 0xDF3E, 0xDF3E, 0xDF3E, 0xDF3E,
  0xDF3E, 0xDF3E, 0xDF3E, 0xDF3E, 0xDF3E, 0xDF3E, 0xDF3E, 0xDF3E,
  0xDF3E, 0x9D35, 0x9D35, 0x0000, 0x0000, 0x0000, 0x0000, 0x0000,
  0x0000, 0x0000, 0x0000, 0x0000, 0x0000, 0x0000, 0x0000, 0x0000,
  0x0000, 0x0000, 0x0000, 0x0000, 0x0000, 0x0000, 0x0000, 0x0000,
  0x0000, 0x0000, 0x0000, 0x0000, 0x0000, 0x0000, 0x0000, 0x0000,
  0x0000, 0x0000, 0x0000, 0x0000, 0x0000, 0x0000, 0x0000, 0x0000,
  0x0000, 0x0000, 0x0000, 0x0000, 0x0000, 0x9D35, 0x9D35, 0xDF3E,
  0xDF3E, 0xDF3E, 0xDF3E, 0xDF3E, 0xDF3E, 0xDF3E, 0xDF3E, 0xDF3E,
  0xDF3E, 0xDF3E, 0xDF3E, 0xDF3E, 0xDF3E, 0xDF3E, 0xDF3E, 0xDF3E,
  0xDF3E, 0xDF3E, 0x9D35, 0x9D35, 0x0000, 0x0000, 0x0000, 0x0000,
  0x0000, 0x0000, 0x0000, 0x0000, 0x0000, 0x0000, 0x0000, 0x0000,
  0x0000, 0x0000, 0x0000, 0x0000, 0x0000, 0x0000, 0x0000, 0x0000,
  0x0000, 0x0000, 0x0000, 0x0000, 0x0000, 0x0000, 0x0000, 0x0000,
  0x0000, 0x0000, 0x0000, 0x0000, 0x0000, 0x0000, 0x0000, 0x0000,
  0x0000, 0x0000, 0x0000, 0x0000, 0x0000, 0x9D35, 0xDF3E, 0xDF3E,
  0xDF3E, 0xDF3E, 0xDF3E, 0xDF3E, 0xDF3E, 0xDF3E, 0xDF3E, 0xDF3E,
  0xDF3E, 0xDF3E, 0xDF3E, 0xDF3E, 0xDF3E, 0xDF3E, 0xDF3E, 0xDF3E,
  0xDF3E, 0xDF3E, 0xDF3E, 0x9D35, 0x0000, 0x0000, 0x0000, 0x0000,
  0x0000, 0x0000, 0x0000, 0x0000, 0x0000, 0x0000, 0x0000, 0x0000,
  0x0000, 0x0000, 0x0000, 0x0000, 0x0000, 0x0000, 0x0000, 0x0000,
  0x0000, 0x0000, 0x0000, 0x0000, 0x0000, 0x0000, 0x0000, 0x0000,
  0x0000, 0x0000, 0x0000, 0x0000, 0x0000, 0x0000, 0x0000, 0x0000,
  0x0000, 0x0000, 0x0000, 0x0000, 0x9D35, 0xDF3E, 0xDF3E, 0xDF3E,
  0xDF3E, 0xDF3E, 0xDF3E, 0xDF3E, 0xDF3E, 0xDF3E, 0xDF3E, 0xDF3E,
  0xDF3E, 0xDF3E, 0xDF3E, 0xDF3E, 0xDF3E, 0xDF3E, 0xDF3E, 0xDF3E,
  0xDF3E, 0xDF3E, 0xDF3E, 0xDF3E, 0x9D35, 0x9D35, 0x9D35, 0x9D35,
  0x0000, 0x0000, 0x0000, 0x0000, 0x0000, 0x0000, 0x0000, 0x0000,
  0x0000, 0x0000, 0x0000, 0x0000, 0x0000, 0x0000, 0x0000, 0x0000,
  0x0000, 0x0000, 0x0000, 0x0000, 0x0000, 0x0000, 0x0000, 0x0000,
  0x0000, 0x0000, 0x0000, 0x0000, 0x0000, 0x0000, 0x0000, 0x0000,
  0x0000, 0x0000, 0x0000, 0x9D35, 0xDF3E, 0xDF3E, 0xDF3E, 0xDF3E,
  0xDF3E, 0xDF3E, 0xDF3E, 0xDF3E, 0xDF3E, 0xDF3E, 0xDF3E, 0xDF3E,
  0xDF3E, 0xDF3E, 0xDF3E, 0xDF3E, 0xDF3E, 0xDF3E, 0xDF3E, 0xDF3E,
  0xDF3E, 0xDF3E, 0xDF3E, 0xDF3E, 0xDF3E, 0xDF3E, 0xDF3E, 0x9D35,
  0x9D35, 0x9D35, 0x0000, 0x0000, 0x0000, 0x0000, 0x0000, 0x0000,
  0x0000, 0x0000, 0x0000, 0x0000, 0x0000, 0x0000, 0x0000, 0x0000,
  0x0000, 0x0000, 0x0000, 0x0000, 0x0000, 0x0000, 0x0000, 0x0000,
  0x0000, 0x0000, 0x0000, 0x0000, 0x0000, 0x0000, 0x0000, 0x0000,
  0x0000, 0x0000, 0x0000, 0x9D35, 0xDF3E, 0xDF3E, 0xDF3E, 0xDF3E,
  0xDF3E, 0xDF3E, 0xDF3E, 0xDF3E, 0xDF3E, 0xDF3E, 0xDF3E, 0xDF3E,
  0xDF3E, 0xDF3E, 0xDF3E, 0xDF3E, 0xDF3E, 0xDF3E, 0xDF3E, 0xDF3E,
  0xDF3E, 0xDF3E, 0xDF3E, 0xDF3E, 0xDF3E, 0xDF3E, 0xDF3E, 0xDF3E,
  0xDF3E, 0x9D35, 0x9D35, 0x0000, 0x0000, 0x0000, 0x0000, 0x0000,
  0x0000, 0x0000, 0x0000, 0x0000, 0x0000, 0x0000, 0x0000, 0x0000,
  0x0000, 0x0000, 0x0000, 0x0000, 0x0000, 0x0000, 0x0000, 0x0000,
  0x0000, 0x0000, 0x0000, 0x0000, 0x0000, 0x0000, 0x0000, 0x0000,
  0x0000, 0x9D35, 0x9D35, 0x9D35, 0xDF3E, 0xDF3E, 0xDF3E, 0xDF3E,
  0xDF3E, 0xDF3E, 0xDF3E, 0xDF3E, 0xDF3E, 0xDF3E, 0xDF3E, 0xDF3E,
  0xDF3E, 0xDF3E, 0xDF3E, 0xDF3E, 0xDF3E, 0xDF3E, 0xDF3E, 0xDF3E,
  0xDF3E, 0xDF3E, 0xDF3E, 0xDF3E, 0xDF3E, 0xDF3E, 0xDF3E, 0xDF3E,
  0xDF3E, 0xDF3E, 0x9D35, 0x9D35, 0x9D35, 0x0000, 0x0000, 0x0000,
  0x0000, 0x0000, 0x0000, 0x0000, 0x0000, 0x0000, 0x0000, 0x0000,
  0x0000, 0x0000, 0x0000, 0x0000, 0x0000, 0x0000, 0x0000, 0x0000,
  0x0000, 0x0000, 0x0000, 0x0000, 0x0000, 0x0000, 0x0000, 0x0000,
  0x9D35, 0x9D35, 0xDF3E, 0xDF3E, 0xDF3E, 0xDF3E, 0xDF3E, 0xDF3E,
  0xDF3E, 0xDF3E, 0xDF3E, 0xDF3E, 0xDF3E, 0xDF3E, 0xDF3E, 0xDF3E,
  0xDF3E, 0xDF3E, 0xDF3E, 0xDF3E, 0xDF3E, 0xDF3E, 0xDF3E, 0xDF3E,
  0xDF3E, 0xDF3E, 0xDF3E, 0xDF3E, 0xDF3E, 0xDF3E, 0xDF3E, 0xDF3E,
  0xDF3E, 0xDF3E, 0xDF3E, 0x9D35, 0x9D35, 0x0000, 0x0000, 0x0000,
  0x0000, 0x0000, 0x0000, 0x0000, 0x0000, 0x0000, 0x0000, 0x0000,
  0x0000, 0x0000, 0x0000, 0x0000, 0x0000, 0x0000, 0x0000, 0x0000,
  0x0000, 0x0000, 0x0000, 0x0000, 0x0000, 0x0000, 0x0000, 0x9D35,
  0xDF3E, 0xDF3E, 0xDF3E, 0xDF3E, 0xDF3E, 0xDF3E, 0xDF3E, 0xDF3E,
  0xDF3E, 0xDF3E, 0xDF3E, 0xDF3E, 0xDF3E, 0xDF3E, 0xDF3E, 0xDF3E,
  0xDF3E, 0xDF3E, 0xDF3E, 0xDF3E, 0xDF3E, 0xDF3E, 0xDF3E, 0xDF3E,
  0xDF3E, 0xDF3E, 0xDF3E, 0xDF3E, 0xDF3E, 0xDF3E, 0xDF3E, 0xDF3E,
  0xDF3E, 0xDF3E, 0xDF3E, 0xDF3E, 0x9D35, 0x9D35, 0x0000, 0x0000,
  0x0000, 0x0000, 0x0000, 0x0000, 0x0000, 0x0000, 0x0000, 0x0000,
  0x0000, 0x0000, 0x0000, 0x0000, 0x0000, 0x0000, 0x0000, 0x0000,
  0x0000, 0x0000, 0x0000, 0x0000, 0x0000, 0x0000, 0x9D35, 0xDF3E,
  0xDF3E, 0xDF3E, 0xDF3E, 0xDF3E, 0xDF3E, 0xDF3E, 0xDF3E, 0xDF3E,
  0xDF3E, 0xDF3E, 0xDF3E, 0xDF3E, 0xDF3E, 0xDF3E, 0xDF3E, 0xDF3E,
  0xDF3E, 0xDF3E, 0xDF3E, 0xDF3E, 0xDF3E, 0xDF3E, 0xDF3E, 0xDF3E,
  0xDF3E, 0xDF3E, 0xDF3E, 0xDF3E, 0xDF3E, 0xDF3E, 0xDF3E, 0xDF3E,
  0xDF3E, 0xDF3E, 0xDF3E, 0xDF3E, 0xDF3E, 0x9D35, 0x9D35, 0x0000,
  0x0000, 0x0000, 0x0000, 0x0000, 0x0000, 0x0000, 0x0000, 0x0000,
  0x0000, 0x0000, 0x0000, 0x0000, 0x0000, 0x0000, 0x0000, 0x0000,
  0x0000, 0x0000, 0x0000, 0x0000, 0x0000, 0x9D35, 0x9D35, 0xDF3E,
  0xDF3E, 0xDF3E, 0xDF3E, 0xDF3E, 0xDF3E, 0xDF3E, 0xDF3E, 0xDF3E,
  0xDF3E, 0xDF3E, 0xDF3E, 0xDF3E, 0xDF3E, 0xDF3E, 0xDF3E, 0xDF3E,
  0xDF3E, 0xDF3E, 0xDF3E, 0xDF3E, 0xDF3E, 0xDF3E, 0xDF3E, 0xDF3E,
  0xDF3E, 0xDF3E, 0xDF3E, 0xDF3E, 0xDF3E, 0xDF3E, 0xDF3E, 0xDF3E,
  0xDF3E, 0xDF3E, 0xDF3E, 0xDF3E, 0xDF3E, 0x9D35, 0x9D35, 0x0000,
  0x0000, 0x0000, 0x0000, 0x0000, 0x0000, 0x0000, 0x0000, 0x0000,
  0x0000, 0x0000, 0x0000, 0x0000, 0x0000, 0x0000, 0x0000, 0x0000,
  0x0000, 0x0000, 0x0000, 0x0000, 0x0000, 0x9D35, 0xDF3E, 0xDF3E,
  0xDF3E, 0xDF3E, 0xDF3E, 0xDF3E, 0xDF3E, 0xDF3E, 0xDF3E, 0xDF3E,
  0xDF3E, 0xDF3E, 0xDF3E, 0xDF3E, 0xDF3E, 0xDF3E, 0xDF3E, 0xDF3E,
  0xDF3E, 0xDF3E, 0xDF3E, 0xDF3E, 0xDF3E, 0xDF3E, 0xDF3E, 0xDF3E,
  0xDF3E, 0xDF3E, 0xDF3E, 0xDF3E, 0xDF3E, 0xDF3E, 0xDF3E, 0xDF3E,
  0xDF3E, 0xDF3E, 0xDF3E, 0xDF3E, 0xDF3E, 0xDF3E, 0x9D35, 0x9D35,
  0x0000, 0x0000, 0x0000, 0x0000, 0x0000, 0x0000, 0x0000, 0x0000,
  0x0000, 0x0000, 0x0000, 0x0000, 0x0000, 0x0000, 0x0000, 0x0000,
  0x0000, 0x0000, 0x0000, 0x0000, 0x9D35, 0x9D35, 0xDF3E, 0xDF3E,
  0xDF3E, 0xDF3E, 0xDF3E, 0xDF3E, 0xDF3E, 0xDF3E, 0xDF3E, 0xDF3E,
  0xDF3E, 0xDF3E, 0xDF3E, 0xDF3E, 0xDF3E, 0xDF3E, 0xDF3E, 0xDF3E,
  0xDF3E, 0xDF3E, 0xDF3E, 0xDF3E, 0xDF3E, 0xDF3E, 0xDF3E, 0xDF3E,
  0xDF3E, 0xDF3E, 0xDF3E, 0xDF3E, 0xDF3E, 0xDF3E, 0xDF3E, 0xDF3E,
  0xDF3E, 0xDF3E, 0xDF3E, 0xDF3E, 0xDF3E, 0xDF3E, 0x9D35, 0x9D35,
  0x0000, 0x0000, 0x0000, 0x0000, 0x0000, 0x0000, 0x0000, 0x0000,
  0x0000, 0x0000, 0x0000, 0x0000, 0x0000, 0x0000, 0x0000, 0x0000,
  0x0000, 0x0000, 0x0000, 0x0000, 0x9D35, 0xDF3E, 0xDF3E, 0xDF3E,
  0xDF3E, 0xDF3E, 0xDF3E, 0xDF3E, 0xDF3E, 0xDF3E, 0xDF3E, 0xDF3E,
  0xDF3E, 0xDF3E, 0xDF3E, 0xDF3E, 0xDF3E, 0xDF3E, 0xDF3E, 0xDF3E,
  0xDF3E, 0xDF3E, 0xDF3E, 0xDF3E, 0xDF3E, 0xDF3E, 0xDF3E, 0xDF3E,
  0xDF3E, 0xDF3E, 0xDF3E, 0xDF3E, 0xDF3E, 0xDF3E, 0xDF3E, 0xDF3E,
  0xDF3E, 0xDF3E, 0xDF3E, 0xDF3E, 0xDF3E, 0xDF3E, 0x9D35, 0x9D35,
  0x0000, 0x0000, 0x0000, 0x0000, 0x0000, 0x0000, 0x0000, 0x0000,
  0x0000, 0x0000, 0x0000, 0x0000, 0x0000, 0x0000, 0x0000, 0x0000,
  0x0000, 0x0000, 0x0000, 0x0000, 0x9D35, 0xDF3E, 0xDF3E, 0xDF3E,
  0xDF3E, 0xDF3E, 0xDF3E, 0xDF3E, 0xDF3E, 0xDF3E, 0xDF3E, 0xDF3E,
  0xDF3E, 0xDF3E, 0xDF3E, 0xDF3E, 0xDF3E, 0xDF3E, 0xDF3E, 0xDF3E,
  0xDF3E, 0xDF3E, 0xDF3E, 0xDF3E, 0xDF3E, 0xDF3E, 0xDF3E, 0xDF3E,
  0xDF3E, 0xDF3E, 0xDF3E, 0xDF3E, 0xDF3E, 0xDF3E, 0xDF3E, 0xDF3E,
  0xDF3E, 0xDF3E, 0xDF3E, 0xDF3E, 0xDF3E, 0xDF3E, 0x9D35, 0x9D35,
  0x0000, 0x0000, 0x0000, 0x0000, 0x0000, 0x0000, 0x0000, 0x0000,
  0x0000, 0x0000, 0x0000, 0x0000, 0x0000, 0x0000, 0x0000, 0x0000,
  0x0000, 0x0000, 0x9D35, 0xDF3E, 0xDF3E, 0xDF3E, 0xDF3E, 0xDF3E,
  0xDF3E, 0xDF3E, 0xDF3E, 0xDF3E, 0xDF3E, 0xDF3E, 0xDF3E, 0xDF3E,
  0xDF3E, 0xDF3E, 0xDF3E, 0xDF3E, 0xDF3E, 0xDF3E, 0xDF3E, 0xDF3E,
  0xDF3E, 0xDF3E, 0xDF3E, 0xDF3E, 0xDF3E, 0xDF3E, 0xDF3E, 0xDF3E,
  0xDF3E, 0xDF3E, 0xDF3E, 0xDF3E, 0xDF3E, 0xDF3E, 0xDF3E, 0xDF3E,
  0xDF3E, 0xDF3E, 0xDF3E, 0xDF3E, 0xDF3E, 0xDF3E, 0x9D35, 0x9D35,
  0x0000, 0x0000, 0x0000, 0x0000, 0x0000, 0x0000, 0x0000, 0x0000,
  0x0000, 0x0000, 0x0000, 0x0000, 0x0000, 0x0000, 0x0000, 0x0000,
  0x0000, 0x0000, 0x9D35, 0xDF3E, 0xDF3E, 0xDF3E, 0xDF3E, 0xDF3E,
  0xDF3E, 0xDF3E, 0xDF3E, 0xDF3E, 0xDF3E, 0xDF3E, 0xDF3E, 0xDF3E,
  0xDF3E, 0xDF3E, 0xDF3E, 0xDF3E, 0xDF3E, 0xDF3E, 0xDF3E, 0xDF3E,
  0xDF3E, 0xDF3E, 0xDF3E, 0xDF3E, 0xDF3E, 0xDF3E, 0xDF3E, 0xDF3E,
  0xDF3E, 0xDF3E, 0xDF3E, 0xDF3E, 0xDF3E, 0xDF3E, 0xDF3E, 0xDF3E,
  0xDF3E, 0xDF3E, 0xDF3E, 0xDF3E, 0xDF3E, 0xDF3E, 0x9D35, 0x9D35,
  0x0000, 0x0000, 0x0000, 0x0000, 0x0000, 0x0000, 0x0000, 0x0000,
  0x0000, 0x0000, 0x0000, 0x0000, 0x0000, 0x0000, 0x0000, 0x0000,
  0x0000, 0x0000, 0x9D35, 0xDF3E, 0xDF3E, 0xDF3E, 0xDF3E, 0xDF3E,
  0xDF3E, 0xDF3E, 0xDF3E, 0xDF3E, 0xDF3E, 0xDF3E, 0xDF3E, 0xDF3E,
  0xDF3E, 0xDF3E, 0xDF3E, 0xDF3E, 0xDF3E, 0xDF3E, 0xDF3E, 0xDF3E,
  0xDF3E, 0xDF3E, 0xDF3E, 0xDF3E, 0xDF3E, 0xDF3E, 0xDF3E, 0xDF3E,
  0xDF3E, 0xDF3E, 0xDF3E, 0xDF3E, 0xDF3E, 0xDF3E, 0xDF3E, 0xDF3E,
  0xDF3E, 0xDF3E, 0xDF3E, 0xDF3E, 0xDF3E, 0xDF3E, 0x9D35, 0x9D35,
  0x0000, 0x0000, 0x0000, 0x0000, 0x0000, 0x0000, 0x0000, 0x0000,
  0x0000, 0x0000, 0x0000, 0x0000, 0x0000, 0x0000, 0x0000, 0x0000,
  0x0000, 0x0000, 0x9D35, 0xDF3E, 0xDF3E, 0xDF3E, 0xDF3E, 0xDF3E,
  0xDF3E, 0xDF3E, 0xDF3E, 0xDF3E, 0xDF3E, 0xDF3E, 0xDF3E, 0xDF3E,
  0xDF3E, 0xDF3E, 0xDF3E, 0xDF3E, 0xDF3E, 0xDF3E, 0xDF3E, 0xDF3E,
  0xDF3E, 0xDF3E, 0xDF3E, 0xDF3E, 0xDF3E, 0xDF3E, 0xDF3E, 0xDF3E,
  0xDF3E, 0xDF3E, 0xDF3E, 0xDF3E, 0xDF3E, 0xDF3E, 0xDF3E, 0xDF3E,
  0xDF3E, 0xDF3E, 0xDF3E, 0xDF3E, 0xDF3E, 0x9D35, 0x9D35, 0x0000,
  0x0000, 0x0000, 0x0000, 0x0000, 0x0000, 0x0000, 0x0000, 0x0000,
  0x0000, 0x0000, 0x0000, 0x0000, 0x0000, 0x0000, 0x0000, 0x0000,
  0x0000, 0x0000, 0x9D35, 0xDF3E, 0xDF3E, 0xDF3E, 0xDF3E, 0xDF3E,
  0xDF3E, 0xDF3E, 0xDF3E, 0xDF3E, 0xDF3E, 0xDF3E, 0xDF3E, 0xDF3E,
  0xDF3E, 0xDF3E, 0xDF3E, 0xDF3E, 0xDF3E, 0xDF3E, 0xDF3E, 0xDF3E,
  0xDF3E, 0xDF3E, 0xDF3E, 0xDF3E, 0xDF3E, 0xDF3E, 0xDF3E, 0xDF3E,
  0xDF3E, 0xDF3E, 0xDF3E, 0xDF3E, 0xDF3E, 0xDF3E, 0xDF3E, 0xDF3E,
  0xDF3E, 0xDF3E, 0xDF3E, 0xDF3E, 0xDF3E, 0x9D35, 0x9D35, 0x0000,
  0x0000, 0x0000, 0x0000, 0x0000, 0x0000, 0x0000, 0x0000, 0x0000,
  0x0000, 0x0000, 0x0000, 0x0000, 0x0000, 0x0000, 0x0000, 0x0000,
  0x0000, 0x0000, 0x9D35, 0xDF3E, 0xDF3E, 0xDF3E, 0xDF3E, 0xDF3E,
  0xDF3E, 0xDF3E, 0xDF3E, 0xDF3E, 0xDF3E, 0xDF3E, 0xDF3E, 0xDF3E,
  0xDF3E, 0xDF3E, 0xDF3E, 0xDF3E, 0xDF3E, 0xDF3E, 0xDF3E, 0xDF3E,
  0xDF3E, 0xDF3E, 0xDF3E, 0xDF3E, 0xDF3E, 0xDF3E, 0xDF3E, 0xDF3E,
  0xDF3E, 0xDF3E, 0xDF3E, 0xDF3E, 0xDF3E, 0xDF3E, 0xDF3E, 0xDF3E,
  0xDF3E, 0xDF3E, 0xDF3E, 0xDF3E, 0xDF3E, 0x9D35, 0x9D35, 0x0000,
  0x0000, 0x0000, 0x0000, 0x0000, 0x0000, 0x0000, 0x0000, 0x0000,
  0x0000, 0x0000, 0x0000, 0x0000, 0x0000, 0x0000, 0x0000, 0x0000,
  0x0000, 0x0000, 0x9D35, 0xDF3E, 0xDF3E, 0xDF3E, 0xDF3E, 0xDF3E,
  0xDF3E, 0xDF3E, 0xDF3E, 0xDF3E, 0xDF3E, 0xDF3E, 0xDF3E, 0xDF3E,
  0xDF3E, 0xDF3E, 0xDF3E, 0xDF3E, 0xDF3E, 0xDF3E, 0xDF3E, 0xDF3E,
  0xDF3E, 0xDF3E, 0xDF3E, 0xDF3E, 0xDF3E, 0xDF3E, 0xDF3E, 0xDF3E,
  0xDF3E, 0xDF3E, 0xDF3E, 0xDF3E, 0xDF3E, 0xDF3E, 0xDF3E, 0xDF3E,
  0xDF3E, 0xDF3E, 0xDF3E, 0xDF3E, 0xDF3E, 0x9D35, 0x9D35, 0x0000,
  0x0000, 0x0000, 0x0000, 0x0000, 0x0000, 0x0000, 0x0000, 0x0000,
  0x0000, 0x0000, 0x0000, 0x0000, 0x0000, 0x0000, 0x0000, 0x0000,
  0x0000, 0x0000, 0x9D35, 0xDF3E, 0xDF3E, 0xDF3E, 0xDF3E, 0xDF3E,
  0xDF3E, 0xDF3E, 0xDF3E, 0xDF3E, 0xDF3E, 0xDF3E, 0xDF3E, 0xDF3E,
  0xDF3E, 0xDF3E, 0xDF3E, 0xDF3E, 0xDF3E, 0xDF3E, 0xDF3E, 0xDF3E,
  0xDF3E, 0xDF3E, 0xDF3E, 0xDF3E, 0xDF3E, 0xDF3E, 0xDF3E, 0xDF3E,
  0xDF3E, 0xDF3E, 0xDF3E, 0xDF3E, 0xDF3E, 0xDF3E, 0xDF3E, 0xDF3E,
  0xDF3E, 0xDF3E, 0xDF3E, 0xDF3E, 0xDF3E, 0x9D35, 0x9D35, 0x0000,
  0x0000, 0x0000, 0x0000, 0x0000, 0x0000, 0x0000, 0x0000, 0x0000,
  0x0000, 0x0000, 0x0000, 0x0000, 0x0000, 0x0000, 0x0000, 0x0000,
  0x0000, 0x0000, 0x9D35, 0xDF3E, 0xDF3E, 0xDF3E, 0xDF3E, 0xDF3E,
  0xDF3E, 0xDF3E, 0xDF3E, 0xDF3E, 0xDF3E, 0xDF3E, 0xDF3E, 0xDF3E,
  0xDF3E, 0xDF3E, 0xDF3E, 0xDF3E, 0xDF3E, 0xDF3E, 0xDF3E, 0xDF3E,
  0xDF3E, 0xDF3E, 0xDF3E, 0xDF3E, 0xDF3E, 0xDF3E, 0xDF3E, 0xDF3E,
  0xDF3E, 0xDF3E, 0xDF3E, 0xDF3E, 0xDF3E, 0xDF3E, 0xDF3E, 0xDF3E,
  0xDF3E, 0xDF3E, 0xDF3E, 0xDF3E, 0xDF3E, 0x9D35, 0x9D35, 0x0000,
  0x0000, 0x0000, 0x0000, 0x0000, 0x0000, 0x0000, 0x0000, 0x0000,
  0x0000, 0x0000, 0x0000, 0x0000, 0x0000, 0x0000, 0x0000, 0x0000,
  0x0000, 0x0000, 0x9D35, 0xDF3E, 0xDF3E, 0xDF3E, 0xDF3E, 0xDF3E,
  0xDF3E, 0xDF3E, 0xDF3E, 0xDF3E, 0xDF3E, 0xDF3E, 0xDF3E, 0xDF3E,
  0xDF3E, 0xDF3E, 0xDF3E, 0xDF3E, 0xDF3E, 0xDF3E, 0xDF3E, 0xDF3E,
  0xDF3E, 0xDF3E, 0xDF3E, 0xDF3E, 0xDF3E, 0xDF3E, 0xDF3E, 0xDF3E,
  0xDF3E, 0xDF3E, 0xDF3E, 0xDF3E, 0xDF3E, 0xDF3E, 0xDF3E, 0xDF3E,
  0xDF3E, 0xDF3E, 0xDF3E, 0xDF3E, 0xDF3E, 0x9D35, 0x9D35, 0x0000,
  0x0000, 0x0000, 0x0000, 0x0000, 0x0000, 0x0000, 0x0000, 0x0000,
  0x0000, 0x0000, 0x0000, 0x0000, 0x0000, 0x0000, 0x0000, 0x0000,
  0x0000, 0x0000, 0x9D35, 0xDF3E, 0xDF3E, 0xDF3E, 0xDF3E, 0xDF3E,
  0xDF3E, 0xDF3E, 0xDF3E, 0xDF3E, 0xDF3E, 0xDF3E, 0xDF3E, 0xDF3E,
  0xDF3E, 0xDF3E, 0xDF3E, 0xDF3E, 0xDF3E, 0xDF3E, 0xDF3E, 0xDF3E,
  0xDF3E, 0xDF3E, 0xDF3E, 0xDF3E, 0xDF3E, 0xDF3E, 0xDF3E, 0xDF3E,
  0xDF3E, 0xDF3E, 0xDF3E, 0xDF3E, 0xDF3E, 0xDF3E, 0xDF3E, 0xDF3E,
  0xDF3E, 0xDF3E, 0xDF3E, 0xDF3E, 0xDF3E, 0x9D35, 0x9D35, 0x0000,
  0x0000, 0x0000, 0x0000, 0x0000, 0x0000, 0x0000, 0x0000, 0x0000,
  0x0000, 0x0000, 0x0000, 0x0000, 0x0000, 0x0000, 0x0000, 0x0000,
  0x0000, 0x0000, 0x9D35, 0xDF3E, 0xDF3E, 0xDF3E, 0xDF3E, 0xDF3E,
  0xDF3E, 0xDF3E, 0xDF3E, 0xDF3E, 0xDF3E, 0xDF3E, 0xDF3E, 0xDF3E,
  0xDF3E, 0xDF3E, 0xDF3E, 0xDF3E, 0xDF3E, 0xDF3E, 0xDF3E, 0xDF3E,
  0xDF3E, 0xDF3E, 0xDF3E, 0xDF3E, 0xDF3E, 0xDF3E, 0xDF3E, 0xDF3E,
  0xDF3E, 0xDF3E, 0xDF3E, 0xDF3E, 0xDF3E, 0xDF3E, 0xDF3E, 0xDF3E,
  0xDF3E, 0xDF3E, 0xDF3E, 0xDF3E, 0xDF3E, 0x9D35, 0x9D35, 0x0000,
  0x0000, 0x0000, 0x0000, 0x0000, 0x0000, 0x0000, 0x0000, 0x0000,
  0x0000, 0x0000, 0x0000, 0x0000, 0x0000, 0x0000, 0x0000, 0x0000,
  0x0000, 0x0000, 0x9D35, 0xDF3E, 0xDF3E, 0xDF3E, 0xDF3E, 0xDF3E,
  0xDF3E, 0xDF3E, 0xDF3E, 0xDF3E, 0xDF3E, 0xDF3E, 0xDF3E, 0xDF3E,
  0xDF3E, 0xDF3E, 0xDF3E, 0xDF3E, 0xDF3E, 0xDF3E, 0xDF3E, 0xDF3E,
  0xDF3E, 0xDF3E, 0xDF3E, 0xDF3E, 0xDF3E, 0xDF3E, 0xDF3E, 0xDF3E,
  0xDF3E, 0xDF3E, 0xDF3E, 0xDF3E, 0xDF3E, 0xDF3E, 0xDF3E, 0xDF3E,
  0xDF3E, 0xDF3E, 0xDF3E, 0xDF3E, 0xDF3E, 0x9D35, 0x9D35, 0x0000,
  0x0000, 0x0000, 0x0000, 0x0000, 0x0000, 0x0000, 0x0000, 0x0000,
  0x0000, 0x0000, 0x0000, 0x0000, 0x0000, 0x0000, 0x0000, 0x0000,
  0x0000, 0x0000, 0x9D35, 0xDF3E, 0xDF3E, 0xDF3E, 0xDF3E, 0xDF3E,
  0xDF3E, 0xDF3E, 0xDF3E, 0xDF3E, 0xDF3E, 0xDF3E, 0xDF3E, 0xDF3E,
  0xDF3E, 0xDF3E, 0xDF3E, 0xDF3E, 0xDF3E, 0xDF3E, 0xDF3E, 0xDF3E,
  0xDF3E, 0xDF3E, 0xDF3E, 0xDF3E, 0xDF3E, 0xDF3E, 0xDF3E, 0xDF3E,
  0xDF3E, 0xDF3E, 0xDF3E, 0xDF3E, 0xDF3E, 0xDF3E, 0xDF3E, 0xDF3E,
  0xDF3E, 0xDF3E, 0xDF3E, 0xDF3E, 0xDF3E, 0x9D35, 0x9D35, 0x0000,
  0x0000, 0x0000, 0x0000, 0x0000, 0x0000, 0x0000, 0x0000, 0x0000,
  0x0000, 0x0000, 0x0000, 0x0000, 0x0000, 0x0000, 0x0000, 0x0000,
  0x0000, 0x0000, 0x9D35, 0xDF3E, 0xDF3E, 0xDF3E, 0xDF3E, 0xDF3E,
  0xDF3E, 0xDF3E, 0xDF3E, 0xDF3E, 0xDF3E, 0xDF3E, 0xDF3E, 0xDF3E,
  0xDF3E, 0xDF3E, 0xDF3E, 0xDF3E, 0xDF3E, 0xDF3E, 0xDF3E, 0xDF3E,
  0xDF3E, 0xDF3E, 0xDF3E, 0xDF3E, 0xDF3E, 0xDF3E, 0xDF3E, 0xDF3E,
  0xDF3E, 0xDF3E, 0xDF3E, 0xDF3E, 0xDF3E, 0xDF3E, 0xDF3E, 0xDF3E,
  0xDF3E, 0xDF3E, 0xDF3E, 0xDF3E, 0xDF3E, 0x9D35, 0x9D35, 0x0000,
  0x0000, 0x0000, 0x0000, 0x0000, 0x0000, 0x0000, 0x0000, 0x0000,
  0x0000, 0x0000, 0x0000, 0x0000, 0x0000, 0x0000, 0x0000, 0x0000,
  0x0000, 0x0000, 0x9D35, 0xDF3E, 0xDF3E, 0xDF3E, 0xDF3E, 0xDF3E,
  0xDF3E, 0xDF3E, 0xDF3E, 0xDF3E, 0xDF3E, 0xDF3E, 0xDF3E, 0xDF3E,
  0xDF3E, 0xDF3E, 0xDF3E, 0xDF3E, 0xDF3E, 0xDF3E, 0xDF3E, 0xDF3E,
  0xDF3E, 0xDF3E, 0xDF3E, 0xDF3E, 0xDF3E, 0xDF3E, 0xDF3E, 0xDF3E,
  0xDF3E, 0xDF3E, 0xDF3E, 0xDF3E, 0xDF3E, 0xDF3E, 0xDF3E, 0xDF3E,
  0xDF3E, 0xDF3E, 0xDF3E, 0xDF3E, 0xDF3E, 0x9D35, 0x9D35, 0x0000,
  0x0000, 0x0000, 0x0000, 0x0000, 0x0000, 0x0000, 0x0000, 0x0000,
  0x0000, 0x0000, 0x0000, 0x0000, 0x0000, 0x0000, 0x0000, 0x0000,
  0x0000, 0x0000, 0x9D35, 0x9D35, 0x9D35, 0x9D35, 0x9D35, 0x9D35,
  0x9D35, 0x9D35, 0x9D35, 0x9D35, 0x9D35, 0x9D35, 0x9D35, 0x9D35,
  0x9D35, 0x9D35, 0x9D35, 0x9D35, 0x9D35, 0x9D35, 0x9D35, 0x9D35,
  0x9D35, 0x9D35, 0x9D35, 0x9D35, 0x9D35, 0x9D35, 0x9D35, 0x9D35,
  0x9D35, 0x9D35, 0x9D35, 0x9D35, 0x9D35, 0x9D35, 0x9D35, 0x9D35,
  0x9D35, 0x9D35, 0x9D35, 0x9D35, 0x9D35, 0x9D35, 0x9D35, 0x0000,
  0x0000, 0x0000, 0x0000, 0x0000, 0x0000, 0x0000, 0x0000, 0x0000,
  0x0000, 0x0000, 0x0000, 0x0000, 0x0000, 0x0000, 0x0000, 0x0000,
  0x0000, 0x0000, 0x0000, 0x0000, 0x0000, 0x0000, 0x0000, 0x0000,
  0x0000, 0x0000, 0x0000, 0x0000, 0x0000, 0x0000, 0x0000, 0x0000,
  0x0000, 0x0000, 0x0000, 0x0000, 0x0000, 0x0000, 0x0000, 0x0000,
  0x0000, 0x0000, 0x0000, 0x0000, 0x0000, 0x0000, 0x0000, 0x0000,
  0x0000, 0x0000, 0x0000, 0x0000, 0x0000, 0x0000, 0x0000, 0x0000,
  0x0000, 0x0000, 0x0000, 0x0000, 0x0000, 0x0000, 0x0000, 0x0000,
  0x0000, 0x0000, 0x0000, 0x0000, 0x0000, 0x0000, 0x0000, 0x0000,
  0x0000, 0x0000, 0x0000, 0x0000, 0x0000, 0x0000, 0x0000, 0x0000,
  0x0000, 0x0000, 0x0000, 0x0000, 0x0000, 0x0000, 0x0000, 0x0000,
  0x0000, 0x0000, 0x0000, 0x0000, 0x0000, 0x0000, 0x0000, 0x0000,
  0x0000, 0x0000, 0x0000, 0x0000, 0x0000, 0x0000, 0x0000, 0x0000,
  0x0000, 0x0000, 0x0000, 0x0000, 0x0000, 0x0000, 0x0000, 0x0000,
  0x0000, 0x0000, 0x0000, 0x0000, 0x0000, 0x0000, 0x0000, 0x0000,
  0x0000, 0x0000, 0x0000, 0x0000, 0x0000, 0x0000, 0x0000, 0x0000,
  0x0000, 0x0000, 0x0000, 0x0000, 0x0000, 0x0000, 0x0000, 0x0000,
  0x0000, 0x0000, 0x0000, 0x0000, 0x0000, 0x0000, 0x0000, 0x0000,
  0x0000, 0x0000, 0x0000, 0x0000, 0x0000, 0x0000, 0x0000, 0x0000,
  0x0000, 0x0000, 0x0000, 0x0000, 0x0000, 0x0000, 0x0000, 0x0000,
  0x0000, 0x0000, 0x0000, 0x0000, 0x0000, 0x0000, 0x0000, 0x0000,
  0x0000, 0x0000, 0x0000, 0x0000, 0x0000, 0x0000, 0x0000, 0x0000,
  0x0000, 0x0000, 0x0000, 0x0000, 0x0000, 0x0000, 0x0000, 0x0000,
  0x0000, 0x0000, 0x0000, 0x0000, 0x0000, 0x0000, 0x0000, 0x0000,
  0x0000, 0x0000, 0x0000, 0x0000, 0x0000, 0x0000, 0x0000, 0x0000,
  0x0000, 0x0000, 0x0000, 0x0000, 0x0000, 0x0000, 0x0000, 0x0000,
  0x0000, 0x0000, 0x0000, 0x0000, 0x0000, 0x0000, 0x0000, 0x0000,
  0x0000, 0x0000, 0x0000, 0x0000, 0x0000, 0x0000, 0x0000, 0x0000,
  0x0000, 0x0000, 0x0000, 0x0000, 0x0000, 0x0000, 0x0000, 0x0000,
  0x0000, 0x0000, 0x0000, 0x0000, 0x0000, 0x0000, 0x0000, 0x0000,
  0x0000, 0x0000, 0x0000, 0x0000, 0x0000, 0x0000, 0x0000, 0x0000,
  0x0000, 0x0000, 0x0000, 0x0000, 0x0000, 0x0000, 0x0000, 0x0000,
  0x0000, 0x0000, 0x0000, 0x0000, 0x0000, 0x0000, 0x0000, 0x0000,
  0x0000, 0x0000, 0x0000, 0x0000, 0x0000, 0x0000, 0x0000, 0x0000,
  0x0000, 0x0000, 0x0000, 0x0000, 0x0000, 0x0000, 0x0000, 0x0000,
  0x0000, 0x0000, 0x0000, 0x0000, 0x0000, 0x0000, 0x0000, 0x0000,
  0x0000, 0x0000, 0x0000, 0x0000, 0x0000, 0x0000, 0x0000, 0x0000,
  0x0000, 0x0000, 0x0000, 0x0000, 0x0000, 0x0000, 0x0000, 0x0000,
  0x0000, 0x0000, 0x0000, 0x0000, 0x0000, 0x0000, 0x0000, 0x0000,
  0x0000, 0x0000, 0x0000, 0x0000, 0x0000, 0x0000, 0x0000, 0x0000,
  0x0000, 0x0000, 0x0000, 0x0000, 0x0000, 0x0000, 0x0000, 0x0000,
  0x0000, 0x0000, 0x0000, 0x0000, 0x0000, 0x0000, 0x0000, 0x0000,
  0x0000, 0x0000, 0x0000, 0x0000, 0x0000, 0x0000, 0x0000, 0x0000,
  0x0000, 0x0000, 0x0000, 0x0000, 0x0000, 0x0000, 0x0000, 0x0000,
  0x0000, 0x0000, 0x0000, 0x0000, 0x0000, 0x0000, 0x0000, 0x0000,
  0x0000, 0x0000, 0x0000, 0x0000, 0x0000, 0x0000, 0x0000, 0x0000,
  0x0000, 0x0000, 0x0000, 0x0000, 0x0000, 0x0000, 0x0000, 0x0000,
  0x0000, 0x0000, 0x0000, 0x0000, 0x0000, 0x0000, 0x0000, 0x0000,
  0x0000, 0x0000, 0x0000, 0x0000, 0x0000, 0x0000, 0x0000, 0x0000,
  0x0000, 0x0000, 0x0000, 0x0000, 0x0000, 0x0000, 0x0000, 0x0000,
  0x0000, 0x0000, 0x0000, 0x0000, 0x0000, 0x0000, 0x0000, 0x0000,
  0x0000, 0x0000, 0x0000, 0x0000, 0x0000, 0x0000, 0x0000, 0x0000,
  0x0000, 0x0000, 0x0000, 0x0000, 0x0000, 0x0000, 0x0000, 0x0000,
  0x0000, 0x0000, 0x0000, 0x0000, 0x0000, 0x0000, 0x0000, 0x0000,
  0x0000, 0x0000, 0x0000, 0x0000, 0x0000, 0x0000, 0x0000, 0x0000,
  0x0000, 0x0000, 0x0000, 0x0000, 0x0000, 0x0000, 0x0000, 0x0000,
  0x0000, 0x0000, 0x0000, 0x0000, 0x0000, 0x0000, 0x0000, 0x0000,
  0x0000, 0x0000, 0x0000, 0x0000, 0x0000, 0x0000, 0x0000, 0x0000,
  0x0000, 0x0000, 0x0000, 0x0000, 0x0000, 0x0000, 0x0000, 0x0000,
  0x0000, 0x0000, 0x0000, 0x0000, 0x0000, 0x0000, 0x0000, 0x0000,
  0x0000, 0x0000, 0x0000, 0x0000, 0x0000, 0x0000, 0x0000, 0x0000,
  0x0000, 0x0000, 0x0000, 0x0000, 0x0000, 0x0000, 0x0000, 0x0000,
  0x0000, 0x0000, 0x0000, 0x0000, 0x0000, 0x0000, 0x0000, 0x0000,
  0x0000, 0x0000, 0x0000, 0x0000, 0x0000, 0x0000, 0x0000, 0x0000,
  0x0000, 0x0000, 0x0000, 0x0000, 0x0000, 0x0000, 0x0000, 0x0000,
  0x0000, 0x0000, 0x0000, 0x0000, 0x0000, 0x0000, 0x0000, 0x0000,
  0x0000, 0x0000, 0x0000, 0x0000, 0x0000, 0x0000, 0x0000, 0x0000,
  0x0000, 0x0000, 0x0000, 0x0000, 0x0000, 0x0000, 0x0000, 0x0000,
  0x0000, 0x0000, 0x0000, 0x0000, 0x0000, 0x0000, 0x0000, 0x0000,
  0x0000, 0x0000, 0x0000, 0x0000, 0x0000, 0x0000, 0x0000, 0x0000,
  0x0000, 0x0000, 0x0000, 0x0000, 0x0000, 0x0000, 0x0000, 0x0000,
  0x0000, 0x0000, 0x0000, 0x0000, 0x0000, 0x0000, 0x0000, 0x0000,
  0x0000, 0x0000, 0x0000, 0x0000, 0x0000, 0x0000, 0x0000, 0x0000,
  0x0000, 0x0000, 0x0000, 0x0000, 0x0000, 0x0000, 0x0000, 0x0000,
  0x0000, 0x0000, 0x0000, 0x0000, 0x0000, 0x0000, 0x0000, 0x0000,
  0x0000, 0x0000, 0x0000, 0x0000, 0x0000, 0x0000, 0x0000, 0x0000,
  0x0000, 0x0000, 0x0000, 0x0000, 0x0000, 0x0000, 0x0000, 0x0000,
  0x0000, 0x0000, 0x0000, 0x0000, 0x0000, 0x0000, 0x0000, 0x0000,
  0x0000, 0x0000, 0x0000, 0x0000, 0x0000, 0x0000, 0x0000, 0x0000,
  0x0000, 0x0000, 0x0000, 0x0000, 0x0000, 0x0000, 0x0000, 0x0000,
  0x0000, 0x0000, 0x0000, 0x0000, 0x0000, 0x0000, 0x0000, 0x0000,
  0x0000, 0x0000, 0x0000, 0x0000, 0x0000, 0x0000, 0x0000, 0x0000,
  0x0000, 0x0000, 0x0000, 0x0000, 0x0000, 0x0000, 0x0000, 0x0000,
  0x0000, 0x0000, 0x0000, 0x0000, 0x0000, 0x0000, 0x0000, 0x0000,
  0x0000, 0x0000, 0x0000, 0x0000, 0x0000, 0x0000, 0x0000, 0x0000,
  0x0000, 0x0000, 0x0000, 0x0000, 0x0000, 0x0000, 0x0000, 0x0000,
  0x0000, 0x0000, 0x0000, 0x0000, 0x0000, 0x0000, 0x0000, 0x0000,
  0x0000, 0x0000, 0x0000, 0x0000, 0x0000, 0x0000, 0x0000, 0x0000,
  0x0000, 0x0000, 0x0000, 0x0000, 0x0000, 0x0000, 0x0000, 0x0000,
  0x0000, 0x0000, 0x0000, 0x0000, 0x0000, 0x0000, 0x0000, 0x0000,
  0x0000, 0x0000, 0x0000, 0x0000, 0x0000, 0x0000, 0x0000, 0x0000,
  0x0000, 0x0000, 0x0000, 0x0000, 0x0000, 0x0000, 0x0000, 0x0000,
  0x0000, 0x0000, 0x0000, 0x0000, 0x0000, 0x0000, 0x0000, 0x0000,
  0x0000, 0x0000, 0x0000, 0x0000, 0x0000, 0x0000, 0x0000, 0x0000,
  0x0000, 0x0000, 0x0000, 0x0000, 0x0000, 0x0000, 0x0000, 0x0000,
  0x0000, 0x0000, 0x0000, 0x0000, 0x0000, 0x0000, 0x0000, 0x0000,
  0x0000, 0x0000, 0x0000, 0x0000, 0x0000, 0x0000, 0x0000, 0x0000,
  0x0000, 0x0000, 0x0000, 0x0000, 0x0000, 0x0000, 0x0000, 0x0000,
  0x0000, 0x0000, 0x0000, 0x0000, 0x0000, 0x0000, 0x0000, 0x0000,
  0x0000, 0x0000, 0x0000, 0x0000, 0x0000, 0x0000, 0x0000, 0x0000,
  0x0000, 0x0000, 0x0000, 0x0000, 0x0000, 0x0000, 0x0000, 0x0000,
  0x0000, 0x0000, 0x0000, 0x0000, 0x0000, 0x0000, 0x0000, 0x0000,
  0x0000, 0x0000, 0x0000, 0x0000, 0x0000, 0x0000, 0x0000, 0x0000,
  0x0000, 0x0000, 0x0000, 0x0000, 0x0000, 0x0000, 0x0000, 0x0000,
  0x0000, 0x0000, 0x0000, 0x0000, 0x0000, 0x0000, 0x0000, 0x0000,
  0x0000, 0x0000, 0x0000, 0x0000, 0x0000, 0x0000, 0x0000, 0x0000,
  0x0000, 0x0000, 0x0000, 0x0000, 0x0000, 0x0000, 0x0000, 0x0000,
  0x0000, 0x0000, 0x0000, 0x0000, 0x0000, 0x0000, 0x0000, 0x0000,
  0x0000, 0x0000, 0x0000, 0x0000, 0x0000, 0x0000, 0x0000, 0x0000,
  0x0000, 0x0000, 0x0000, 0x0000, 0x0000, 0x0000, 0x0000, 0x0000,
  0x0000, 0x0000, 0x0000, 0x0000, 0x0000, 0x0000, 0x0000, 0x0000,
  0x0000, 0x0000, 0x0000, 0x0000, 0x0000, 0x0000, 0x0000, 0x0000,
  0x0000, 0x0000, 0x0000, 0x0000, 0x0000, 0x0000, 0x0000, 0x0000,
  0x0000, 0x0000, 0x0000, 0x0000, 0x0000, 0x0000, 0x0000, 0x0000,
  0x0000, 0x0000, 0x0000, 0x0000, 0x0000, 0x0000, 0x0000, 0x0000,
  0x0000, 0x0000, 0x0000, 0x0000, 0x0000, 0x0000, 0x0000, 0x0000,
  0x0000, 0x0000, 0x0000, 0x0000, 0x0000, 0x0000, 0x0000, 0x0000,
  0x0000, 0x0000, 0x0000, 0x0000, 0x0000, 0x0000, 0x0000, 0x0000,
  0x0000, 0x0000, 0x0000, 0x0000, 0x0000, 0x0000, 0x0000, 0x0000,
  0x0000, 0x0000, 0x0000, 0x0000, 0x0000, 0x0000, 0x0000, 0x0000,
  0x0000, 0x0000, 0x0000, 0x0000, 0x0000, 0x0000, 0x0000, 0x0000,
  0x0000, 0x0000, 0x0000, 0x0000, 0x0000, 0x0000, 0x0000, 0x0000,
  0x0000, 0x0000, 0x0000, 0x0000, 0x0000, 0x0000, 0x0000, 0x0000,
  0x0000, 0x0000, 0x0000, 0x0000, 0x0000, 0x0000, 0x0000, 0x0000,
  0x0000, 0x0000, 0x0000, 0x0000, 0x0000, 0x0000, 0x0000, 0x0000,
  0x0000, 0x0000, 0x0000, 0x0000, 0x0000, 0x0000, 0x0000, 0x0000,
  0x0000, 0x0000, 0x0000, 0x0000, 0x0000, 0x0000, 0x0000, 0x0000,
  0x0000, 0x0000, 0x0000, 0x0000, 0x0000, 0x0000, 0x0000, 0x0000,
  0x0000, 0x0000, 0x0000, 0x0000, 0x0000, 0x0000, 0x0000, 0x0000,
  0x0000, 0x0000, 0x0000, 0x0000, 0x0000, 0x0000, 0x0000, 0x0000,
  0x0000, 0x0000, 0x0000, 0x0000, 0x0000, 0x0000, 0x0000, 0x0000,
  0x0000, 0x0000, 0x0000, 0x0000, 0x0000, 0x0000, 0x0000, 0x0000,
  0x0000, 0x0000, 0x0000, 0x0000, 0x0000, 0x0000, 0x0000, 0x0000,
  0x0000, 0x0000, 0x0000, 0x0000, 0x0000, 0x0000, 0x0000, 0x0000,
  0x0000, 0x0000, 0x0000, 0x0000, 0x0000, 0x0000, 0x0000, 0x0000,
  0x0000, 0x0000, 0x0000, 0x0000, 0x0000, 0x0000, 0x0000, 0x0000,
  0x0000, 0x0000, 0x0000, 0x0000, 0x0000, 0x0000, 0x0000, 0x0000,
  0x0000, 0x0000, 0x0000, 0x0000, 0x0000, 0x0000, 0x0000, 0x0000,
  0x0000, 0x0000, 0x0000, 0x0000, 0x0000, 0x0000, 0x0000, 0x0000,
  0x0000, 0x0000, 0x0000, 0x0000, 0x0000, 0x0000, 0x0000, 0x0000,
  0x0000, 0x0000, 0x0000, 0x0000, 0x0000, 0x0000, 0x0000, 0x0000,
  0x0000, 0x0000, 0x0000, 0x0000, 0x0000, 0x0000, 0x0000, 0x0000,
  0x0000, 0x0000, 0x0000, 0x0000, 0x0000, 0x0000, 0x0000, 0x0000,
  0x0000, 0x0000, 0x0000, 0x0000, 0x0000, 0x0000, 0x0000, 0x0000,
  0x0000, 0x0000, 0x0000, 0x0000, 0x0000, 0x0000, 0x0000, 0x0000,
  0x0000, 0x0000, 0x0000, 0x0000, 0x0000, 0x0000, 0x0000, 0x0000,
  0x0000, 0x0000, 0x0000, 0x0000, 0x0000, 0x0000, 0x0000, 0x0000,
  0x0000, 0x0000, 0x0000, 0x0000, 0x0000, 0x0000, 0x0000, 0x0000,
  0x0000, 0x0000, 0x0000, 0x0000, 0x0000, 0x0000, 0x0000, 0x0000,
  0x0000, 0x0000, 0x0000, 0x0000, 0x0000, 0x0000, 0x0000, 0x0000,
  0x0000, 0x0000, 0x0000, 0x0000, 0x0000, 0x0000, 0x0000, 0x0000,
  0x0000, 0x0000, 0x0000, 0x0000, 0x0000, 0x0000, 0x0000, 0x0000,
  0x0000, 0x0000, 0x0000, 0x0000, 0x0000, 0x0000, 0x0000, 0x0000,
  0x0000, 0x0000, 0x0000, 0x0000, 0x0000, 0x0000, 0x0000, 0x0000,
  0x0000, 0x0000, 0x0000, 0x0000, 0x0000, 0x0000, 0x0000, 0x0000,
  0x0000, 0x0000, 0x0000, 0x0000, 0x0000, 0x0000, 0x0000, 0x0000,
  0x0000, 0x0000, 0x0000, 0x0000, 0x0000, 0x0000, 0x0000, 0x0000,
  0x0000, 0x0000, 0x0000, 0x0000, 0x0000, 0x0000, 0x0000, 0x0000,
  0x0000, 0x0000, 0x0000, 0x0000, 0x0000, 0x0000, 0x0000, 0x0000,
  0x0000, 0x0000, 0x0000, 0x0000, 0x0000, 0x0000, 0x0000, 0x0000,
  0x0000, 0x0000, 0x0000, 0x0000, 0x0000, 0x0000, 0x0000, 0x0000,
  0x0000, 0x0000, 0x0000, 0x0000, 0x0000, 0x0000, 0x0000, 0x0000,
  0x0000, 0x0000, 0x0000, 0x0000, 0x0000, 0x0000, 0x0000, 0x0000,
  0x0000, 0x0000, 0x0000, 0x0000, 0x0000, 0x0000, 0x0000, 0x0000,
  0x0000, 0x0000, 0x0000, 0x0000, 0x0000, 0x0000, 0x0000, 0x0000,
  0x0000, 0x0000, 0x0000, 0x0000, 0x0000, 0x0000, 0x0000, 0x0000,
  0x0000, 0x0000, 0x0000, 0x0000, 0x0000, 0x0000, 0x0000, 0x0000,
  0x0000, 0x0000, 0x0000, 0x0000, 0x0000, 0x0000, 0x0000, 0x0000,
  0x0000, 0x0000, 0x0000, 0x0000, 0x0000, 0x0000, 0x0000, 0x0000,
};

static const uint16_t icon_broken[4096] PROGMEM = {
  0x0000, 0x0000, 0x0000, 0x0000, 0x0000, 0x0000, 0x0000, 0x0000,
  0x0000, 0x0000, 0x0000, 0x0000, 0x0000, 0x0000, 0x0000, 0x0000,
  0x0000, 0x0000, 0x0000, 0x0000, 0x0000, 0x0000, 0x0000, 0x0000,
  0x0000, 0x0000, 0x0000, 0x0000, 0x0000, 0x0000, 0x0000, 0x0000,
  0x0000, 0x0000, 0x0000, 0x0000, 0x0000, 0x0000, 0x0000, 0x0000,
  0x0000, 0x0000, 0x0000, 0x0000, 0x0000, 0x0000, 0x0000, 0x0000,
  0x0000, 0x0000, 0x0000, 0x0000, 0x0000, 0x0000, 0x0000, 0x0000,
  0x0000, 0x0000, 0x0000, 0x0000, 0x0000, 0x0000, 0x0000, 0x0000,
  0x0000, 0x0000, 0x0000, 0x0000, 0x0000, 0x0000, 0x0000, 0x0000,
  0x0000, 0x0000, 0x0000, 0x0000, 0x0000, 0x0000, 0x0000, 0x0000,
  0x0000, 0x0000, 0x0000, 0x0000, 0x0000, 0x0000, 0x0000, 0x9D35,
  0x9D35, 0x9D35, 0x9D35, 0x9D35, 0x9D35, 0x9D35, 0x0000, 0x0000,
  0x0000, 0x0000, 0x0000, 0x0000, 0x0000, 0x0000, 0x0000, 0x0000,
  0x0000, 0x0000, 0x0000, 0x0000, 0x0000, 0x0000, 0x0000, 0x0000,
  0x0000, 0x0000, 0x0000, 0x0000, 0x0000, 0x0000, 0x0000, 0x0000,
  0x0000, 0x0000, 0x0000, 0x0000, 0x0000, 0x0000, 0x0000, 0x0000,
  0x0000, 0x0000, 0x0000, 0x0000, 0x0000, 0x0000, 0x0000, 0x0000,
  0x0000, 0x0000, 0x0000, 0x0000, 0x0000, 0x0000, 0x0000, 0x0000,
  0x0000, 0x0000, 0x0000, 0x0000, 0x9D35, 0x9D35, 0x9D35, 0x9D35,
  0x9D35, 0x9D35, 0x9D35, 0x9D35, 0x9D35, 0x9D35, 0x9D35, 0x9D35,
  0x9D35, 0x0000, 0x0000, 0x0000, 0x0000, 0x0000, 0x0000, 0x0000,
  0x0000, 0x0000, 0x0000, 0x0000, 0x0000, 0x0000, 0x0000, 0x0000,
  0x0000, 0x0000, 0x0000, 0x0000, 0x0000, 0x0000, 0x0000, 0x0000,
  0x0000, 0x0000, 0x0000, 0x0000, 0x0000, 0x0000, 0x0000, 0x0000,
  0x0000, 0x0000, 0x0000, 0x0000, 0x0000, 0x0000, 0x0000, 0x0000,
  0x0000, 0x0000, 0x0000, 0x0000, 0x0000, 0x0000, 0x0000, 0x0000,
  0x0000, 0x0000, 0x0000, 0x9D35, 0x9D35, 0x9D35, 0x9D35, 0x9D35,
  0x9D35, 0x9D35, 0x9D35, 0x9D35, 0x9D35, 0x9D35, 0x9D35, 0x9D35,
  0x9D35, 0x9D35, 0x0000, 0x0000, 0x0000, 0x0000, 0x0000, 0x0000,
  0x0000, 0x0000, 0x0000, 0x0000, 0x0000, 0x0000, 0x0000, 0x0000,
  0x0000, 0x0000, 0x0000, 0x0000, 0x0000, 0x0000, 0x0000, 0x0000,
  0x0000, 0x0000, 0x0000, 0x0000, 0x0000, 0x0000, 0x0000, 0x0000,
  0x0000, 0x0000, 0x0000, 0x0000, 0x0000, 0x0000, 0x0000, 0x0000,
  0x0000, 0x0000, 0x0000, 0x0000, 0x0000, 0x0000, 0x0000, 0x0000,
  0x0000, 0x9D35, 0x9D35, 0x9D35, 0x9D35, 0x9D35, 0x9D35, 0x9D35,
  0x9D35, 0x9D35, 0x9D35, 0x9D35, 0x9D35, 0x9D35, 0x9D35, 0x9D35,
  0x9D35, 0x9D35, 0x9D35, 0x9D35, 0x0000, 0x0000, 0x0000, 0x0000,
  0x0000, 0x0000, 0x0000, 0x0000, 0x0000, 0x0000, 0x0000, 0x0000,
  0x0000, 0x0000, 0x0000, 0x0000, 0x0000, 0x0000, 0x0000, 0x0000,
  0x0000, 0x0000, 0x0000, 0x0000, 0x0000, 0x0000, 0x0000, 0x0000,
  0x0000, 0x0000, 0x0000, 0x0000, 0x0000, 0x0000, 0x0000, 0x0000,
  0x0000, 0x0000, 0x0000, 0x0000, 0x0000, 0x0000, 0x0000, 0x0000,
  0x9D35, 0x9D35, 0x9D35, 0x9D35, 0x9D35, 0x9D35, 0x9D35, 0x9D35,
  0x9D35, 0x9D35, 0x9D35, 0x9D35, 0x9D35, 0x9D35, 0x9D35, 0x9D35,
  0x9D35, 0x9D35, 0x9D35, 0x9D35, 0x9D35, 0x0000, 0x0000, 0x0000,
  0x0000, 0x0000, 0x0000, 0x0000, 0x0000, 0x0000, 0x0000, 0x0000,
  0x0000, 0x0000, 0x0000, 0x0000, 0x0000, 0x0000, 0x0000, 0x0000,
  0x0000, 0x0000, 0x0000, 0x0000, 0x0000, 0x0000, 0x0000, 0x0000,
  0x0000, 0x0000, 0x0000, 0x0000, 0x0000, 0x0000, 0x0000, 0x0000,
  0x0000, 0x0000, 0x0000, 0x0000, 0x0000, 0x0000, 0x0000, 0x9D35,
  0x9D35, 0x9D35, 0x9D35, 0x9D35, 0x9D35, 0x9D35, 0x9D35, 0x9D35,
  0x9D35, 0x9D35, 0x9D35, 0x9D35, 0x9D35, 0x9D35, 0x9D35, 0x9D35,
  0x9D35, 0x9D35, 0x9D35, 0x9D35, 0x9D35, 0x9D35, 0x0000, 0x0000,
  0x0000, 0x0000, 0x0000, 0x0000, 0x0000, 0x0000, 0x0000, 0x0000,
  0x0000, 0x0000, 0x0000, 0x0000, 0x0000, 0x0000, 0x0000, 0x0000,
  0x0000, 0x0000, 0x0000, 0x0000, 0x0000, 0x0000, 0x0000, 0x0000,
  0x0000, 0x0000, 0x0000, 0x0000, 0x0000, 0x0000, 0x0000, 0x0000,
  0x0000, 0x0000, 0x0000, 0x0000, 0x0000, 0x0000, 0x0000, 0x9D35,
  0x9D35, 0x9D35, 0x9D35, 0x9D35, 0x9D35, 0x9D35, 0x9D35, 0x9D35,
  0x9D35, 0x9D35, 0x9D35, 0x9D35, 0x9D35, 0x9D35, 0x9D35, 0x9D35,
  0x9D35, 0x9D35, 0x9D35, 0x9D35, 0x9D35, 0x9D35, 0x0000, 0x0000,
  0x0000, 0x0000, 0x0000, 0x0000, 0x0000, 0x0000, 0x0000, 0x0000,
  0x0000, 0x0000, 0x0000, 0x0000, 0x0000, 0x0000, 0x0000, 0x0000,
  0x0000, 0x0000, 0x0000, 0x0000, 0x0000, 0x0000, 0x0000, 0x0000,
  0x0000, 0x0000, 0x0000, 0x0000, 0x0000, 0x0000, 0x0000, 0x0000,
  0x0000, 0x0000, 0x0000, 0x0000, 0x0000, 0x0000, 0x9D35, 0x9D35,
  0x9D35, 0x9D35, 0x9D35, 0x9D35, 0x9D35, 0x9D35, 0x9D35, 0x9D35,
  0x9D35, 0x9D35, 0x9D35, 0x9D35, 0x9D35, 0x9D35, 0x9D35, 0x9D35,
  0x9D35, 0x9D35, 0x9D35, 0x9D35, 0x9D35, 0x9D35, 0x9D35, 0x9D35,
  0x9D35, 0x9D35, 0x0000, 0x0000, 0x0000, 0x0000, 0x0000, 0x0000,
  0x0000, 0x0000, 0x0000, 0x0000, 0x0000, 0x0000, 0x0000, 0x0000,
  0x0000, 0x0000, 0x0000, 0x0000, 0x0000, 0x0000, 0x0000, 0x0000,
  0x0000, 0x0000, 0x0000, 0x0000, 0x0000, 0x0000, 0x0000, 0x0000,
  0x0000, 0x0000, 0x0000, 0x0000, 0x0000, 0x9D35, 0x9D35, 0x9D35,
  0x9D35, 0x9D35, 0x9D35, 0x9D35, 0x9D35, 0x9D35, 0x9D35, 0x9D35,
  0x9D35, 0x9D35, 0x9D35, 0x9D35, 0x9D35, 0x9D35, 0x9D35, 0x9D35,
  0x9D35, 0x9D35, 0x9D35, 0x9D35, 0x9D35, 0x9D35, 0x9D35, 0x9D35,
  0x9D35, 0x9D35, 0x9D35, 0x9D35, 0x0000, 0x0000, 0x0000, 0x0000,
  0x0000, 0x0000, 0x0000, 0x0000, 0x0000, 0x0000, 0x0000, 0x0000,
  0x0000, 0x0000, 0x0000, 0x0000, 0x0000, 0x0000, 0x0000, 0x0000,
  0x0000, 0x0000, 0x0000, 0x0000, 0x0000, 0x0000, 0x0000, 0x0000,
  0x0000, 0x0000, 0x0000, 0x0000, 0x0000, 0x9D35, 0x9D35, 0x9D35,
  0x9D35, 0x9D35, 0x9D35, 0x9D35, 0x9D35, 0x9D35, 0x9D35, 0x9D35,
  0x9D35, 0x9D35, 0x9D35, 0x9D35, 0x9D35, 0x9D35, 0x9D35, 0x9D35,
  0x9D35, 0x9D35, 0x9D35, 0x9D35, 0x9D35, 0x9D35, 0x9D35, 0x9D35,
  0x9D35, 0x9D35, 0x9D35, 0x9D35, 0x9D35, 0x0000, 0x0000, 0x0000,
  0x0000, 0x0000, 0x0000, 0x0000, 0x0000, 0x0000, 0x0000, 0x0000,
  0x0000, 0x0000, 0x0000, 0x0000, 0x0000, 0x0000, 0x0000, 0x0000,
  0x0000, 0x0000, 0x0000, 0x0000, 0x0000, 0x0000, 0x0000, 0x0000,
  0x0000, 0x0000, 0x0000, 0x9D35, 0x9D35, 0x9D35, 0x9D35, 0x9D35,
  0x9D35, 0x9D35, 0x9D35, 0x9D35, 0x9D35, 0x9D35, 0x9D35, 0x9D35,
  0x9D35, 0x9D35, 0x9D35, 0x9D35, 0x9D35, 0x9D35, 0x9D35, 0x9D35,
  0x9D35, 0x9D35, 0x9D35, 0x9D35, 0x9D35, 0x9D35, 0x9D35, 0x9D35,
  0x9D35, 0x9D35, 0x9D35, 0x9D35, 0x9D35, 0x9D35, 0x9D35, 0x0000,
  0x0000, 0x0000, 0x0000, 0x0000, 0x0000, 0x0000, 0x0000, 0x0000,
  0x0000, 0x0000, 0x0000, 0x0000, 0x0000, 0x0000, 0x0000, 0x0000,
  0x0000, 0x0000, 0x0000, 0x0000, 0x0000, 0x0000, 0x0000, 0x0000,
  0x0000, 0x0000, 0x9D35, 0x9D35, 0x9D35, 0x9D35, 0x9D35, 0x9D35,
  0x9D35, 0x9D35, 0x9D35, 0x9D35, 0x9D35, 0x9D35, 0x9D35, 0x9D35,
  0x9D35, 0x9D35, 0x9D35, 0x9D35, 0x9D35, 0x9D35, 0x9D35, 0x9D35,
  0x9D35, 0x9D35, 0x9D35, 0x9D35, 0x9D35, 0x9D35, 0x9D35, 0x9D35,
  0x9D35, 0x9D35, 0x9D35, 0x9D35, 0x9D35, 0x9D35, 0x9D35, 0x0000,
  0x0000, 0x0000, 0x0000, 0x0000, 0x0000, 0x0000, 0x0000, 0x0000,
  0x0000, 0x0000, 0x0000, 0x0000, 0x0000, 0x0000, 0x0000, 0x0000,
  0x0000, 0x0000, 0x0000, 0x0000, 0x0000, 0x0000, 0x0000, 0x0000,
  0x0000, 0x9D35, 0x9D35, 0x9D35, 0x9D35, 0x9D35, 0x9D35, 0x9D35,
  0x9D35, 0x9D35, 0x9D35, 0x9D35, 0x9D35, 0x9D35, 0x9D35, 0x9D35,
  0x9D35, 0x9D35, 0x9D35, 0x9D35, 0x9D35, 0x9D35, 0x9D35, 0x9D35,
  0x9D35, 0x9D35, 0x9D35, 0x9D35, 0x9D35, 0x9D35, 0x9D35, 0x9D35,
  0x9D35, 0x9D35, 0x9D35, 0x9D35, 0x9D35, 0x9D35, 0x9D35, 0x9D35,
  0x0000, 0x0000, 0x0000, 0x0000, 0x0000, 0x0000, 0x0000, 0x0000,
  0x0000, 0x0000, 0x0000, 0x0000, 0x0000, 0x0000, 0x0000, 0x0000,
  0x0000, 0x0000, 0x0000, 0x0000, 0x0000, 0x0000, 0x0000, 0x0000,
  0x9D35, 0x9D35, 0x9D35, 0x9D35, 0x9D35, 0x9D35, 0x9D35, 0x9D35,
  0x9D35, 0x9D35, 0x9D35, 0x9D35, 0x9D35, 0x9D35, 0x9D35, 0x9D35,
  0x9D35, 0x9D35, 0x9D35, 0x9D35, 0x9D35, 0x9D35, 0x9D35, 0x9D35,
  0x9D35, 0x9D35, 0x9D35, 0x9D35, 0x9D35, 0x9D35, 0x9D35, 0x9D35,
  0x9D35, 0x9D35, 0x9D35, 0x9D35, 0x9D35, 0x9D35, 0x9D35, 0x9D35,
  0x9D35, 0x0000, 0x0000, 0x0000, 0x0000, 0x0000, 0x0000, 0x0000,
  0x0000, 0x0000, 0x0000, 0x0000, 0x0000, 0x0000, 0x0000, 0x0000,
  0x0000, 0x0000, 0x0000, 0x0000, 0x0000, 0x0000, 0x0000, 0x9D35,
  0x9D35, 0x9D35, 0x9D35, 0x9D35, 0x9D35, 0x9D35, 0x9D35, 0x9D35,
  0x9D35, 0x9D35, 0x9D35, 0x9D35, 0x9D35, 0x9D35, 0x9D35, 0x9D35,
  0x9D35, 0x9D35, 0x9D35, 0x9D35, 0x9D35, 0x9D35, 0x9D35, 0x9D35,
  0x9D35, 0x9D35, 0x9D35, 0x9D35, 0x9D35, 0x9D35, 0x9D35, 0x9D35,
  0x9D35, 0x9D35, 0x9D35, 0x9D35, 0x9D35, 0x9D35, 0x9D35, 0x9D35,
  0x9D35, 0x0000, 0x0000, 0x0000, 0x0000, 0x0000, 0x0000, 0x0000,
  0x0000, 0x0000, 0x0000, 0x0000, 0x0000, 0x0000, 0x0000, 0x0000,
  0x0000, 0x0000, 0x0000, 0x0000, 0x0000, 0x0000, 0x0000, 0x9D35,
  0x9D35, 0x9D35, 0x9D35, 0x9D35, 0x9D35, 0x9D35, 0x9D35, 0x9D35,
  0x9D35, 0x9D35, 0x9D35, 0x9D35, 0x9D35, 0x9D35, 0x9D35, 0x9D35,
  0x9D35, 0x9D35, 0x9D35, 0x9D35, 0x9D35, 0x9D35, 0x9D35, 0x9D35,
  0x9D35, 0x9D35, 0x9D35, 0x9D35, 0x9D35, 0x9D35, 0x9D35, 0x9D35,
  0x9D35, 0x9D35, 0x9D35, 0x9D35, 0x9D35, 0x9D35, 0x9D35, 0x9D35,
  0x9D35, 0x9D35, 0x0000, 0x0000, 0x0000, 0x0000, 0x0000, 0x0000,
  0x0000, 0x0000, 0x0000, 0x0000, 0x0000, 0x0000, 0x0000, 0x0000,
  0x0000, 0x0000, 0x0000, 0x0000, 0x0000, 0x0000, 0x9D35, 0x9D35,
  0x9D35, 0x9D35, 0x9D35, 0x9D35, 0x9D35, 0x9D35, 0x9D35, 0x9D35,
  0x9D35, 0x9D35, 0x9D35, 0x9D35, 0x9D35, 0x9D35, 0x9D35, 0x9D35,
  0x9D35, 0x9D35, 0x9D35, 0x9D35, 0x9D35, 0x9D35, 0x9D35, 0x9D35,
  0x9D35, 0x9D35, 0x9D35, 0x9D35, 0x9D35, 0x9D35, 0x9D35, 0x9D35,
  0x9D35, 0x9D35, 0x9D35, 0x9D35, 0x9D35, 0x9D35, 0x9D35, 0x9D35,
  0x9D35, 0x9D35, 0x0000, 0x0000, 0x0000, 0x0000, 0x0000, 0x0000,
  0x0000, 0x0000, 0x0000, 0x0000, 0x0000, 0x0000, 0x0000, 0x0000,
  0x0000, 0x0000, 0x0000, 0x0000, 0x0000, 0x0000, 0x9D35, 0x9D35,
  0x9D35, 0x9D35, 0x9D35, 0x9D35, 0x9D35, 0x9D35, 0x9D35, 0x9D35,
  0x9D35, 0x9D35, 0x9D35, 0x9D35, 0x9D35, 0x9D35, 0x9D35, 0x9D35,
  0x9D35, 0x9D35, 0x9D35, 0x9D35, 0x9D35, 0x9D35, 0x9D35, 0x9D35,
  0x9D35, 0x9D35, 0x9D35, 0x9D35, 0x9D35, 0x9D35, 0x9D35, 0x9D35,
  0x9D35, 0x9D35, 0x9D35, 0x9D35, 0x9D35, 0x9D35, 0x9D35, 0x9D35,
  0x9D35, 0x9D35, 0x0000, 0x0000, 0x0000, 0x0000, 0x0000, 0x0000,
  0x0000, 0x0000, 0x0000, 0x0000, 0x0000, 0x0000, 0x0000, 0x0000,
  0x0000, 0x0000, 0x0000, 0x0000, 0x0000, 0x0000, 0x9D35, 0x9D35,
  0x9D35, 0x9D35, 0x9D35, 0x9D35, 0x9D35, 0x9D35, 0x9D35, 0x9D35,
  0x9D35, 0x9D35, 0x9D35, 0x9D35, 0x9D35, 0x9D35, 0x9D35, 0x9D35,
  0x9D35, 0x9D35, 0x9D35, 0x9D35, 0x9D35, 0x9D35, 0x9D35, 0x9D35,
  0x9D35, 0x9D35, 0x9D35, 0x9D35, 0x9D35, 0x9D35, 0x9D35, 0x9D35,
  0x9D35, 0x9D35, 0x9D35, 0x9D35, 0x9D35, 0x9D35, 0x9D35, 0x9D35,
  0x9D35, 0x9D35, 0x0000, 0x0000, 0x0000, 0x0000, 0x0000, 0x0000,
  0x0000, 0x0000, 0x0000, 0x0000, 0x0000, 0x0000, 0x0000, 0x0000,
  0x0000, 0x0000, 0x0000, 0x0000, 0x9D35, 0x9D35, 0x9D35, 0x9D35,
  0x9D35, 0x9D35, 0x9D35, 0x9D35, 0x9D35, 0x9D35, 0x9D35, 0x9D35,
  0x9D35, 0x9D35, 0x9D35, 0x9D35, 0x9D35, 0x9D35, 0x9D35, 0x9D35,
  0x9D35, 0x9D35, 0x9D35, 0x9D35, 0x9D35, 0x9D35, 0x9D35, 0x9D35,
  0x9D35, 0x9D35, 0x9D35, 0x9D35, 0x9D35, 0x9D35, 0x9D35, 0x9D35,
  0x9D35, 0x9D35, 0x9D35, 0x9D35, 0x9D35, 0x9D35, 0x9D35, 0x9D35,
  0x9D35, 0x9D35, 0x0000, 0x0000, 0x0000, 0x0000, 0x0000, 0x0000,
  0x0000, 0x0000, 0x0000, 0x0000, 0x0000, 0x0000, 0x0000, 0x0000,
  0x0000, 0x0000, 0x0000, 0x0000, 0x9D35, 0x9D35, 0x9D35, 0x9D35,
  0x9D35, 0x9D35, 0x9D35, 0x9D35, 0x9D35, 0x9D35, 0x9D35, 0x9D35,
  0x9D35, 0x9D35, 0x9D35, 0x9D35, 0x9D35, 0x9D35, 0x9D35, 0x9D35,
  0x9D35, 0x9D35, 0x9D35, 0x9D35, 0x9D35, 0x9D35, 0x9D35, 0x9D35,
  0x9D35, 0x9D35, 0x9D35, 0x9D35, 0x9D35, 0x9D35, 0x9D35, 0x9D35,
  0x9D35, 0x9D35, 0x9D35, 0x9D35, 0x9D35, 0x9D35, 0x9D35, 0x9D35,
  0x9D35, 0x9D35, 0x0000, 0x0000, 0x0000, 0x0000, 0x0000, 0x0000,
  0x0000, 0x0000, 0x0000, 0x0000, 0x0000, 0x0000, 0x0000, 0x0000,
  0x0000, 0x0000, 0x0000, 0x0000, 0x9D35, 0x9D35, 0x9D35, 0x9D35,
  0x9D35, 0x9D35, 0x9D35, 0x9D35, 0x9D35, 0x9D35, 0x9D35, 0x9D35,
  0x9D35, 0x9D35, 0x9D35, 0x9D35, 0x9D35, 0x9D35, 0x9D35, 0x9D35,
  0x9D35, 0x9D35, 0x9D35, 0x9D35, 0x9D35, 0x9D35, 0x9D35, 0x9D35,
  0x9D35, 0x9D35, 0x9D35, 0x9D35, 0x9D35, 0x9D35, 0x9D35, 0x9D35,
  0x9D35, 0x9D35, 0x9D35, 0x9D35, 0x9D35, 0x9D35, 0x9D35, 0x9D35,
  0x9D35, 0x9D35, 0x0000, 0x0000, 0x0000, 0x0000, 0x0000, 0x0000,
  0x0000, 0x0000, 0x0000, 0x0000, 0x0000, 0x0000, 0x0000, 0x0000,
  0x0000, 0x0000, 0x0000, 0x0000, 0x9D35, 0x9D35, 0x9D35, 0x9D35,
  0x9D35, 0x9D35, 0x9D35, 0x9D35, 0x9D35, 0x9D35, 0x9D35, 0x9D35,
  0x9D35, 0x9D35, 0x9D35, 0x9D35, 0x9D35, 0x9D35, 0x9D35, 0x9D35,
  0x9D35, 0x9D35, 0x9D35, 0x9D35, 0x9D35, 0x9D35, 0x9D35, 0x9D35,
  0x9D35, 0x9D35, 0x9D35, 0x9D35, 0x9D35, 0x9D35, 0x9D35, 0x9D35,
  0x9D35, 0x9D35, 0x9D35, 0x9D35, 0x9D35, 0x9D35, 0x9D35, 0x9D35,
  0x9D35, 0x9D35, 0x9D35, 0x0000, 0x0000, 0x0000, 0x0000, 0x0000,
  0x0000, 0x0000, 0x0000, 0x0000, 0x0000, 0x0000, 0x0000, 0x0000,
  0x0000, 0x0000, 0x0000, 0x0000, 0x9D35, 0x9D35, 0x9D35, 0x9D35,
  0x9D35, 0x9D35, 0x9D35, 0x9D35, 0x9D35, 0x9D35, 0x9D35, 0x9D35,
  0x9D35, 0x9D35, 0x9D35, 0x9D35, 0x9D35, 0x9D35, 0x9D35, 0x9D35,
  0x9D35, 0x9D35, 0x9D35, 0x9D35, 0x9D35, 0x9D35, 0x9D35, 0x9D35,
  0x9D35, 0x9D35, 0x9D35, 0x9D35, 0x9D35, 0x9D35, 0x9D35, 0x9D35,
  0x9D35, 0x9D35, 0x9D35, 0x9D35, 0x9D35, 0x9D35, 0x9D35, 0x9D35,
  0x9D35, 0x9D35, 0x9D35, 0x9D35, 0x9D35, 0x0000, 0x0000, 0x0000,
  0x0000, 0x0000, 0x0000, 0x0000, 0x0000, 0x0000, 0x0000, 0x0000,
  0x0000, 0x0000, 0x0000, 0x0000, 0x9D35, 0x9D35, 0x9D35, 0x9D35,
  0x9D35, 0x9D35, 0x9D35, 0x9D35, 0x9D35, 0x9D35, 0x9D35, 0x9D35,
  0x9D35, 0x9D35, 0x9D35, 0x9D35, 0x9D35, 0x9D35, 0x9D35, 0x9D35,
  0x9D35, 0x9D35, 0x9D35, 0x9D35, 0x9D35, 0x9D35, 0x9D35, 0x9D35,
  0x9D35, 0x9D35, 0x9D35, 0x9D35, 0x9D35, 0x9D35, 0x9D35, 0x9D35,
  0x9D35, 0x9D35, 0x9D35, 0x9D35, 0x9D35, 0x9D35, 0x9D35, 0x9D35,
  0x9D35, 0x9D35, 0x9D35, 0x9D35, 0x9D35, 0x9D35, 0x0000, 0x0000,
  0x0000, 0x0000, 0x0000, 0x0000, 0x0000, 0x0000, 0x0000, 0x0000,
  0x0000, 0x0000, 0x0000, 0x0000, 0x9D35, 0x9D35, 0x9D35, 0x9D35,
  0x9D35, 0x9D35, 0x9D35, 0x9D35, 0x9D35, 0x9D35, 0x9D35, 0x9D35,
  0x9D35, 0x9D35, 0x9D35, 0x9D35, 0x9D35, 0x9D35, 0x9D35, 0x9D35,
  0x9D35, 0x9D35, 0x9D35, 0x9D35, 0x9D35, 0x9D35, 0x9D35, 0x9D35,
  0x9D35, 0x9D35, 0x9D35, 0x9D35, 0x9D35, 0x9D35, 0x9D35, 0x9D35,
  0x9D35, 0x9D35, 0x9D35, 0x9D35, 0x9D35, 0x9D35, 0x9D35, 0x9D35,
  0x9D35, 0x9D35, 0x9D35, 0x9D35, 0x9D35, 0x9D35, 0x0000, 0x0000,
  0x0000, 0x0000, 0x0000, 0x0000, 0x0000, 0x0000, 0x0000, 0x0000,
  0x0000, 0x0000, 0x0000, 0x0000, 0x9D35, 0x9D35, 0x9D35, 0x9D35,
  0x9D35, 0x9D35, 0x9D35, 0x9D35, 0x9D35, 0x9D35, 0x9D35, 0x9D35,
  0x9D35, 0x9D35, 0x9D35, 0x9D35, 0x9D35, 0x9D35, 0x9D35, 0x9D35,
  0x9D35, 0x9D35, 0x9D35, 0x9D35, 0x9D35, 0x9D35, 0x9D35, 0x9D35,
  0x9D35, 0x9D35, 0x9D35, 0x9D35, 0x9D35, 0x9D35, 0x9D35, 0x9D35,
  0x9D35, 0x9D35, 0x9D35, 0x9D35, 0x9D35, 0x9D35, 0x9D35, 0x9D35,
  0x9D35, 0x9D35, 0x9D35, 0x9D35, 0x9D35, 0x9D35, 0x9D35, 0x0000,
  0x0000, 0x0000, 0x0000, 0x0000, 0x0000, 0x0000, 0x0000, 0x0000,
  0x0000, 0x0000, 0x0000, 0x0000, 0x9D35, 0x9D35, 0x9D35, 0x9D35,
  0x9D35, 0x9D35, 0x9D35, 0x9D35, 0x9D35, 0x9D35, 0x9D35, 0x9D35,
  0x9D35, 0x9D35, 0x9D35, 0x9D35, 0x9D35, 0x9D35, 0x9D35, 0x9D35,
  0x9D35, 0x9D35, 0x9D35, 0x9D35, 0x9D35, 0x9D35, 0x9D35, 0x9D35,
  0x9D35, 0x9D35, 0x9D35, 0x9D35, 0x9D35, 0x9D35, 0x9D35, 0x9D35,
  0x9D35, 0x9D35, 0x9D35, 0x9D35, 0x9D35, 0x9D35, 0x9D35, 0x9D35,
  0x9D35, 0x9D35, 0x9D35, 0x9D35, 0x9D35, 0x9D35, 0x9D35, 0x0000,
  0x0000, 0x0000, 0x0000, 0x0000, 0x0000, 0x0000, 0x0000, 0x0000,
  0x0000, 0x0000, 0x0000, 0x0000, 0x9D35, 0x9D35, 0x9D35, 0x9D35,
  0x9D35, 0x9D35, 0x9D35, 0x9D35, 0x9D35, 0x9D35, 0x9D35, 0x9D35,
  0x9D35, 0x9D35, 0x9D35, 0x9D35, 0x9D35, 0x9D35, 0x9D35, 0x9D35,
  0x9D35, 0x9D35, 0x9D35, 0x9D35, 0x9D35, 0x9D35, 0x9D35, 0x9D35,
  0x9D35, 0x9D35, 0x9D35, 0x9D35, 0x9D35, 0x9D35, 0x9D35, 0x9D35,
  0x9D35, 0x9D35, 0x9D35, 0x9D35, 0x9D35, 0x9D35, 0x9D35, 0x9D35,
  0x9D35, 0x9D35, 0x9D35, 0x9D35, 0x9D35, 0x9D35, 0x9D35, 0x9D35,
  0x0000, 0x0000, 0x0000, 0x0000, 0x0000, 0x0000, 0x0000, 0x0000,
  0x0000, 0x0000, 0x0000, 0x0000, 0x9D35, 0x9D35, 0x9D35, 0x9D35,
  0x9D35, 0x9D35, 0x9D35, 0x9D35, 0x9D35, 0x9D35, 0x9D35, 0x9D35,
  0x9D35, 0x9D35, 0x9D35, 0x9D35, 0x9D35, 0x9D35, 0x9D35, 0x9D35,
  0x9D35, 0x9D35, 0x9D35, 0x9D35, 0x9D35, 0x9D35, 0x9D35, 0x9D35,
  0x9D35, 0x9D35, 0x9D35, 0x9D35, 0x9D35, 0x9D35, 0x9D35, 0x9D35,
  0x9D35, 0x9D35, 0x9D35, 0x9D35, 0x9D35, 0x9D35, 0x9D35, 0x9D35,
  0x9D35, 0x9D35, 0x9D35, 0x9D35, 0x9D35, 0x9D35, 0x9D35, 0x9D35,
  0x0000, 0x0000, 0x0000, 0x0000, 0x0000, 0x0000, 0x0000, 0x0000,
  0x0000, 0x0000, 0x0000, 0x0000, 0x9D35, 0x9D35, 0x9D35, 0x9D35,
  0x9D35, 0x9D35, 0x9D35, 0x9D35, 0x9D35, 0x9D35, 0x9D35, 0x9D35,
  0x9D35, 0x9D35, 0x9D35, 0x9D35, 0x9D35, 0x9D35, 0x9D35, 0x9D35,
  0x9D35, 0x9D35, 0x9D35, 0x9D35, 0x9D35, 0x9D35, 0x9D35, 0x9D35,
  0x9D35, 0x9D35, 0x9D35, 0x9D35, 0x9D35, 0x9D35, 0x9D35, 0x9D35,
  0x9D35, 0x9D35, 0x9D35, 0x9D35, 0x9D35, 0x9D35, 0x9D35, 0x9D35,
  0x9D35, 0x9D35, 0x9D35, 0x9D35, 0x9D35, 0x9D35, 0x9D35, 0x9D35,
  0x0000, 0x0000, 0x0000, 0x0000, 0x0000, 0x0000, 0x0000, 0x0000,
  0x0000, 0x0000, 0x0000, 0x0000, 0x9D35, 0x9D35, 0x9D35, 0x9D35,
  0x9D35, 0x9D35, 0x9D35, 0x9D35, 0x9D35, 0x9D35, 0x9D35, 0x9D35,
  0x9D35, 0x9D35, 0x9D35, 0x9D35, 0x9D35, 0x9D35, 0x9D35, 0x9D35,
  0x9D35, 0x9D35, 0x9D35, 0x9D35, 0x9D35, 0x9D35, 0x9D35, 0x9D35,
  0x9D35, 0x9D35, 0x9D35, 0x9D35, 0x9D35, 0x9D35, 0x9D35, 0x9D35,
  0x9D35, 0x9D35, 0x9D35, 0x9D35, 0x9D35, 0x9D35, 0x9D35, 0x9D35,
  0x9D35, 0x9D35, 0x9D35, 0x9D35, 0x9D35, 0x9D35, 0x9D35, 0x9D35,
  0x0000, 0x0000, 0x0000, 0x0000, 0x0000, 0x0000, 0x0000, 0x0000,
  0x0000, 0x0000, 0x0000, 0x0000, 0x9D35, 0x9D35, 0x9D35, 0x9D35,
  0x9D35, 0x9D35, 0x9D35, 0x9D35, 0x9D35, 0x9D35, 0x9D35, 0x9D35,
  0x9D35, 0x9D35, 0x9D35, 0x9D35, 0x9D35, 0x9D35, 0x9D35, 0x9D35,
  0x9D35, 0x9D35, 0x9D35, 0x9D35, 0x9D35, 0x9D35, 0x9D35, 0x9D35,
  0x9D35, 0x9D35, 0x9D35, 0x9D35, 0x9D35, 0x9D35, 0x9D35, 0x9D35,
  0x9D35, 0x9D35, 0x9D35, 0x9D35, 0x9D35, 0x9D35, 0x9D35, 0x9D35,
  0x9D35, 0x9D35, 0x9D35, 0x9D35, 0x9D35, 0x9D35, 0x9D35, 0x9D35,
  0x0000, 0x0000, 0x0000, 0x0000, 0x0000, 0x0000, 0x0000, 0x0000,
  0x0000, 0x0000, 0x0000, 0x0000, 0x9D35, 0x9D35, 0x9D35, 0x9D35,
  0x9D35, 0x9D35, 0x9D35, 0x9D35, 0x9D35, 0x9D35, 0x9D35, 0x9D35,
  0x9D35, 0x9D35, 0x9D35, 0x9D35, 0x9D35, 0x9D35, 0x9D35, 0x9D35,
  0x9D35, 0x9D35, 0x9D35, 0x9D35, 0x9D35, 0x9D35, 0x9D35, 0x9D35,
  0x9D35, 0x9D35, 0x9D35, 0x9D35, 0x9D35, 0x9D35, 0x9D35, 0x9D35,
  0x9D35, 0x9D35, 0x9D35, 0x9D35, 0x9D35, 0x9D35, 0x9D35, 0x9D35,
  0x9D35, 0x9D35, 0x9D35, 0x9D35, 0x9D35, 0x9D35, 0x9D35, 0x9D35,
  0x0000, 0x0000, 0x0000, 0x0000, 0x0000, 0x0000, 0x0000, 0x0000,
  0x0000, 0x0000, 0x0000, 0x0000, 0x9D35, 0x9D35, 0x9D35, 0x9D35,
  0x9D35, 0x9D35, 0x9D35, 0x9D35, 0x9D35, 0x9D35, 0x9D35, 0x9D35,
  0x9D35, 0x9D35, 0x9D35, 0x9D35, 0x9D35, 0x9D35, 0x9D35, 0x9D35,
  0x9D35, 0x9D35, 0x9D35, 0x9D35, 0x9D35, 0x9D35, 0x9D35, 0x9D35,
  0x9D35, 0x9D35, 0x9D35, 0x9D35, 0x9D35, 0x9D35, 0x9D35, 0x9D35,
  0x9D35, 0x9D35, 0x9D35, 0x9D35, 0x9D35, 0x9D35, 0x9D35, 0x9D35,
  0x9D35, 0x9D35, 0x9D35, 0x9D35, 0x9D35, 0x9D35, 0x9D35, 0x9D35,
  0x0000, 0x0000, 0x0000, 0x0000, 0x0000, 0x0000, 0x0000, 0x0000,
  0x0000, 0x0000, 0x0000, 0x0000, 0x9D35, 0x9D35, 0x9D35, 0x9D35,
  0x9D35, 0x9D35, 0x9D35, 0x9D35, 0x9D35, 0x9D35, 0x9D35, 0x9D35,
  0x9D35, 0x9D35, 0x9D35, 0x9D35, 0x9D35, 0x9D35, 0x9D35, 0x9D35,
  0x9D35, 0x9D35, 0x9D35, 0x9D35, 0x9D35, 0x9D35, 0x9D35, 0x9D35,
  0x9D35, 0x9D35, 0x9D35, 0x9D35, 0x9D35, 0x9D35, 0x9D35, 0x9D35,
  0x9D35, 0x9D35, 0x9D35, 0x9D35, 0x9D35, 0x9D35, 0x9D35, 0x9D35,
  0x9D35, 0x9D35, 0x9D35, 0x9D35, 0x9D35, 0x9D35, 0x9D35, 0x9D35,
  0x0000, 0x0000, 0x0000, 0x0000, 0x0000, 0x0000, 0x0000, 0x0000,
  0x0000, 0x0000, 0x0000, 0x0000, 0x0000, 0x0000, 0x0000, 0x0000,
  0x0000, 0x0000, 0x0000, 0x0000, 0x0000, 0x0000, 0x0000, 0x0000,
  0x9D35, 0x9D35, 0x9D35, 0x9D35, 0x9D35, 0x9D35, 0x9D35, 0x9D35,
  0x9D35, 0x9D35, 0x9D35, 0x9D35, 0x9D35, 0x9D35, 0x9D35, 0x9D35,
  0x9D35, 0x9D35, 0x9D35, 0x9D35, 0x9D35, 0x9D35, 0x9D35, 0x9D35,
  0x9D35, 0x9D35, 0x9D35, 0x9D35, 0x9D35, 0x9D35, 0x9D35, 0x9D35,
  0x9D35, 0x9D35, 0x9D35, 0x9D35, 0x9D35, 0x9D35, 0x9D35, 0x9D35,
  0x0000, 0x0000, 0x0000, 0x0000, 0x0000, 0x0000, 0x0000, 0x0000,
  0x0000, 0x0000, 0x0000, 0x0000, 0x0000, 0x0000, 0x0000, 0x0000,
  0x0000, 0x0000, 0x0000, 0x0000, 0x0000, 0x0000, 0x0000, 0x0000,
  0x9D35, 0x9D35, 0x9D35, 0x9D35, 0x9D35, 0x9D35, 0x9D35, 0x9D35,
  0x9D35, 0x9D35, 0x9D35, 0x9D35, 0x9D35, 0x9D35, 0x9D35, 0x9D35,
  0x9D35, 0x9D35, 0x9D35, 0x9D35, 0x9D35, 0x9D35, 0x9D35, 0x9D35,
  0x9D35, 0x9D35, 0x9D35, 0x9D35, 0x9D35, 0x9D35, 0x9D35, 0x9D35,
  0x9D35, 0x9D35, 0x9D35, 0x9D35, 0x9D35, 0x9D35, 0x9D35, 0x9D35,
  0x0000, 0x0000, 0x0000, 0x0000, 0x0000, 0x0000, 0x0000, 0x0000,
  0x0000, 0x0000, 0x0000, 0x0000, 0x0000, 0x0000, 0x0000, 0x0000,
  0x0000, 0x0000, 0x0000, 0x0000, 0x0000, 0x0000, 0x0000, 0x0000,
  0x9D35, 0x9D35, 0x9D35, 0x9D35, 0x9D35, 0x9D35, 0x9D35, 0x9D35,
  0x9D35, 0x9D35, 0x9D35, 0x9D35, 0x9D35, 0x9D35, 0x9D35, 0x9D35,
  0x9D35, 0x9D35, 0x9D35, 0x9D35, 0x9D35, 0x9D35, 0x9D35, 0x9D35,
  0x9D35, 0x9D35, 0x9D35, 0x9D35, 0x9D35, 0x9D35, 0x9D35, 0x9D35,
  0x9D35, 0x9D35, 0x9D35, 0x9D35, 0x9D35, 0x9D35, 0x9D35, 0x9D35,
  0x0000, 0x0000, 0x0000, 0x0000, 0x0000, 0x0000, 0x0000, 0x0000,
  0x0000, 0x0000, 0x0000, 0x0000, 0x0000, 0x0000, 0x0000, 0x0000,
  0x0000, 0x0000, 0x0000, 0x0000, 0x0000, 0x0000, 0x0000, 0x0000,
  0x9D35, 0x9D35, 0x9D35, 0x9D35, 0x9D35, 0x9D35, 0x9D35, 0x9D35,
  0x9D35, 0x9D35, 0x9D35, 0x9D35, 0x9D35, 0x9D35, 0x9D35, 0x9D35,
  0x9D35, 0x9D35, 0x9D35, 0x9D35, 0x9D35, 0x9D35, 0x9D35, 0x9D35,
  0x9D35, 0x9D35, 0x9D35, 0x9D35, 0x9D35, 0x9D35, 0x9D35, 0x9D35,
  0x9D35, 0x9D35, 0x9D35, 0x9D35, 0x9D35, 0x9D35, 0x9D35, 0x9D35,
  0x0000, 0x0000, 0x0000, 0x0000, 0x0000, 0x0000, 0x0000, 0x0000,
  0x0000, 0x0000, 0x0000, 0x0000, 0x0000, 0x0000, 0x0000, 0x0000,
  0x0000, 0x0000, 0x0000, 0x0000, 0x0000, 0x0000, 0x0000, 0x0000,
  0x9D35, 0x9D35, 0x9D35, 0x9D35, 0x9D35, 0x9D35, 0x9D35, 0x9D35,
  0x9D35, 0x9D35, 0x9D35, 0x9D35, 0x9D35, 0x9D35, 0x9D35, 0x9D35,
  0x9D35, 0x9D35, 0x9D35, 0x9D35, 0x9D35, 0x9D35, 0x9D35, 0x9D35,
  0x9D35, 0x9D35, 0x9D35, 0x9D35, 0x9D35, 0x9D35, 0x9D35, 0x9D35,
  0x9D35, 0x9D35, 0x9D35, 0x9D35, 0x9D35, 0x9D35, 0x9D35, 0x9D35,
  0x0000, 0x0000, 0x0000, 0x0000, 0x0000, 0x0000, 0x0000, 0x0000,
  0x0000, 0x0000, 0x0000, 0x0000, 0x0000, 0x0000, 0x0000, 0x0000,
  0x0000, 0x0000, 0x0000, 0x0000, 0x0000, 0x0000, 0x0000, 0x0000,
  0x9D35, 0x9D35, 0x9D35, 0x9D35, 0x9D35, 0x9D35, 0x9D35, 0x9D35,
  0x9D35, 0x9D35, 0x9D35, 0x9D35, 0x9D35, 0x9D35, 0x9D35, 0x9D35,
  0x9D35, 0x9D35, 0x9D35, 0x9D35, 0x9D35, 0x9D35, 0x9D35, 0x9D35,
  0x9D35, 0x9D35, 0x9D35, 0x9D35, 0x9D35, 0x9D35, 0x9D35, 0x9D35,
  0x9D35, 0x9D35, 0x9D35, 0x9D35, 0x9D35, 0x9D35, 0x9D35, 0x9D35,
  0x0000, 0x0000, 0x0000, 0x0000, 0x0000, 0x0000, 0x0000, 0x0000,
  0x0000, 0x0000, 0x0000, 0x0000, 0x0000, 0x0000, 0x0000, 0x0000,
  0x0000, 0x0000, 0x0000, 0x0000, 0x0000, 0x0000, 0x0000, 0x0000,
  0x9D35, 0x9D35, 0x9D35, 0x9D35, 0x9D35, 0x9D35, 0x9D35, 0x9D35,
  0x9D35, 0x9D35, 0x9D35, 0x9D35, 0x9D35, 0x9D35, 0x9D35, 0x9D35,
  0x9D35, 0x9D35, 0x9D35, 0x9D35, 0x9D35, 0x9D35, 0x9D35, 0x9D35,
  0x9D35, 0x9D35, 0x9D35, 0x9D35, 0x9D35, 0x9D35, 0x9D35, 0x9D35,
  0x9D35, 0x9D35, 0x9D35, 0x9D35, 0x9D35, 0x9D35, 0x9D35, 0x9D35,
  0x0000, 0x0000, 0x0000, 0x0000, 0x0000, 0x0000, 0x0000, 0x0000,
  0x0000, 0x0000, 0x0000, 0x0000, 0x0000, 0x0000, 0x0000, 0x0000,
  0x0000, 0x0000, 0x0000, 0x0000, 0x0000, 0x0000, 0x0000, 0x0000,
  0x9D35, 0x9D35, 0x9D35, 0x9D35, 0x9D35, 0x9D35, 0x9D35, 0x9D35,
  0x9D35, 0x9D35, 0x9D35, 0x9D35, 0x9D35, 0x9D35, 0x9D35, 0x9D35,
  0x9D35, 0x9D35, 0x9D35, 0x9D35, 0x9D35, 0x9D35, 0x9D35, 0x9D35,
  0x9D35, 0x9D35, 0x9D35, 0x9D35, 0x9D35, 0x9D35, 0x9D35, 0x9D35,
  0x9D35, 0x9D35, 0x9D35, 0x9D35, 0x9D35, 0x9D35, 0x9D35, 0x9D35,
  0x0000, 0x0000, 0x0000, 0x0000, 0x0000, 0x0000, 0x0000, 0x0000,
  0x0000, 0x0000, 0x0000, 0x0000, 0x0000, 0x0000, 0x0000, 0x0000,
  0x0000, 0x0000, 0x0000, 0x0000, 0x0000, 0x0000, 0x0000, 0x0000,
  0x9D35, 0x9D35, 0x9D35, 0x9D35, 0x9D35, 0x9D35, 0x9D35, 0x9D35,
  0x9D35, 0x9D35, 0x9D35, 0x9D35, 0x9D35, 0x9D35, 0x9D35, 0x9D35,
  0x9D35, 0x9D35, 0x9D35, 0x9D35, 0x9D35, 0x9D35, 0x9D35, 0x9D35,
  0x9D35, 0x9D35, 0x9D35, 0x9D35, 0x9D35, 0x9D35, 0x9D35, 0x9D35,
  0x9D35, 0x9D35, 0x9D35, 0x9D35, 0x9D35, 0x9D35, 0x9D35, 0x9D35,
  0x0000, 0x0000, 0x0000, 0x0000, 0x0000, 0x0000, 0x0000, 0x0000,
  0x0000, 0x0000, 0x0000, 0x0000, 0x0000, 0x0000, 0x0000, 0x0000,
  0x0000, 0x0000, 0x0000, 0x0000, 0x0000, 0x0000, 0x0000, 0x0000,
  0x9D35, 0x9D35, 0x9D35, 0x9D35, 0x9D35, 0x9D35, 0x9D35, 0x9D35,
  0x9D35, 0x9D35, 0x9D35, 0x9D35, 0x9D35, 0x9D35, 0x9D35, 0x9D35,
  0x9D35, 0x9D35, 0x9D35, 0x9D35, 0x9D35, 0x9D35, 0x9D35, 0x9D35,
  0x9D35, 0x9D35, 0x9D35, 0x9D35, 0x9D35, 0x9D35, 0x9D35, 0x9D35,
  0x9D35, 0x9D35, 0x9D35, 0x9D35, 0x9D35, 0x9D35, 0x9D35, 0x9D35,
  0x0000, 0x0000, 0x0000, 0x0000, 0x0000, 0x0000, 0x0000, 0x0000,
  0x0000, 0x0000, 0x0000, 0x0000, 0x0000, 0x0000, 0x0000, 0x0000,
  0x0000, 0x0000, 0x0000, 0x0000, 0x0000, 0x0000, 0x0000, 0x0000,
  0x0000, 0x0000, 0x0000, 0x0000, 0x0000, 0x0000, 0x0000, 0x0000,
  0x0000, 0x0000, 0x0000, 0x0000, 0x0000, 0x0000, 0x0000, 0x0000,
  0x0000, 0x0000, 0x0000, 0x0000, 0x0000, 0x0000, 0x0000, 0x0000,
  0x0000, 0x0000, 0x0000, 0x0000, 0x0000, 0x0000, 0x0000, 0x0000,
  0x0000, 0x0000, 0x0000, 0x0000, 0x0000, 0x0000, 0x0000, 0x0000,
  0x0000, 0x0000, 0x0000, 0x0000, 0x0000, 0x0000, 0x0000, 0x0000,
  0x0000, 0x0000, 0x0000, 0x0000, 0x0000, 0x0000, 0x0000, 0x0000,
  0x0000, 0x0000, 0x0000, 0x0000, 0x0000, 0x0000, 0x0000, 0x0000,
  0x0000, 0x0000, 0x0000, 0x0000, 0x0000, 0x0000, 0x0000, 0x0000,
  0x0000, 0x0000, 0x0000, 0x0000, 0x0000, 0x0000, 0x0000, 0x0000,
  0x0000, 0x0000, 0x0000, 0x0000, 0x0000, 0x0000, 0x0000, 0x0000,
  0x0000, 0x0000, 0x0000, 0x0000, 0x0000, 0x0000, 0x0000, 0x0000,
  0x0000, 0x0000, 0x0000, 0x0000, 0x0000, 0x0000, 0x0000, 0x0000,
  0x0000, 0x0000, 0x0000, 0x0000, 0x0000, 0x0000, 0x0000, 0x0000,
  0x0000, 0x0000, 0x0000, 0x0000, 0x0000, 0x0000, 0x0000, 0x0000,
  0x0000, 0x0000, 0x0000, 0x0000, 0x0000, 0x0000, 0x0000, 0x0000,
  0x0000, 0x0000, 0x0000, 0x0000, 0x0000, 0x0000, 0x0000, 0x0000,
  0x0000, 0x0000, 0x0000, 0x0000, 0x0000, 0x0000, 0x0000, 0x0000,
  0x0000, 0x0000, 0x0000, 0x0000, 0x0000, 0x0000, 0x0000, 0x0000,
  0x0000, 0x0000, 0x0000, 0x0000, 0x0000, 0x0000, 0x0000, 0x0000,
  0x0000, 0x0000, 0x0000, 0x0000, 0x0000, 0x0000, 0x0000, 0x0000,
  0x0000, 0x0000, 0x0000, 0x0000, 0x0000, 0x0000, 0x0000, 0x0000,
  0x0000, 0x0000, 0x0000, 0x0000, 0x0000, 0x0000, 0x0000, 0x0000,
  0x0000, 0x0000, 0x0000, 0x0000, 0x0000, 0x0000, 0x0000, 0x0000,
  0x0000, 0x0000, 0x0000, 0x0000, 0x0000, 0x0000, 0x0000, 0x0000,
  0x0000, 0x0000, 0x0000, 0x0000, 0x0000, 0x0000, 0x0000, 0x0000,
  0x0000, 0x0000, 0x0000, 0x0000, 0x0000, 0x0000, 0x0000, 0x0000,
  0x0000, 0x0000, 0x0000, 0x0000, 0x0000, 0x0000, 0x0000, 0x0000,
  0x0000, 0x0000, 0x0000, 0x0000, 0x0000, 0x0000, 0x0000, 0x0000,
  0x0000, 0x0000, 0x0000, 0x0000, 0x0000, 0x0000, 0x0000, 0x0000,
  0x0000, 0x0000, 0x0000, 0x0000, 0x0000, 0x0000, 0x0000, 0x0000,
  0x0000, 0x0000, 0x0000, 0x0000, 0x0000, 0x0000, 0x0000, 0x0000,
  0x0000, 0x0000, 0x0000, 0x0000, 0x0000, 0x0000, 0x0000, 0x0000,
  0x0000, 0x0000, 0x0000, 0x0000, 0x0000, 0x0000, 0x0000, 0x0000,
  0x0000, 0x0000, 0x0000, 0x0000, 0x0000, 0x0000, 0x0000, 0x0000,
  0x0000, 0x0000, 0x0000, 0x0000, 0x0000, 0x0000, 0x0000, 0x0000,
  0x0000, 0x0000, 0x0000, 0x0000, 0x0000, 0x0000, 0x0000, 0x0000,
  0x0000, 0x0000, 0x0000, 0x0000, 0x0000, 0x0000, 0x0000, 0x0000,
  0x0000, 0x0000, 0x0000, 0x0000, 0x0000, 0x0000, 0x0000, 0x0000,
  0x0000, 0x0000, 0x0000, 0x0000, 0x0000, 0x0000, 0x0000, 0x0000,
  0x0000, 0x0000, 0x0000, 0x0000, 0x0000, 0x0000, 0x0000, 0x0000,
  0x0000, 0x0000, 0x0000, 0x0000, 0x0000, 0x0000, 0x0000, 0x0000,
  0x0000, 0x0000, 0x0000, 0x0000, 0x0000, 0x0000, 0x0000, 0x0000,
  0x0000, 0x0000, 0x0000, 0x0000, 0x0000, 0x0000, 0x0000, 0x0000,
  0x0000, 0x0000, 0x0000, 0x0000, 0x0000, 0x0000, 0x0000, 0x0000,
  0x0000, 0x0000, 0x0000, 0x0000, 0x0000, 0x0000, 0x0000, 0x0000,
  0x0000, 0x0000, 0x0000, 0x0000, 0x0000, 0x0000, 0x0000, 0x0000,
  0x0000, 0x0000, 0x0000, 0x0000, 0x0000, 0x0000, 0x0000, 0x0000,
  0x0000, 0x0000, 0x0000, 0x0000, 0x0000, 0x0000, 0x0000, 0x0000,
  0x0000, 0x0000, 0x0000, 0x0000, 0x0000, 0x0000, 0x0000, 0x0000,
  0x0000, 0x0000, 0x0000, 0x0000, 0x0000, 0x0000, 0x0000, 0x0000,
  0x0000, 0x0000, 0x0000, 0x0000, 0x0000, 0x0000, 0x0000, 0x0000,
  0x0000, 0x0000, 0x0000, 0x0000, 0x0000, 0x0000, 0x0000, 0x0000,
  0x0000, 0x0000, 0x0000, 0x0000, 0x0000, 0x0000, 0x0000, 0x0000,
  0x0000, 0x0000, 0x0000, 0x0000, 0x0000, 0x0000, 0x0000, 0x0000,
  0x0000, 0x0000, 0x0000, 0x0000, 0x0000, 0x0000, 0x0000, 0x0000,
  0x0000, 0x0000, 0x0000, 0x0000, 0x0000, 0x0000, 0x0000, 0x0000,
  0x0000, 0x0000, 0x0000, 0x0000, 0x0000, 0x0000, 0x0000, 0x0000,
  0x0000, 0x0000, 0x0000, 0x0000, 0x0000, 0x0000, 0x0000, 0x0000,
  0x0000, 0x0000, 0x0000, 0x0000, 0x0000, 0x0000, 0x0000, 0x0000,
  0x0000, 0x0000, 0x0000, 0x0000, 0x0000, 0x0000, 0x0000, 0x0000,
  0x0000, 0x0000, 0x0000, 0x0000, 0x0000, 0x0000, 0x0000, 0x0000,
  0x0000, 0x0000, 0x0000, 0x0000, 0x0000, 0x0000, 0x0000, 0x0000,
  0x0000, 0x0000, 0x0000, 0x0000, 0x0000, 0x0000, 0x0000, 0x0000,
  0x0000, 0x0000, 0x0000, 0x0000, 0x0000, 0x0000, 0x0000, 0x0000,
  0x0000, 0x0000, 0x0000, 0x0000, 0x0000, 0x0000, 0x0000, 0x0000,
  0x0000, 0x0000, 0x0000, 0x0000, 0x0000, 0x0000, 0x0000, 0x0000,
  0x0000, 0x0000, 0x0000, 0x0000, 0x0000, 0x0000, 0x0000, 0x0000,
  0x0000, 0x0000, 0x0000, 0x0000, 0x0000, 0x0000, 0x0000, 0x0000,
  0x0000, 0x0000, 0x0000, 0x0000, 0x0000, 0x0000, 0x0000, 0x0000,
  0x0000, 0x0000, 0x0000, 0x0000, 0x0000, 0x0000, 0x0000, 0x0000,
  0x0000, 0x0000, 0x0000, 0x0000, 0x0000, 0x0000, 0x0000, 0x0000,
  0x0000, 0x0000, 0x0000, 0x0000, 0x0000, 0x0000, 0x0000, 0x0000,
  0x0000, 0x0000, 0x0000, 0x0000, 0x0000, 0x0000, 0x0000, 0x0000,
  0x0000, 0x0000, 0x0000, 0x0000, 0x0000, 0x0000, 0x0000, 0x0000,
  0x0000, 0x0000, 0x0000, 0x0000, 0x0000, 0x0000, 0x0000, 0x0000,
  0x0000, 0x0000, 0x0000, 0x0000, 0x0000, 0x0000, 0x0000, 0x0000,
  0x0000, 0x0000, 0x0000, 0x0000, 0x0000, 0x0000, 0x0000, 0x0000,
  0x0000, 0x0000, 0x0000, 0x0000, 0x0000, 0x0000, 0x0000, 0x0000,
  0x0000, 0x0000, 0x0000, 0x0000, 0x0000, 0x0000, 0x0000, 0x0000,
  0x0000, 0x0000, 0x0000, 0x0000, 0x0000, 0x0000, 0x0000, 0x0000,
  0x0000, 0x0000, 0x0000, 0x0000, 0x0000, 0x0000, 0x0000, 0x0000,
  0x0000, 0x0000, 0x0000, 0x0000, 0x0000, 0x0000, 0x0000, 0x0000,
  0x0000, 0x0000, 0x0000, 0x0000, 0x0000, 0x0000, 0x0000, 0x0000,
  0x0000, 0x0000, 0x0000, 0x0000, 0x0000, 0x0000, 0x0000, 0x0000,
  0x0000, 0x0000, 0x0000, 0x0000, 0x0000, 0x0000, 0x0000, 0x0000,
  0x0000, 0x0000, 0x0000, 0x0000, 0x0000, 0x0000, 0x0000, 0x0000,
  0x0000, 0x0000, 0x0000, 0x0000, 0x0000, 0x0000, 0x0000, 0x0000,
  0x0000, 0x0000, 0x0000, 0x0000, 0x0000, 0x0000, 0x0000, 0x0000,
  0x0000, 0x0000, 0x0000, 0x0000, 0x0000, 0x0000, 0x0000, 0x0000,
  0x0000, 0x0000, 0x0000, 0x0000, 0x0000, 0x0000, 0x0000, 0x0000,
  0x0000, 0x0000, 0x0000, 0x0000, 0x0000, 0x0000, 0x0000, 0x0000,
  0x0000, 0x0000, 0x0000, 0x0000, 0x0000, 0x0000, 0x0000, 0x0000,
  0x0000, 0x0000, 0x0000, 0x0000, 0x0000, 0x0000, 0x0000, 0x0000,
  0x0000, 0x0000, 0x0000, 0x0000, 0x0000, 0x0000, 0x0000, 0x0000,
  0x0000, 0x0000, 0x0000, 0x0000, 0x0000, 0x0000, 0x0000, 0x0000,
  0x0000, 0x0000, 0x0000, 0x0000, 0x0000, 0x0000, 0x0000, 0x0000,
  0x0000, 0x0000, 0x0000, 0x0000, 0x0000, 0x0000, 0x0000, 0x0000,
  0x0000, 0x0000, 0x0000, 0x0000, 0x0000, 0x0000, 0x0000, 0x0000,
  0x0000, 0x0000, 0x0000, 0x0000, 0x0000, 0x0000, 0x0000, 0x0000,
  0x0000, 0x0000, 0x0000, 0x0000, 0x0000, 0x0000, 0x0000, 0x0000,
  0x0000, 0x0000, 0x0000, 0x0000, 0x0000, 0x0000, 0x0000, 0x0000,
  0x0000, 0x0000, 0x0000, 0x0000, 0x0000, 0x0000, 0x0000, 0x0000,
  0x0000, 0x0000, 0x0000, 0x0000, 0x0000, 0x0000, 0x0000, 0x0000,
  0x0000, 0x0000, 0x0000, 0x0000, 0x0000, 0x0000, 0x0000, 0x0000,
  0x0000, 0x0000, 0x0000, 0x0000, 0x0000, 0x0000, 0x0000, 0x0000,
  0x0000, 0x0000, 0x0000, 0x0000, 0x0000, 0x0000, 0x0000, 0x0000,
  0x0000, 0x0000, 0x0000, 0x0000, 0x0000, 0x0000, 0x0000, 0x0000,
  0x0000, 0x0000, 0x0000, 0x0000, 0x0000, 0x0000, 0x0000, 0x0000,
  0x0000, 0x0000, 0x0000, 0x0000, 0x0000, 0x0000, 0x0000, 0x0000,
  0x0000, 0x0000, 0x0000, 0x0000, 0x0000, 0x0000, 0x0000, 0x0000,
  0x0000, 0x0000, 0x0000, 0x0000, 0x0000, 0x0000, 0x0000, 0x0000,
  0x0000, 0x0000, 0x0000, 0x0000, 0x0000, 0x0000, 0x0000, 0x0000,
  0x0000, 0x0000, 0x0000, 0x0000, 0x0000, 0x0000, 0x0000, 0x0000,
  0x0000, 0x0000, 0x0000, 0x0000, 0x0000, 0x0000, 0x0000, 0x0000,
  0x0000, 0x0000, 0x0000, 0x0000, 0x0000, 0x0000, 0x0000, 0x0000,
  0x0000, 0x0000, 0x0000, 0x0000, 0x0000, 0x0000, 0x0000, 0x0000,
  0x0000, 0x0000, 0x0000, 0x0000, 0x0000, 0x0000, 0x0000, 0x0000,
  0x0000, 0x0000, 0x0000, 0x0000, 0x0000, 0x0000, 0x0000, 0x0000,
  0x0000, 0x0000, 0x0000, 0x0000, 0x0000, 0x0000, 0x0000, 0x0000,
  0x0000, 0x0000, 0x0000, 0x0000, 0x0000, 0x0000, 0x0000, 0x0000,
  0x0000, 0x0000, 0x0000, 0x0000, 0x0000, 0x0000, 0x0000, 0x0000,
  0x0000, 0x0000, 0x0000, 0x0000, 0x0000, 0x0000, 0x0000, 0x0000,
  0x0000, 0x0000, 0x0000, 0x0000, 0x0000, 0x0000, 0x0000, 0x0000,
  0x0000, 0x0000, 0x0000, 0x0000, 0x0000, 0x0000, 0x0000, 0x0000,
  0x0000, 0x0000, 0x0000, 0x0000, 0x0000, 0x0000, 0x0000, 0x0000,
  0x0000, 0x0000, 0x0000, 0x0000, 0x0000, 0x0000, 0x0000, 0x0000,
  0x0000, 0x0000, 0x0000, 0x0000, 0x0000, 0x0000, 0x0000, 0x0000,
  0x0000, 0x0000, 0x0000, 0x0000, 0x0000, 0x0000, 0x0000, 0x0000,
  0x0000, 0x0000, 0x0000, 0x0000, 0x0000, 0x0000, 0x0000, 0x0000,
  0x0000, 0x0000, 0x0000, 0x0000, 0x0000, 0x0000, 0x0000, 0x0000,
  0x0000, 0x0000, 0x0000, 0x0000, 0x0000, 0x0000, 0x0000, 0x0000,
  0x0000, 0x0000, 0x0000, 0x0000, 0x0000, 0x0000, 0x0000, 0x0000,
  0x0000, 0x0000, 0x0000, 0x0000, 0x0000, 0x0000, 0x0000, 0x0000,
};

static const uint16_t icon_overcast[4096] PROGMEM = {
  0x0000, 0x0000, 0x0000, 0x0000, 0x0000, 0x0000, 0x0000, 0x0000,
  0x0000, 0x0000, 0x0000, 0x0000, 0x0000, 0x0000, 0x0000, 0x0000,
  0x0000, 0x0000, 0x0000, 0x0000, 0x5AED, 0x5AED, 0x5AED, 0x5AED,
  0x5AED, 0x5AED, 0x5AED, 0x5AED, 0x5AED, 0x5AED, 0x5AED, 0x5AED,
  0x5AED, 0x5AED, 0x5AED, 0x5AED, 0x5AED, 0x5AED, 0x5AED, 0x5AED,
  0x5AED, 0x5AED, 0x5AED, 0x5AED, 0x5AED, 0x0000, 0x0000, 0x0000,
  0x0000, 0x0000, 0x0000, 0x0000, 0x0000, 0x0000, 0x0000, 0x0000,
  0x0000, 0x0000, 0x0000, 0x0000, 0x0000, 0x0000, 0x0000, 0x0000,
  0x0000, 0x0000, 0x0000, 0x0000, 0x0000, 0x0000, 0x0000, 0x0000,
  0x0000, 0x0000, 0x0000, 0x0000, 0x0000, 0x0000, 0x0000, 0x0000,
  0x0000, 0x0000, 0x0000, 0x5AED, 0x5AED, 0x5AED, 0x5AED, 0x5AED,
  0x5AED, 0x5AED, 0x5AED, 0x5AED, 0x5AED, 0x5AED, 0x5AED, 0x5AED,
  0x5AED, 0x5AED, 0x5AED, 0x5AED, 0x5AED, 0x5AED, 0x5AED, 0x5AED,
  0x5AED, 0x5AED, 0x5AED, 0x5AED, 0x5AED, 0x5AED, 0x5AED, 0x5AED,
  0x5AED, 0x0000, 0x0000, 0x0000, 0x0000, 0x0000, 0x0000, 0x0000,
  0x0000, 0x0000, 0x0000, 0x0000, 0x0000, 0x0000, 0x0000, 0x0000,
  0x0000, 0x0000, 0x0000, 0x0000, 0x0000, 0x0000, 0x0000, 0x0000,
  0x0000, 0x0000, 0x0000, 0x0000, 0x0000, 0x0000, 0x0000, 0x0000,
  0x0000, 0x0000, 0x0000, 0x5AED, 0x5AED, 0x5AED, 0x5AED, 0x5AED,
  0x5AED, 0x5AED, 0x5AED, 0x5AED, 0x5AED, 0x5AED, 0x5AED, 0x5AED,
  0x5AED, 0x5AED, 0x5AED, 0x5AED, 0x5AED, 0x5AED, 0x5AED, 0x5AED,
  0x5AED, 0x5AED, 0x5AED, 0x5AED, 0x5AED, 0x5AED, 0x5AED, 0x5AED,
  0x5AED, 0x5AED, 0x5AED, 0x0000, 0x0000, 0x0000, 0x0000, 0x0000,
  0x0000, 0x0000, 0x0000, 0x0000, 0x0000, 0x0000, 0x0000, 0x0000,
  0x0000, 0x0000, 0x0000, 0x0000, 0x0000, 0x0000, 0x0000, 0x0000,
  0x0000, 0x0000, 0x0000, 0x0000, 0x0000, 0x0000, 0x0000, 0x0000,
  0x0000, 0x0000, 0x5AED, 0x5AED, 0x5AED, 0x5AED, 0x5AED, 0x5AED,
  0x5AED, 0x5AED, 0x5AED, 0x5AED, 0x5AED, 0x5AED, 0x5AED, 0x5AED,
  0x5AED, 0x5AED, 0x5AED, 0x5AED, 0x5AED, 0x5AED, 0x5AED, 0x5AED,
  0x5AED, 0x5AED, 0x5AED, 0x5AED, 0x5AED, 0x5AED, 0x5AED, 0x5AED,
  0x5AED, 0x5AED, 0x5AED, 0x5AED, 0x5AED, 0x0000, 0x0000, 0x0000,
  0x0000, 0x0000, 0x0000, 0x0000, 0x0000, 0x0000, 0x0000, 0x0000,
  0x0000, 0x0000, 0x0000, 0x0000, 0x0000, 0x0000, 0x0000, 0x0000,
  0x0000, 0x0000, 0x0000, 0x0000, 0x0000, 0x0000, 0x0000, 0x0000,
  0x0000, 0x0000, 0x5AED, 0x5AED, 0x5AED, 0x5AED, 0x5AED, 0x5AED,
  0x5AED, 0x5AED, 0x5AED, 0x5AED, 0x5AED, 0x5AED, 0x5AED, 0x5AED,
  0x5AED, 0x5AED, 0x5AED, 0x5AED, 0x5AED, 0x5AED, 0x5AED, 0x5AED,
  0x5AED, 0x5AED, 0x5AED, 0x5AED, 0x5AED, 0x5AED, 0x5AED, 0x5AED,
  0x5AED, 0x5AED, 0x5AED, 0x5AED, 0x5AED, 0x5AED, 0x0000, 0x0000,
  0x0000, 0x0000, 0x0000, 0x0000, 0x0000, 0x0000, 0x0000, 0x0000,
  0x0000, 0x0000, 0x0000, 0x0000, 0x0000, 0x0000, 0x0000, 0x0000,
  0x0000, 0x0000, 0x0000, 0x0000, 0x0000, 0x0000, 0x0000, 0x0000,
  0x5AED, 0x5AED, 0x5AED, 0x5AED, 0x5AED, 0x5AED, 0x5AED, 0x5AED,
  0x5AED, 0x5AED, 0x5AED, 0x5AED, 0x5AED, 0x5AED, 0x5AED, 0x5AED,
  0x5AED, 0x5AED, 0x5AED, 0x5AED, 0x5AED, 0x5AED, 0x5AED, 0x5AED,
  0x5AED, 0x5AED, 0x5AED, 0x5AED, 0x5AED, 0x5AED, 0x5AED, 0x5AED,
  0x5AED, 0x5AED, 0x5AED, 0x5AED, 0x5AED, 0x5AED, 0x5AED, 0x0000,
  0x0000, 0x0000, 0x0000, 0x0000, 0x0000, 0x0000, 0x0000, 0x0000,
  0x0000, 0x0000, 0x0000, 0x0000, 0x0000, 0x0000, 0x0000, 0x0000,
  0x0000, 0x0000, 0x0000, 0x0000, 0x0000, 0x0000, 0x0000, 0x5AED,
  0x5AED, 0x5AED, 0x5AED, 0x5AED, 0x5AED, 0x5AED, 0x5AED, 0x5AED,
  0x5AED, 0x5AED, 0x5AED, 0x5AED, 0x5AED, 0x5AED, 0x5AED, 0x5AED,
  0x5AED, 0x5AED, 0x5AED, 0x5AED, 0x5AED, 0x5AED, 0x5AED, 0x5AED,
  0x5AED, 0x5AED, 0x5AED, 0x5AED, 0x5AED, 0x5AED, 0x5AED, 0x5AED,
  0x5AED, 0x5AED, 0x5AED, 0x5AED, 0x5AED, 0x5AED, 0x5AED, 0x5AED,
  0x0000, 0x0000, 0x0000, 0x0000, 0x0000, 0x0000, 0x0000, 0x0000,
  0x0000, 0x0000, 0x0000, 0x0000, 0x0000, 0x0000, 0x0000, 0x0000,
  0x0000, 0x0000, 0x0000, 0x0000, 0x0000, 0x5AED, 0x5AED, 0x5AED,
  0x5AED, 0x5AED, 0x5AED, 0x5AED, 0x5AED, 0x5AED, 0x5AED, 0x5AED,
  0x5AED, 0x5AED, 0x5AED, 0x5AED, 0x5AED, 0x9D35, 0x9D35, 0x9D35,
  0x9D35, 0x9D35, 0x9D35, 0x9D35, 0x5AED, 0x5AED, 0x5AED, 0x5AED,
  0x5AED, 0x5AED, 0x5AED, 0x5AED, 0x5AED, 0x5AED, 0x5AED, 0x5AED,
  0x5AED, 0x5AED, 0x5AED, 0x5AED, 0x5AED, 0x5AED, 0x5AED, 0x5AED,
  0x0000, 0x0000, 0x0000, 0x0000, 0x0000, 0x0000, 0x0000, 0x0000,
  0x0000, 0x0000, 0x0000, 0x0000, 0x0000, 0x0000, 0x0000, 0x0000,
  0x0000, 0x0000, 0x0000, 0x0000, 0x0000, 0x5AED, 0x5AED, 0x5AED,
  0x5AED, 0x5AED, 0x5AED, 0x5AED, 0x5AED, 0x5AED, 0x5AED, 0x5AED,
  0x5AED, 0x5AED, 0x9D35, 0x9D35, 0x9D35, 0x9D35, 0x9D35, 0x9D35,
  0x9D35, 0x9D35, 0x9D35, 0x9D35, 0x9D35, 0x9D35, 0x9D35, 0x5AED,
  0x5AED, 0x5AED, 0x5AED, 0x5AED, 0x5AED, 0x5AED, 0x5AED, 0x5AED,
  0x5AED, 0x5AED, 0x5AED, 0x5AED, 0x5AED, 0x5AED, 0x5AED, 0x5AED,
  0x5AED, 0x0000, 0x0000, 0x0000, 0x0000, 0x0000, 0x0000, 0x0000,
  0x0000, 0x0000, 0x0000, 0x0000, 0x0000, 0x0000, 0x0000, 0x0000,
  0x0000, 0x0000, 0x0000, 0x0000, 0x5AED, 0x5AED, 0x5AED, 0x5AED,
  0x5AED, 0x5AED, 0x5AED, 0x5AED, 0x5AED, 0x5AED, 0x5AED, 0x5AED,
  0x5AED, 0x9D35, 0x9D35, 0x9D35, 0x9D35, 0x9D35, 0x9D35, 0x9D35,
  0x9D35, 0x9D35, 0x9D35, 0x9D35, 0x9D35, 0x9D35, 0x9D35, 0x9D35,
  0x5AED, 0x5AED, 0x5AED, 0x5AED, 0x5AED, 0x5AED, 0x5AED, 0x5AED,
  0x5AED, 0x5AED, 0x5AED, 0x5AED, 0x5AED, 0x5AED, 0x5AED, 0x5AED,
  0x5AED, 0x0000, 0x0000, 0x0000, 0x0000, 0x0000, 0x0000, 0x0000,
  0x0000, 0x0000, 0x0000, 0x0000, 0x0000, 0x0000, 0x0000, 0x0000,
  0x0000, 0x0000, 0x0000, 0x5AED, 0x5AED, 0x5AED, 0x5AED, 0x5AED,
  0x5AED, 0x5AED, 0x5AED, 0x5AED, 0x5AED, 0x5AED, 0x5AED, 0x9D35,
  0x9D35, 0x9D35, 0x9D35, 0x9D35, 0x9D35, 0x9D35, 0x9D35, 0x9D35,
  0x9D35, 0x9D35, 0x9D35, 0x9D35, 0x9D35, 0x9D35, 0x9D35, 0x9D35,
  0x9D35, 0x9D35, 0x5AED, 0x5AED, 0x5AED, 0x5AED, 0x5AED, 0x5AED,
  0x5AED, 0x5AED, 0x5AED, 0x5AED, 0x5AED, 0x5AED, 0x5AED, 0x5AED,
  0x5AED, 0x5AED, 0x0000, 0x0000, 0x0000, 0x0000, 0x0000, 0x0000,
  0x0000, 0x0000, 0x0000, 0x0000, 0x0000, 0x0000, 0x0000, 0x0000,
  0x0000, 0x0000, 0x0000, 0x5AED, 0x5AED, 0x5AED, 0x5AED, 0x5AED,
  0x5AED, 0x5AED, 0x5AED, 0x5AED, 0x5AED, 0x5AED, 0x9D35, 0x9D35,
  0x9D35, 0x9D35, 0x9D35, 0x9D35, 0x9D35, 0x9D35, 0x9D35, 0x9D35,
  0x9D35, 0x9D35, 0x9D35, 0x9D35, 0x9D35, 0x9D35, 0x9D35, 0x9D35,
  0x9D35, 0x9D35, 0x9D35, 0x5AED, 0x5AED, 0x5AED, 0x5AED, 0x5AED,
  0x5AED, 0x5AED, 0x5AED, 0x5AED, 0x5AED, 0x5AED, 0x5AED, 0x5AED,
  0x5AED, 0x5AED, 0x0000, 0x0000, 0x0000, 0x0000, 0x0000, 0x0000,
  0x0000, 0x0000, 0x0000, 0x0000, 0x0000, 0x0000, 0x0000, 0x0000,
  0x0000, 0x0000, 0x5AED, 0x5AED, 0x5AED, 0x5AED, 0x5AED, 0x5AED,
  0x5AED, 0x5AED, 0x5AED, 0x5AED, 0x5AED, 0x9D35, 0x9D35, 0x9D35,
  0x9D35, 0x9D35, 0x9D35, 0x9D35, 0x9D35, 0x9D35, 0x9D35, 0x9D35,
  0x9D35, 0x9D35, 0x9D35, 0x9D35, 0x9D35, 0x9D35, 0x9D35, 0x9D35,
  0x9D35, 0x9D35, 0x9D35, 0x9D35, 0x5AED, 0x5AED, 0x5AED, 0x5AED,
  0x5AED, 0x5AED, 0x5AED, 0x5AED, 0x5AED, 0x5AED, 0x5AED, 0x5AED,
  0x5AED, 0x5AED, 0x0000, 0x0000, 0x0000, 0x0000, 0x0000, 0x0000,
  0x0000, 0x0000, 0x0000, 0x0000, 0x0000, 0x0000, 0x0000, 0x0000,
  0x0000, 0x0000, 0x5AED, 0x5AED, 0x5AED, 0x5AED, 0x5AED, 0x5AED,
  0x5AED, 0x5AED, 0x5AED, 0x5AED, 0x5AED, 0x9D35, 0x9D35, 0x9D35,
  0x9D35, 0x9D35, 0x9D35, 0x9D35, 0x9D35, 0x9D35, 0x9D35, 0x9D35,
  0x9D35, 0x9D35, 0x9D35, 0x9D35, 0x9D35, 0x9D35, 0x9D35, 0x9D35,
  0x9D35, 0x9D35, 0x9D35, 0x9D35, 0x5AED, 0x5AED, 0x5AED, 0x5AED,
  0x5AED, 0x5AED, 0x5AED, 0x5AED, 0x5AED, 0x5AED, 0x5AED, 0x5AED,
  0x5AED, 0x5AED, 0x0000, 0x0000, 0x0000, 0x0000, 0x0000, 0x0000,
  0x0000, 0x0000, 0x0000, 0x0000, 0x0000, 0x0000, 0x0000, 0x0000,
  0x0000, 0x0000, 0x5AED, 0x5AED, 0x5AED, 0x5AED, 0x5AED, 0x5AED,
  0x5AED, 0x5AED, 0x5AED, 0x5AED, 0x9D35, 0x9D35, 0x9D35, 0x9D35,
  0x9D35, 0x9D35, 0x9D35, 0x9D35, 0x9D35, 0x9D35, 0x9D35, 0x9D35,
  0x9D35, 0x9D35, 0x9D35, 0x9D35, 0x9D35, 0x9D35, 0x9D35, 0x9D35,
  0x9D35, 0x9D35, 0x9D35, 0x9D35, 0x9D35, 0x9D35, 0x9D35, 0x9D35,
  0x5AED, 0x5AED, 0x5AED, 0x5AED, 0x5AED, 0x5AED, 0x5AED, 0x5AED,
  0x5AED, 0x5AED, 0x0000, 0x0000, 0x0000, 0x0000, 0x0000, 0x0000,
  0x0000, 0x0000, 0x0000, 0x0000, 0x0000, 0x0000, 0x0000, 0x5AED,
  0x5AED, 0x5AED, 0x5AED, 0x5AED, 0x5AED, 0x5AED, 0x5AED, 0x5AED,
  0x5AED, 0x5AED, 0x5AED, 0x9D35, 0x9D35, 0x9D35, 0x9D35, 0x9D35,
  0x9D35, 0x9D35, 0x9D35, 0x9D35, 0x9D35, 0x9D35, 0x9D35, 0x9D35,
  0x9D35, 0x9D35, 0x9D35, 0x9D35, 0x9D35, 0x9D35, 0x9D35, 0x9D35,
  0x9D35, 0x9D35, 0x9D35, 0x9D35, 0x9D35, 0x9D35, 0x9D35, 0x9D35,
  0x9D35, 0x9D35, 0x5AED, 0x5AED, 0x5AED, 0x5AED, 0x5AED, 0x5AED,
  0x5AED, 0x5AED, 0x0000, 0x0000, 0x0000, 0x0000, 0x0000, 0x0000,
  0x0000, 0x0000, 0x0000, 0x0000, 0x0000, 0x0000, 0x0000, 0x5AED,
  0x5AED, 0x5AED, 0x5AED, 0x5AED, 0x5AED, 0x5AED, 0x5AED, 0x5AED,
  0x5AED, 0x5AED, 0x5AED, 0x9D35, 0x9D35, 0x9D35, 0x9D35, 0x9D35,
  0x9D35, 0x9D35, 0x9D35, 0x9D35, 0x9D35, 0x9D35, 0x9D35, 0x9D35,
  0x9D35, 0x9D35, 0x9D35, 0x9D35, 0x9D35, 0x9D35, 0x9D35, 0x9D35,
  0x9D35, 0x9D35, 0x9D35, 0x9D35, 0x9D35, 0x9D35, 0x9D35, 0x9D35,
  0x9D35, 0x9D35, 0x9D35, 0x5AED, 0x5AED, 0x5AED, 0x5AED, 0x5AED,
  0x5AED, 0x5AED, 0x0000, 0x0000, 0x0000, 0x0000, 0x0000, 0x0000,
  0x0000, 0x0000, 0x0000, 0x0000, 0x0000, 0x0000, 0x0000, 0x5AED,
  0x5AED, 0x5AED, 0x5AED, 0x5AED, 0x5AED, 0x5AED, 0x5AED, 0x5AED,
  0x5AED, 0x5AED, 0x9D35, 0x9D35, 0x9D35, 0x9D35, 0x9D35, 0x9D35,
  0x9D35, 0x9D35, 0x9D35, 0x9D35, 0x9D35, 0x9D35, 0x9D35, 0x9D35,
  0x9D35, 0x9D35, 0x9D35, 0x9D35, 0x9D35, 0x9D35, 0x9D35, 0x9D35,
  0x9D35, 0x9D35, 0x9D35, 0x9D35, 0x9D35, 0x9D35, 0x9D35, 0x9D35,
  0x9D35, 0x9D35, 0x9D35, 0x9D35, 0x9D35, 0x5AED, 0x5AED, 0x5AED,
  0x5AED, 0x0000, 0x0000, 0x0000, 0x0000, 0x0000, 0x0000, 0x0000,
  0x0000, 0x0000, 0x0000, 0x0000, 0x0000, 0x0000, 0x0000, 0x5AED,
  0x5AED, 0x5AED, 0x5AED, 0x5AED, 0x5AED, 0x5AED, 0x5AED, 0x5AED,
  0x9D35, 0x9D35, 0x9D35, 0x9D35, 0x9D35, 0x9D35, 0x9D35, 0x9D35,
  0x9D35, 0x9D35, 0x9D35, 0x9D35, 0x9D35, 0x9D35, 0x9D35, 0x9D35,
  0x9D35, 0x9D35, 0x9D35, 0x9D35, 0x9D35, 0x9D35, 0x9D35, 0x9D35,
  0x9D35, 0x9D35, 0x9D35, 0x9D35, 0x9D35, 0x9D35, 0x9D35, 0x9D35,
  0x9D35, 0x9D35, 0x9D35, 0x9D35, 0x9D35, 0x5AED, 0x5AED, 0x5AED,
  0x5AED, 0x0000, 0x0000, 0x0000, 0x0000, 0x0000, 0x0000, 0x0000,
  0x0000, 0x0000, 0x0000, 0x0000, 0x0000, 0x0000, 0x0000, 0x5AED,
  0x5AED, 0x5AED, 0x5AED, 0x5AED, 0x5AED, 0x5AED, 0x5AED, 0x9D35,
  0x9D35, 0x9D35, 0x9D35, 0x9D35, 0x9D35, 0x9D35, 0x9D35, 0x9D35,
  0x9D35, 0x9D35, 0x9D35, 0x9D35, 0x9D35, 0x9D35, 0x9D35, 0x9D35,
  0x9D35, 0x9D35, 0x9D35, 0x9D35, 0x9D35, 0x9D35, 0x9D35, 0x9D35,
  0x9D35, 0x9D35, 0x9D35, 0x9D35, 0x9D35, 0x9D35, 0x9D35, 0x9D35,
  0x9D35, 0x9D35, 0x9D35, 0x9D35, 0x9D35, 0x9D35, 0x5AED, 0x5AED,
  0x0000, 0x0000, 0x0000, 0x0000, 0x0000, 0x0000, 0x0000, 0x0000,
  0x0000, 0x0000, 0x0000, 0x0000, 0x0000, 0x0000, 0x0000, 0x5AED,
  0x5AED, 0x5AED, 0x5AED, 0x5AED, 0x5AED, 0x5AED, 0x9D35, 0x9D35,
  0x9D35, 0x9D35, 0x9D35, 0x9D35, 0x9D35, 0x9D35, 0x9D35, 0x9D35,
  0x9D35, 0x9D35, 0x9D35, 0x9D35, 0x9D35, 0x9D35, 0x9D35, 0x9D35,
  0x9D35, 0x9D35, 0x9D35, 0x9D35, 0x9D35, 0x9D35, 0x9D35, 0x9D35,
  0x9D35, 0x9D35, 0x9D35, 0x9D35, 0x9D35, 0x9D35, 0x9D35, 0x9D35,
  0x9D35, 0x9D35, 0x9D35, 0x9D35, 0x9D35, 0x9D35, 0x9D35, 0x5AED,
  0x0000, 0x0000, 0x0000, 0x0000, 0x0000, 0x0000, 0x0000, 0x0000,
  0x0000, 0x0000, 0x0000, 0x0000, 0x0000, 0x0000, 0x0000, 0x5AED,
  0x5AED, 0x5AED, 0x5AED, 0x5AED, 0x5AED, 0x9D35, 0x9D35, 0x9D35,
  0x9D35, 0x9D35, 0x9D35, 0x9D35, 0x9D35, 0x9D35, 0x9D35, 0x9D35,
  0x9D35, 0x9D35, 0x9D35, 0x9D35, 0x9D35, 0x9D35, 0x9D35, 0x9D35,
  0x9D35, 0x9D35, 0x9D35, 0x9D35, 0x9D35, 0x9D35, 0x9D35, 0x9D35,
  0x9D35, 0x9D35, 0x9D35, 0x9D35, 0x9D35, 0x9D35, 0x9D35, 0x9D35,
  0x9D35, 0x9D35, 0x9D35, 0x9D35, 0x9D35, 0x9D35, 0x9D35, 0x5AED,
  0x0000, 0x0000, 0x0000, 0x0000, 0x0000, 0x0000, 0x0000, 0x0000,
  0x0000, 0x0000, 0x0000, 0x0000, 0x0000, 0x0000, 0x0000, 0x5AED,
  0x5AED, 0x5AED, 0x5AED, 0x5AED, 0x9D35, 0x9D35, 0x9D35, 0x9D35,
  0x9D35, 0x9D35, 0x9D35, 0x9D35, 0x9D35, 0x9D35, 0x9D35, 0x9D35,
  0x9D35, 0x9D35, 0x9D35, 0x9D35, 0x9D35, 0x9D35, 0x9D35, 0x9D35,
  0x9D35, 0x9D35, 0x9D35, 0x9D35, 0x9D35, 0x9D35, 0x9D35, 0x9D35,
  0x9D35, 0x9D35, 0x9D35, 0x9D35, 0x9D35, 0x9D35, 0x9D35, 0x9D35,
  0x9D35, 0x9D35, 0x9D35, 0x9D35, 0x9D35, 0x9D35, 0x9D35, 0x9D35,
  0x0000, 0x0000, 0x0000, 0x0000, 0x0000, 0x0000, 0x0000, 0x0000,
  0x0000, 0x0000, 0x0000, 0x0000, 0x0000, 0x0000, 0x0000, 0x5AED,
  0x5AED, 0x5AED, 0x5AED, 0x5AED, 0x9D35, 0x9D35, 0x9D35, 0x9D35,
  0x9D35, 0x9D35, 0x9D35, 0x9D35, 0x9D35, 0x9D35, 0x9D35, 0x9D35,
  0x9D35, 0x9D35, 0x9D35, 0x9D35, 0x9D35, 0x9D35, 0x9D35, 0x9D35,
  0x9D35, 0x9D35, 0x9D35, 0x9D35, 0x9D35, 0x9D35, 0x9D35, 0x9D35,
  0x9D35, 0x9D35, 0x9D35, 0x9D35, 0x9D35, 0x9D35, 0x9D35, 0x9D35,
  0x9D35, 0x9D35, 0x9D35, 0x9D35, 0x9D35, 0x9D35, 0x9D35, 0x9D35,
  0x0000, 0x0000, 0x0000, 0x0000, 0x0000, 0x0000, 0x0000, 0x0000,
  0x0000, 0x0000, 0x0000, 0x0000, 0x0000, 0x0000, 0x0000, 0x5AED,
  0x5AED, 0x5AED, 0x5AED, 0x9D35, 0x9D35, 0x9D35, 0x9D35, 0x9D35,
  0x9D35, 0x9D35, 0x9D35, 0x9D35, 0x9D35, 0x9D35, 0x9D35, 0x9D35,
  0x9D35, 0x9D35, 0x9D35, 0x9D35, 0x9D35, 0x9D35, 0x9D35, 0x9D35,
  0x9D35, 0x9D35, 0x9D35, 0x9D35, 0x9D35, 0x9D35, 0x9D35, 0x9D35,
  0x9D35, 0x9D35, 0x9D35, 0x9D35, 0x9D35, 0x9D35, 0x9D35, 0x9D35,
  0x9D35, 0x9D35, 0x9D35, 0x9D35, 0x9D35, 0x9D35, 0x9D35, 0x9D35,
  0x0000, 0x0000, 0x0000, 0x0000, 0x0000, 0x0000, 0x0000, 0x0000,
  0x0000, 0x0000, 0x0000, 0x0000, 0x0000, 0x0000, 0x0000, 0x5AED,
  0x5AED, 0x5AED, 0x5AED, 0x9D35, 0x9D35, 0x9D35, 0x9D35, 0x9D35,
  0x9D35, 0x9D35, 0x9D35, 0x9D35, 0x9D35, 0x9D35, 0x9D35, 0x9D35,
  0x9D35, 0x9D35, 0x9D35, 0x9D35, 0x9D35, 0x9D35, 0x9D35, 0x9D35,
  0x9D35, 0x9D35, 0x9D35, 0x9D35, 0x9D35, 0x9D35, 0x9D35, 0x9D35,
  0x9D35, 0x9D35, 0x9D35, 0x9D35, 0x9D35, 0x9D35, 0x9D35, 0x9D35,
  0x9D35, 0x9D35, 0x9D35, 0x9D35, 0x9D35, 0x9D35, 0x9D35, 0x9D35,
  0x0000, 0x0000, 0x0000, 0x0000, 0x0000, 0x0000, 0x0000, 0x0000,
  0x0000, 0x0000, 0x0000, 0x0000, 0x0000, 0x0000, 0x0000, 0x5AED,
  0x5AED, 0x5AED, 0x5AED, 0x9D35, 0x9D35, 0x9D35, 0x9D35, 0x9D35,
  0x9D35, 0x9D35, 0x9D35, 0x9D35, 0x9D35, 0x9D35, 0x9D35, 0x9D35,
  0x9D35, 0x9D35, 0x9D35, 0x9D35, 0x9D35, 0x9D35, 0x9D35, 0x9D35,
  0x9D35, 0x9D35, 0x9D35, 0x9D35, 0x9D35, 0x9D35, 0x9D35, 0x9D35,
  0x9D35, 0x9D35, 0x9D35, 0x9D35, 0x9D35, 0x9D35, 0x9D35, 0x9D35,
  0x9D35, 0x9D35, 0x9D35, 0x9D35, 0x9D35, 0x9D35, 0x9D35, 0x9D35,
  0x0000, 0x0000, 0x0000, 0x0000, 0x0000, 0x0000, 0x0000, 0x0000,
  0x0000, 0x0000, 0x0000, 0x0000, 0x0000, 0x0000, 0x0000, 0x5AED,
  0x9D35, 0x9D35, 0x9D35, 0x9D35, 0x9D35, 0x9D35, 0x9D35, 0x9D35,
  0x9D35, 0x9D35, 0x9D35, 0x9D35, 0x9D35, 0x9D35, 0x9D35, 0x9D35,
  0x9D35, 0x9D35, 0x9D35, 0x9D35, 0x9D35, 0x9D35, 0x9D35, 0x9D35,
  0x9D35, 0x9D35, 0x9D35, 0x9D35, 0x9D35, 0x9D35, 0x9D35, 0x9D35,
  0x9D35, 0x9D35, 0x9D35, 0x9D35, 0x9D35, 0x9D35, 0x9D35, 0x9D35,
  0x9D35, 0x9D35, 0x9D35, 0x9D35, 0x9D35, 0x9D35, 0x9D35, 0x9D35,
  0x0000, 0x0000, 0x0000, 0x0000, 0x0000, 0x0000, 0x0000, 0x0000,
  0x0000, 0x0000, 0x0000, 0x0000, 0x0000, 0x0000, 0x0000, 0x5AED,
  0x9D35, 0x9D35, 0x9D35, 0x9D35, 0x9D35, 0x9D35, 0x9D35, 0x9D35,
  0x9D35, 0x9D35, 0x9D35, 0x9D35, 0x9D35, 0x9D35, 0x9D35, 0x9D35,
  0x9D35, 0x9D35, 0x9D35, 0x9D35, 0x9D35, 0x9D35, 0x9D35, 0x9D35,
  0x9D35, 0x9D35, 0x9D35, 0x9D35, 0x9D35, 0x9D35, 0x9D35, 0x9D35,
  0x9D35, 0x9D35, 0x9D35, 0x9D35, 0x9D35, 0x9D35, 0x9D35, 0x9D35,
  0x9D35, 0x9D35, 0x9D35, 0x9D35, 0x9D35, 0x9D35, 0x9D35, 0x9D35,
  0x0000, 0x0000, 0x0000, 0x0000, 0x0000, 0x0000, 0x0000, 0x0000,
  0x0000, 0x0000, 0x0000, 0x0000, 0x0000, 0x0000, 0x0000, 0x5AED,
  0x9D35, 0x9D35, 0x9D35, 0x9D35, 0x9D35, 0x9D35, 0x9D35, 0x9D35,
  0x9D35, 0x9D35, 0x9D35, 0x9D35, 0x9D35, 0x9D35, 0x9D35, 0x9D35,
  0x9D35, 0x9D35, 0x9D35, 0x9D35, 0x9D35, 0x9D35, 0x9D35, 0x9D35,
  0x9D35, 0x9D35, 0x9D35, 0x9D35, 0x9D35, 0x9D35, 0x9D35, 0x9D35,
  0x9D35, 0x9D35, 0x9D35, 0x9D35, 0x9D35, 0x9D35, 0x9D35, 0x9D35,
  0x9D35, 0x9D35, 0x9D35, 0x9D35, 0x9D35, 0x9D35, 0x9D35, 0x5AED,
  0x0000, 0x0000, 0x0000, 0x0000, 0x0000, 0x0000, 0x0000, 0x0000,
  0x0000, 0x0000, 0x0000, 0x0000, 0x0000, 0x0000, 0x0000, 0x5AED,
  0x9D35, 0x9D35, 0x9D35, 0x9D35, 0x9D35, 0x9D35, 0x9D35, 0x9D35,
  0x9D35, 0x9D35, 0x9D35, 0x9D35, 0x9D35, 0x9D35, 0x9D35, 0x9D35,
  0x9D35, 0x9D35, 0x9D35, 0x9D35, 0x9D35, 0x9D35, 0x9D35, 0x9D35,
  0x9D35, 0x9D35, 0x9D35, 0x9D35, 0x9D35, 0x9D35, 0x9D35, 0x9D35,
  0x9D35, 0x9D35, 0x9D35, 0x9D35, 0x9D35, 0x9D35, 0x9D35, 0x9D35,
  0x9D35, 0x9D35, 0x9D35, 0x9D35, 0x9D35, 0x9D35, 0x9D35, 0x5AED,
  0x0000, 0x0000, 0x0000, 0x0000, 0x0000, 0x0000, 0x0000, 0x0000,
  0x0000, 0x0000, 0x0000, 0x0000, 0x0000, 0x0000, 0x0000, 0x5AED,
  0x9D35, 0x9D35, 0x9D35, 0x9D35, 0x9D35, 0x9D35, 0x9D35, 0x9D35,
  0x9D35, 0x9D35, 0x9D35, 0x9D35, 0x9D35, 0x9D35, 0x9D35, 0x9D35,
  0x9D35, 0x9D35, 0x9D35, 0x9D35, 0x9D35, 0x9D35, 0x9D35, 0x9D35,
  0x9D35, 0x9D35, 0x9D35, 0x9D35, 0x9D35, 0x9D35, 0x9D35, 0x9D35,
  0x9D35, 0x9D35, 0x9D35, 0x9D35, 0x9D35, 0x9D35, 0x9D35, 0x9D35,
  0x9D35, 0x9D35, 0x9D35, 0x9D35, 0x9D35, 0x9D35, 0x9D35, 0x5AED,
  0x0000, 0x0000, 0x0000, 0x0000, 0x0000, 0x0000, 0x0000, 0x0000,
  0x0000, 0x0000, 0x0000, 0x0000, 0x0000, 0x0000, 0x0000, 0x5AED,
  0x9D35, 0x9D35, 0x9D35, 0x9D35, 0x9D35, 0x9D35, 0x9D35, 0x9D35,
  0x9D35, 0x9D35, 0x9D35, 0x9D35, 0x9D35, 0x9D35, 0x9D35, 0x9D35,
  0x9D35, 0x9D35, 0x9D35, 0x9D35, 0x9D35, 0x9D35, 0x9D35, 0x9D35,
  0x9D35, 0x9D35, 0x9D35, 0x9D35, 0x9D35, 0x9D35, 0x9D35, 0x9D35,
  0x9D35, 0x9D35, 0x9D35, 0x9D35, 0x9D35, 0x9D35, 0x9D35, 0x9D35,
  0x9D35, 0x9D35, 0x9D35, 0x9D35, 0x9D35, 0x9D35, 0x9D35, 0x5AED,
  0x0000, 0x0000, 0x0000, 0x0000, 0x0000, 0x0000, 0x0000, 0x0000,
  0x0000, 0x0000, 0x0000, 0x0000, 0x0000, 0x0000, 0x0000, 0x0000,
  0x9D35, 0x9D35, 0x9D35, 0x9D35, 0x9D35, 0x9D35, 0x9D35, 0x9D35,
  0x9D35, 0x9D35, 0x9D35, 0x9D35, 0x9D35, 0x9D35, 0x9D35, 0x9D35,
  0x9D35, 0x9D35, 0x9D35, 0x9D35, 0x9D35, 0x9D35, 0x9D35, 0x9D35,
  0x9D35, 0x9D35, 0x9D35, 0x9D35, 0x9D35, 0x9D35, 0x9D35, 0x9D35,
  0x9D35, 0x9D35, 0x9D35, 0x9D35, 0x9D35, 0x9D35, 0x9D35, 0x9D35,
  0x9D35, 0x9D35, 0x9D35, 0x9D35, 0x9D35, 0x9D35, 0x9D35, 0x0000,
  0x0000, 0x0000, 0x0000, 0x0000, 0x0000, 0x0000, 0x0000, 0x0000,
  0x0000, 0x0000, 0x0000, 0x0000, 0x0000, 0x0000, 0x0000, 0x0000,
  0x9D35, 0x9D35, 0x9D35, 0x9D35, 0x9D35, 0x9D35, 0x9D35, 0x9D35,
  0x9D35, 0x9D35, 0x9D35, 0x9D35, 0x9D35, 0x9D35, 0x9D35, 0x9D35,
  0x9D35, 0x9D35, 0x9D35, 0x9D35, 0x9D35, 0x9D35, 0x9D35, 0x9D35,
  0x9D35, 0x9D35, 0x9D35, 0x9D35, 0x9D35, 0x9D35, 0x9D35, 0x9D35,
  0x9D35, 0x9D35, 0x9D35, 0x9D35, 0x9D35, 0x9D35, 0x9D35, 0x9D35,
  0x9D35, 0x9D35, 0x9D35, 0x9D35, 0x9D35, 0x9D35, 0x9D35, 0x0000,
  0x0000, 0x0000, 0x0000, 0x0000, 0x0000, 0x0000, 0x0000, 0x0000,
  0x0000, 0x0000, 0x0000, 0x0000, 0x0000, 0x0000, 0x0000, 0x0000,
  0x9D35, 0x9D35, 0x9D35, 0x9D35, 0x9D35, 0x9D35, 0x9D35, 0x9D35,
  0x9D35, 0x9D35, 0x9D35, 0x9D35, 0x9D35, 0x9D35, 0x9D35, 0x9D35,
  0x9D35, 0x9D35, 0x9D35, 0x9D35, 0x9D35, 0x9D35, 0x9D35, 0x9D35,
  0x9D35, 0x9D35, 0x9D35, 0x9D35, 0x9D35, 0x9D35, 0x9D35, 0x9D35,
  0x9D35, 0x9D35, 0x9D35, 0x9D35, 0x9D35, 0x9D35, 0x9D35, 0x9D35,
  0x9D35, 0x9D35, 0x9D35, 0x9D35, 0x9D35, 0x9D35, 0x9D35, 0x0000,
  0x0000, 0x0000, 0x0000, 0x0000, 0x0000, 0x0000, 0x0000, 0x0000,
  0x0000, 0x0000, 0x0000, 0x0000, 0x0000, 0x0000, 0x0000, 0x0000,
  0x9D35, 0x9D35, 0x9D35, 0x9D35, 0x9D35, 0x9D35, 0x9D35, 0x9D35,
  0x9D35, 0x9D35, 0x9D35, 0x9D35, 0x9D35, 0x9D35, 0x9D35, 0x9D35,
  0x9D35, 0x9D35, 0x9D35, 0x9D35, 0x9D35, 0x9D35, 0x9D35, 0x9D35,
  0x9D35, 0x9D35, 0x9D35, 0x9D35, 0x9D35, 0x9D35, 0x9D35, 0x9D35,
  0x9D35, 0x9D35, 0x9D35, 0x9D35, 0x9D35, 0x9D35, 0x9D35, 0x9D35,
  0x9D35, 0x9D35, 0x9D35, 0x9D35, 0x9D35, 0x9D35, 0x9D35, 0x0000,
  0x0000, 0x0000, 0x0000, 0x0000, 0x0000, 0x0000, 0x0000, 0x0000,
  0x0000, 0x0000, 0x0000, 0x0000, 0x0000, 0x0000, 0x0000, 0x0000,
  0x9D35, 0x9D35, 0x9D35, 0x9D35, 0x9D35, 0x9D35, 0x9D35, 0x9D35,
  0x9D35, 0x9D35, 0x9D35, 0x9D35, 0x9D35, 0x9D35, 0x9D35, 0x9D35,
  0x9D35, 0x9D35, 0x9D35, 0x9D35, 0x9D35, 0x9D35, 0x9D35, 0x9D35,
  0x9D35, 0x9D35, 0x9D35, 0x9D35, 0x9D35, 0x9D35, 0x9D35, 0x9D35,
  0x9D35, 0x9D35, 0x9D35, 0x9D35, 0x9D35, 0x9D35, 0x9D35, 0x9D35,
  0x9D35, 0x9D35, 0x9D35, 0x9D35, 0x9D35, 0x9D35, 0x9D35, 0x0000,
  0x0000, 0x0000, 0x0000, 0x0000, 0x0000, 0x0000, 0x0000, 0x0000,
  0x0000, 0x0000, 0x0000, 0x0000, 0x0000, 0x0000, 0x0000, 0x0000,
  0x9D35, 0x9D35, 0x9D35, 0x9D35, 0x9D35, 0x9D35, 0x9D35, 0x9D35,
  0x9D35, 0x9D35, 0x9D35, 0x9D35, 0x9D35, 0x9D35, 0x9D35, 0x9D35,
  0x9D35, 0x9D35, 0x9D35, 0x9D35, 0x9D35, 0x9D35, 0x9D35, 0x9D35,
  0x9D35, 0x9D35, 0x9D35, 0x9D35, 0x9D35, 0x9D35, 0x9D35, 0x9D35,
  0x9D35, 0x9D35, 0x9D35, 0x9D35, 0x9D35, 0x9D35, 0x9D35, 0x9D35,
  0x9D35, 0x9D35, 0x9D35, 0x9D35, 0x9D35, 0x9D35, 0x9D35, 0x0000,
  0x0000, 0x0000, 0x0000, 0x0000, 0x0000, 0x0000, 0x0000, 0x0000,
  0x0000, 0x0000, 0x0000, 0x0000, 0x0000, 0x0000, 0x0000, 0x0000,
  0x9D35, 0x9D35, 0x9D35, 0x9D35, 0x9D35, 0x9D35, 0x9D35, 0x9D35,
  0x9D35, 0x9D35, 0x9D35, 0x9D35, 0x9D35, 0x9D35, 0x9D35, 0x9D35,
  0x9D35, 0x9D35, 0x9D35, 0x9D35, 0x9D35, 0x9D35, 0x9D35, 0x9D35,
  0x9D35, 0x9D35, 0x9D35, 0x9D35, 0x9D35, 0x9D35, 0x9D35, 0x9D35,
  0x9D35, 0x9D35, 0x9D35, 0x9D35, 0x9D35, 0x9D35, 0x9D35, 0x9D35,
  0x9D35, 0x9D35, 0x9D35, 0x9D35, 0x9D35, 0x9D35, 0x9D35, 0x0000,
  0x0000, 0x0000, 0x0000, 0x0000, 0x0000, 0x0000, 0x0000, 0x0000,
  0x0000, 0x0000, 0x0000, 0x0000, 0x0000, 0x0000, 0x0000, 0x0000,
  0x9D35, 0x9D35, 0x9D35, 0x9D35, 0x9D35, 0x9D35, 0x9D35, 0x9D35,
  0x9D35, 0x9D35, 0x9D35, 0x9D35, 0x9D35, 0x9D35, 0x9D35, 0x9D35,
  0x9D35, 0x9D35, 0x9D35, 0x9D35, 0x9D35, 0x9D35, 0x9D35, 0x9D35,
  0x9D35, 0x9D35, 0x9D35, 0x9D35, 0x9D35, 0x9D35, 0x9D35, 0x9D35,
  0x9D35, 0x9D35, 0x9D35, 0x9D35, 0x9D35, 0x9D35, 0x9D35, 0x9D35,
  0x9D35, 0x9D35, 0x9D35, 0x9D35, 0x9D35, 0x9D35, 0x9D35, 0x0000,
  0x0000, 0x0000, 0x0000, 0x0000, 0x0000, 0x0000, 0x0000, 0x0000,
  0x0000, 0x0000, 0x0000, 0x0000, 0x0000, 0x0000, 0x0000, 0x0000,
  0x9D35, 0x9D35, 0x9D35, 0x9D35, 0x9D35, 0x9D35, 0x9D35, 0x9D35,
  0x9D35, 0x9D35, 0x9D35, 0x9D35, 0x9D35, 0x9D35, 0x9D35, 0x9D35,
  0x9D35, 0x9D35, 0x9D35, 0x9D35, 0x9D35, 0x9D35, 0x9D35, 0x9D35,
  0x9D35, 0x9D35, 0x9D35, 0x9D35, 0x9D35, 0x9D35, 0x9D35, 0x9D35,
  0x9D35, 0x9D35, 0x9D35, 0x9D35, 0x9D35, 0x9D35, 0x9D35, 0x9D35,
  0x9D35, 0x9D35, 0x9D35, 0x9D35, 0x9D35, 0x9D35, 0x9D35, 0x0000,
  0x0000, 0x0000, 0x0000, 0x0000, 0x0000, 0x0000, 0x0000, 0x0000,
  0x0000, 0x0000, 0x0000, 0x0000, 0x0000, 0x0000, 0x0000, 0x0000,
  0x9D35, 0x9D35, 0x9D35, 0x9D35, 0x9D35, 0x9D35, 0x9D35, 0x9D35,
  0x9D35, 0x9D35, 0x9D35, 0x9D35, 0x9D35, 0x9D35, 0x9D35, 0x9D35,
  0x9D35, 0x9D35, 0x9D35, 0x9D35, 0x9D35, 0x9D35, 0x9D35, 0x9D35,
  0x9D35, 0x9D35, 0x9D35, 0x9D35, 0x9D35, 0x9D35, 0x9D35, 0x9D35,
  0x9D35, 0x9D35, 0x9D35, 0x9D35, 0x9D35, 0x9D35, 0x9D35, 0x9D35,
  0x9D35, 0x9D35, 0x9D35, 0x9D35, 0x9D35, 0x9D35, 0x9D35, 0x0000,
  0x0000, 0x0000, 0x0000, 0x0000, 0x0000, 0x0000, 0x0000, 0x0000,
  0x0000, 0x0000, 0x0000, 0x0000, 0x0000, 0x0000, 0x0000, 0x0000,
  0x9D35, 0x9D35, 0x9D35, 0x9D35, 0x9D35, 0x9D35, 0x9D35, 0x9D35,
  0x9D35, 0x9D35, 0x9D35, 0x9D35, 0x9D35, 0x9D35, 0x9D35, 0x9D35,
  0x9D35, 0x9D35, 0x9D35, 0x9D35, 0x9D35, 0x9D35, 0x9D35, 0x9D35,
  0x9D35, 0x9D35, 0x9D35, 0x9D35, 0x9D35, 0x9D35, 0x9D35, 0x9D35,
  0x9D35, 0x9D35, 0x9D35, 0x9D35, 0x9D35, 0x9D35, 0x9D35, 0x9D35,
  0x9D35, 0x9D35, 0x9D35, 0x9D35, 0x9D35, 0x9D35, 0x9D35, 0x0000,
  0x0000, 0x0000, 0x0000, 0x0000, 0x0000, 0x0000, 0x0000, 0x0000,
  0x0000, 0x0000, 0x0000, 0x0000, 0x0000, 0x0000, 0x0000, 0x0000,
  0x0000, 0x0000, 0x0000, 0x0000, 0x0000, 0x0000, 0x0000, 0x0000,
  0x0000, 0x0000, 0x0000, 0x0000, 0x0000, 0x0000, 0x0000, 0x0000,
  0x0000, 0x0000, 0x0000, 0x0000, 0x0000, 0x0000, 0x0000, 0x0000,
  0x0000, 0x0000, 0x0000, 0x0000, 0x0000, 0x0000, 0x0000, 0x0000,
  0x0000, 0x0000, 0x0000, 0x0000, 0x0000, 0x0000, 0x0000, 0x0000,
  0x0000, 0x0000, 0x0000, 0x0000, 0x0000, 0x0000, 0x0000, 0x0000,
  0x0000, 0x0000, 0x0000, 0x0000, 0x0000, 0x0000, 0x0000, 0x0000,
  0x0000, 0x0000, 0x0000, 0x0000, 0x0000, 0x0000, 0x0000, 0x0000,
  0x0000, 0x0000, 0x0000, 0x0000, 0x0000, 0x0000, 0x0000, 0x0000,
  0x0000, 0x0000, 0x0000, 0x0000, 0x0000, 0x0000, 0x0000, 0x0000,
  0x0000, 0x0000, 0x0000, 0x0000, 0x0000, 0x0000, 0x0000, 0x0000,
  0x0000, 0x0000, 0x0000, 0x0000, 0x0000, 0x0000, 0x0000, 0x0000,
  0x0000, 0x0000, 0x0000, 0x0000, 0x0000, 0x0000, 0x0000, 0x0000,
  0x0000, 0x0000, 0x0000, 0x0000, 0x0000, 0x0000, 0x0000, 0x0000,
  0x0000, 0x0000, 0x0000, 0x0000, 0x0000, 0x0000, 0x0000, 0x0000,
  0x0000, 0x0000, 0x0000, 0x0000, 0x0000, 0x0000, 0x0000, 0x0000,
  0x0000, 0x0000, 0x0000, 0x0000, 0x0000, 0x0000, 0x0000, 0x0000,
  0x0000, 0x0000, 0x0000, 0x0000, 0x0000, 0x0000, 0x0000, 0x0000,
  0x0000, 0x0000, 0x0000, 0x0000, 0x0000, 0x0000, 0x0000, 0x0000,
  0x0000, 0x0000, 0x0000, 0x0000, 0x0000, 0x0000, 0x0000, 0x0000,
  0x0000, 0x0000, 0x0000, 0x0000, 0x0000, 0x0000, 0x0000, 0x0000,
  0x0000, 0x0000, 0x0000, 0x0000, 0x0000, 0x0000, 0x0000, 0x0000,
  0x0000, 0x0000, 0x0000, 0x0000, 0x0000, 0x0000, 0x0000, 0x0000,
  0x0000, 0x0000, 0x0000, 0x0000, 0x0000, 0x0000, 0x0000, 0x0000,
  0x0000, 0x0000, 0x0000, 0x0000, 0x0000, 0x0000, 0x0000, 0x0000,
  0x0000, 0x0000, 0x0000, 0x0000, 0x0000, 0x0000, 0x0000, 0x0000,
  0x0000, 0x0000, 0x0000, 0x0000, 0x0000, 0x0000, 0x0000, 0x0000,
  0x0000, 0x0000, 0x0000, 0x0000, 0x0000, 0x0000, 0x0000, 0x0000,
  0x0000, 0x0000, 0x0000, 0x0000, 0x0000, 0x0000, 0x0000, 0x0000,
  0x0000, 0x0000, 0x0000, 0x0000, 0x0000, 0x0000, 0x0000, 0x0000,
  0x0000, 0x0000, 0x0000, 0x0000, 0x0000, 0x0000, 0x0000, 0x0000,
  0x0000, 0x0000, 0x0000, 0x0000, 0x0000, 0x0000, 0x0000, 0x0000,
  0x0000, 0x0000, 0x0000, 0x0000, 0x0000, 0x0000, 0x0000, 0x0000,
  0x0000, 0x0000, 0x0000, 0x0000, 0x0000, 0x0000, 0x0000, 0x0000,
  0x0000, 0x0000, 0x0000, 0x0000, 0x0000, 0x0000, 0x0000, 0x0000,
  0x0000, 0x0000, 0x0000, 0x0000, 0x0000, 0x0000, 0x0000, 0x0000,
  0x0000, 0x0000, 0x0000, 0x0000, 0x0000, 0x0000, 0x0000, 0x0000,
  0x0000, 0x0000, 0x0000, 0x0000, 0x0000, 0x0000, 0x0000, 0x0000,
  0x0000, 0x0000, 0x0000, 0x0000, 0x0000, 0x0000, 0x0000, 0x0000,
  0x0000, 0x0000, 0x0000, 0x0000, 0x0000, 0x0000, 0x0000, 0x0000,
  0x0000, 0x0000, 0x0000, 0x0000, 0x0000, 0x0000, 0x0000, 0x0000,
  0x0000, 0x0000, 0x0000, 0x0000, 0x0000, 0x0000, 0x0000, 0x0000,
  0x0000, 0x0000, 0x0000, 0x0000, 0x0000, 0x0000, 0x0000, 0x0000,
  0x0000, 0x0000, 0x0000, 0x0000, 0x0000, 0x0000, 0x0000, 0x0000,
  0x0000, 0x0000, 0x0000, 0x0000, 0x0000, 0x0000, 0x0000, 0x0000,
  0x0000, 0x0000, 0x0000, 0x0000, 0x0000, 0x0000, 0x0000, 0x0000,
  0x0000, 0x0000, 0x0000, 0x0000, 0x0000, 0x0000, 0x0000, 0x0000,
  0x0000, 0x0000, 0x0000, 0x0000, 0x0000, 0x0000, 0x0000, 0x0000,
  0x0000, 0x0000, 0x0000, 0x0000, 0x0000, 0x0000, 0x0000, 0x0000,
  0x0000, 0x0000, 0x0000, 0x0000, 0x0000, 0x0000, 0x0000, 0x0000,
  0x0000, 0x0000, 0x0000, 0x0000, 0x0000, 0x0000, 0x0000, 0x0000,
  0x0000, 0x0000, 0x0000, 0x0000, 0x0000, 0x0000, 0x0000, 0x0000,
  0x0000, 0x0000, 0x0000, 0x0000, 0x0000, 0x0000, 0x0000, 0x0000,
  0x0000, 0x0000, 0x0000, 0x0000, 0x0000, 0x0000, 0x0000, 0x0000,
  0x0000, 0x0000, 0x0000, 0x0000, 0x0000, 0x0000, 0x0000, 0x0000,
  0x0000, 0x0000, 0x0000, 0x0000, 0x0000, 0x0000, 0x0000, 0x0000,
  0x0000, 0x0000, 0x0000, 0x0000, 0x0000, 0x0000, 0x0000, 0x0000,
  0x0000, 0x0000, 0x0000, 0x0000, 0x0000, 0x0000, 0x0000, 0x0000,
  0x0000, 0x0000, 0x0000, 0x0000, 0x0000, 0x0000, 0x0000, 0x0000,
  0x0000, 0x0000, 0x0000, 0x0000, 0x0000, 0x0000, 0x0000, 0x0000,
  0x0000, 0x0000, 0x0000, 0x0000, 0x0000, 0x0000, 0x0000, 0x0000,
  0x0000, 0x0000, 0x0000, 0x0000, 0x0000, 0x0000, 0x0000, 0x0000,
  0x0000, 0x0000, 0x0000, 0x0000, 0x0000, 0x0000, 0x0000, 0x0000,
  0x0000, 0x0000, 0x0000, 0x0000, 0x0000, 0x0000, 0x0000, 0x0000,
  0x0000, 0x0000, 0x0000, 0x0000, 0x0000, 0x0000, 0x0000, 0x0000,
  0x0000, 0x0000, 0x0000, 0x0000, 0x0000, 0x0000, 0x0000, 0x0000,
  0x0000, 0x0000, 0x0000, 0x0000, 0x0000, 0x0000, 0x0000, 0x0000,
  0x0000, 0x0000, 0x0000, 0x0000, 0x0000, 0x0000, 0x0000, 0x0000,
  0x0000, 0x0000, 0x0000, 0x0000, 0x0000, 0x0000, 0x0000, 0x0000,
  0x0000, 0x0000, 0x0000, 0x0000, 0x0000, 0x0000, 0x0000, 0x0000,
  0x0000, 0x0000, 0x0000, 0x0000, 0x0000, 0x0000, 0x0000, 0x0000,
  0x0000, 0x0000, 0x0000, 0x0000, 0x0000, 0x0000, 0x0000, 0x0000,
  0x0000, 0x0000, 0x0000, 0x0000, 0x0000, 0x0000, 0x0000, 0x0000,
  0x0000, 0x0000, 0x0000, 0x0000, 0x0000, 0x0000, 0x0000, 0x0000,
  0x0000, 0x0000, 0x0000, 0x0000, 0x0000, 0x0000, 0x0000, 0x0000,
  0x0000, 0x0000, 0x0000, 0x0000, 0x0000, 0x0000, 0x0000, 0x0000,
  0x0000, 0x0000, 0x0000, 0x0000, 0x0000, 0x0000, 0x0000, 0x0000,
  0x0000, 0x0000, 0x0000, 0x0000, 0x0000, 0x0000, 0x0000, 0x0000,
  0x0000, 0x0000, 0x0000, 0x0000, 0x0000, 0x0000, 0x0000, 0x0000,
  0x0000, 0x0000, 0x0000, 0x0000, 0x0000, 0x0000, 0x0000, 0x0000,
  0x0000, 0x0000, 0x0000, 0x0000, 0x0000, 0x0000, 0x0000, 0x0000,
  0x0000, 0x0000, 0x0000, 0x0000, 0x0000, 0x0000, 0x0000, 0x0000,
  0x0000, 0x0000, 0x0000, 0x0000, 0x0000, 0x0000, 0x0000, 0x0000,
  0x0000, 0x0000, 0x0000, 0x0000, 0x0000, 0x0000, 0x0000, 0x0000,
  0x0000, 0x0000, 0x0000, 0x0000, 0x0000, 0x0000, 0x0000, 0x0000,
  0x0000, 0x0000, 0x0000, 0x0000, 0x0000, 0x0000, 0x0000, 0x0000,
  0x0000, 0x0000, 0x0000, 0x0000, 0x0000, 0x0000, 0x0000, 0x0000,
  0x0000, 0x0000, 0x0000, 0x0000, 0x0000, 0x0000, 0x0000, 0x0000,
  0x0000, 0x0000, 0x0000, 0x0000, 0x0000, 0x0000, 0x0000, 0x0000,
  0x0000, 0x0000, 0x0000, 0x0000, 0x0000, 0x0000, 0x0000, 0x0000,
  0x0000, 0x0000, 0x0000, 0x0000, 0x0000, 0x0000, 0x0000, 0x0000,
  0x0000, 0x0000, 0x0000, 0x0000, 0x0000, 0x0000, 0x0000, 0x0000,
  0x0000, 0x0000, 0x0000, 0x0000, 0x0000, 0x0000, 0x0000, 0x0000,
  0x0000, 0x0000, 0x0000, 0x0000, 0x0000, 0x0000, 0x0000, 0x0000,
  0x0000, 0x0000, 0x0000, 0x0000, 0x0000, 0x0000, 0x0000, 0x0000,
  0x0000, 0x0000, 0x0000, 0x0000, 0x0000, 0x0000, 0x0000, 0x0000,
  0x0000, 0x0000, 0x0000, 0x0000, 0x0000, 0x0000, 0x0000, 0x0000,
  0x0000, 0x0000, 0x0000, 0x0000, 0x0000, 0x0000, 0x0000, 0x0000,
  0x0000, 0x0000, 0x0000, 0x0000, 0x0000, 0x0000, 0x0000, 0x0000,
  0x0000, 0x0000, 0x0000, 0x0000, 0x0000, 0x0000, 0x0000, 0x0000,
  0x0000, 0x0000, 0x0000, 0x0000, 0x0000, 0x0000, 0x0000, 0x0000,
  0x0000, 0x0000, 0x0000, 0x0000, 0x0000, 0x0000, 0x0000, 0x0000,
  0x0000, 0x0000, 0x0000, 0x0000, 0x0000, 0x0000, 0x0000, 0x0000,
  0x0000, 0x0000, 0x0000, 0x0000, 0x0000, 0x0000, 0x0000, 0x0000,
  0x0000, 0x0000, 0x0000, 0x0000, 0x0000, 0x0000, 0x0000, 0x0000,
  0x0000, 0x0000, 0x0000, 0x0000, 0x0000, 0x0000, 0x0000, 0x0000,
  0x0000, 0x0000, 0x0000, 0x0000, 0x0000, 0x0000, 0x0000, 0x0000,
  0x0000, 0x0000, 0x0000, 0x0000, 0x0000, 0x0000, 0x0000, 0x0000,
  0x0000, 0x0000, 0x0000, 0x0000, 0x0000, 0x0000, 0x0000, 0x0000,
  0x0000, 0x0000, 0x0000, 0x0000, 0x0000, 0x0000, 0x0000, 0x0000,
  0x0000, 0x0000, 0x0000, 0x0000, 0x0000, 0x0000, 0x0000, 0x0000,
  0x0000, 0x0000, 0x0000, 0x0000, 0x0000, 0x0000, 0x0000, 0x0000,
  0x0000, 0x0000, 0x0000, 0x0000, 0x0000, 0x0000, 0x0000, 0x0000,
  0x0000, 0x0000, 0x0000, 0x0000, 0x0000, 0x0000, 0x0000, 0x0000,
  0x0000, 0x0000, 0x0000, 0x0000, 0x0000, 0x0000, 0x0000, 0x0000,
  0x0000, 0x0000, 0x0000, 0x0000, 0x0000, 0x0000, 0x0000, 0x0000,
  0x0000, 0x0000, 0x0000, 0x0000, 0x0000, 0x0000, 0x0000, 0x0000,
  0x0000, 0x0000, 0x0000, 0x0000, 0x0000, 0x0000, 0x0000, 0x0000,
  0x0000, 0x0000, 0x0000, 0x0000, 0x0000, 0x0000, 0x0000, 0x0000,
  0x0000, 0x0000, 0x0000, 0x0000, 0x0000, 0x0000, 0x0000, 0x0000,
  0x0000, 0x0000, 0x0000, 0x0000, 0x0000, 0x0000, 0x0000, 0x0000,
  0x0000, 0x0000, 0x0000, 0x0000, 0x0000, 0x0000, 0x0000, 0x0000,
  0x0000, 0x0000, 0x0000, 0x0000, 0x0000, 0x0000, 0x0000, 0x0000,
  0x0000, 0x0000, 0x0000, 0x0000, 0x0000, 0x0000, 0x0000, 0x0000,
  0x0000, 0x0000, 0x0000, 0x0000, 0x0000, 0x0000, 0x0000, 0x0000,
  0x0000, 0x0000, 0x0000, 0x0000, 0x0000, 0x0000, 0x0000, 0x0000,
  0x0000, 0x0000, 0x0000, 0x0000, 0x0000, 0x0000, 0x0000, 0x0000,
  0x0000, 0x0000, 0x0000, 0x0000, 0x0000, 0x0000, 0x0000, 0x0000,
  0x0000, 0x0000, 0x0000, 0x0000, 0x0000, 0x0000, 0x0000, 0x0000,
  0x0000, 0x0000, 0x0000, 0x0000, 0x0000, 0x0000, 0x0000, 0x0000,
  0x0000, 0x0000, 0x0000, 0x0000, 0x0000, 0x0000, 0x0000, 0x0000,
  0x0000, 0x0000, 0x0000, 0x0000, 0x0000, 0x0000, 0x0000, 0x0000,
  0x0000, 0x0000, 0x0000, 0x0000, 0x0000, 0x0000, 0x0000, 0x0000,
  0x0000, 0x0000, 0x0000, 0x0000, 0x0000, 0x0000, 0x0000, 0x0000,
  0x0000, 0x0000, 0x0000, 0x0000, 0x0000, 0x0000, 0x0000, 0x0000,
  0x0000, 0x0000, 0x0000, 0x0000, 0x0000, 0x0000, 0x0000, 0x0000,
  0x0000, 0x0000, 0x0000, 0x0000, 0x0000, 0x0000, 0x0000, 0x0000,
  0x0000, 0x0000, 0x0000, 0x0000, 0x0000, 0x0000, 0x0000, 0x0000,
  0x0000, 0x0000, 0x0000, 0x0000, 0x0000, 0x0000, 0x0000, 0x0000,
  0x0000, 0x0000, 0x0000, 0x0000, 0x0000, 0x0000, 0x0000, 0x0000,
  0x0000, 0x0000, 0x0000, 0x0000, 0x0000, 0x0000, 0x0000, 0x0000,
  0x0000, 0x0000, 0x0000, 0x0000, 0x0000, 0x0000, 0x0000, 0x0000,
  0x0000, 0x0000, 0x0000, 0x0000, 0x0000, 0x0000, 0x0000, 0x0000,
  0x0000, 0x0000, 0x0000, 0x0000, 0x0000, 0x0000, 0x0000, 0x0000,
  0x0000, 0x0000, 0x0000, 0x0000, 0x0000, 0x0000, 0x0000, 0x0000,
  0x0000, 0x0000, 0x0000, 0x0000, 0x0000, 0x0000, 0x0000, 0x0000,
  0x0000, 0x0000, 0x0000, 0x0000, 0x0000, 0x0000, 0x0000, 0x0000,
  0x0000, 0x0000, 0x0000, 0x0000, 0x0000, 0x0000, 0x0000, 0x0000,
  0x0000, 0x0000, 0x0000, 0x0000, 0x0000, 0x0000, 0x0000, 0x0000,
  0x0000, 0x0000, 0x0000, 0x0000, 0x0000, 0x0000, 0x0000, 0x0000,
  0x0000, 0x0000, 0x0000, 0x0000, 0x0000, 0x0000, 0x0000, 0x0000,
  0x0000, 0x0000, 0x0000, 0x0000, 0x0000, 0x0000, 0x0000, 0x0000,
  0x0000, 0x0000, 0x0000, 0x0000, 0x0000, 0x0000, 0x0000, 0x0000,
  0x0000, 0x0000, 0x0000, 0x0000, 0x0000, 0x0000, 0x0000, 0x0000,
  0x0000, 0x0000, 0x0000, 0x0000, 0x0000, 0x0000, 0x0000, 0x0000,
  0x0000, 0x0000, 0x0000, 0x0000, 0x0000, 0x0000, 0x0000, 0x0000,
  0x0000, 0x0000, 0x0000, 0x0000, 0x0000, 0x0000, 0x0000, 0x0000,
  0x0000, 0x0000, 0x0000, 0x0000, 0x0000, 0x0000, 0x0000, 0x0000,
  0x0000, 0x0000, 0x0000, 0x0000, 0x0000, 0x0000, 0x0000, 0x0000,
};

static const uint16_t icon_thunder[4096] PROGMEM = {
  0x0000, 0x0000, 0x0000, 0x0000, 0x0000, 0x0000, 0x0000, 0x0000,
  0x0000, 0x0000, 0x0000, 0x0000, 0x0000, 0x0000, 0x0000, 0x0000,
  0x0000, 0x0000, 0x0000, 0x0000, 0x0000, 0x5AED, 0x5AED, 0x5AED,
  0x5AED, 0x5AED, 0x5AED, 0x5AED, 0x5AED, 0x5AED, 0x5AED, 0x5AED,
  0x5AED, 0x5AED, 0x5AED, 0x5AED, 0x5AED, 0x5AED, 0x5AED, 0x5AED,
  0x5AED, 0x5AED, 0x5AED, 0x5AED, 0x0000, 0x0000, 0x0000, 0x0000,
  0x0000, 0x0000, 0x0000, 0x0000, 0x0000, 0x0000, 0x0000, 0x0000,
  0x0000, 0x0000, 0x0000, 0x0000, 0x0000, 0x0000, 0x0000, 0x0000,
  0x0000, 0x0000, 0x0000, 0x0000, 0x0000, 0x0000, 0x0000, 0x0000,
  0x0000, 0x0000, 0x0000, 0x0000, 0x0000, 0x0000, 0x0000, 0x0000,
  0x0000, 0x0000, 0x0000, 0x0000, 0x5AED, 0x5AED, 0x5AED, 0x5AED,
  0x5AED, 0x5AED, 0x5AED, 0x5AED, 0x5AED, 0x5AED, 0x5AED, 0x5AED,
  0x5AED, 0x5AED, 0x5AED, 0x5AED, 0x5AED, 0x5AED, 0x5AED, 0x5AED,
  0x5AED, 0x5AED, 0x5AED, 0x5AED, 0x5AED, 0x5AED, 0x5AED, 0x5AED,
  0x0000, 0x0000, 0x0000, 0x0000, 0x0000, 0x0000, 0x0000, 0x0000,
  0x0000, 0x0000, 0x0000, 0x0000, 0x0000, 0x0000, 0x0000, 0x0000,
  0x0000, 0x0000, 0x0000, 0x0000, 0x0000, 0x0000, 0x0000, 0x0000,
  0x0000, 0x0000, 0x0000, 0x0000, 0x0000, 0x0000, 0x0000, 0x0000,
  0x0000, 0x0000, 0x0000, 0x5AED, 0x5AED, 0x5AED, 0x5AED, 0x5AED,
  0x5AED, 0x5AED, 0x5AED, 0x5AED, 0x5AED, 0x5AED, 0x5AED, 0x5AED,
  0x5AED, 0x5AED, 0x5AED, 0x5AED, 0x5AED, 0x5AED, 0x5AED, 0x5AED,
  0x5AED, 0x5AED, 0x5AED, 0x5AED, 0x5AED, 0x5AED, 0x5AED, 0x5AED,
  0x5AED, 0x5AED, 0x0000, 0x0000, 0x0000, 0x0000, 0x0000, 0x0000,
  0x0000, 0x0000, 0x0000, 0x0000, 0x0000, 0x0000, 0x0000, 0x0000,
  0x0000, 0x0000, 0x0000, 0x0000, 0x0000, 0x0000, 0x0000, 0x0000,
  0x0000, 0x0000, 0x0000, 0x0000, 0x0000, 0x0000, 0x0000, 0x0000,
  0x0000, 0x0000, 0x0000, 0x5AED, 0x5AED, 0x5AED, 0x5AED, 0x5AED,
  0x5AED, 0x5AED, 0x5AED, 0x5AED, 0x5AED, 0x5AED, 0x5AED, 0x5AED,
  0x5AED, 0x5AED, 0x5AED, 0x5AED, 0x5AED, 0x5AED, 0x5AED, 0x5AED,
  0x5AED, 0x5AED, 0x5AED, 0x5AED, 0x5AED, 0x5AED, 0x5AED, 0x5AED,
  0x5AED, 0x5AED, 0x5AED, 0x0000, 0x0000, 0x0000, 0x0000, 0x0000,
  0x0000, 0x0000, 0x0000, 0x0000, 0x0000, 0x0000, 0x0000, 0x0000,
  0x0000, 0x0000, 0x0000, 0x0000, 0x0000, 0x0000, 0x0000, 0x0000,
  0x0000, 0x0000, 0x0000, 0x0000, 0x0000, 0x0000, 0x0000, 0x0000,
  0x0000, 0x0000, 0x5AED, 0x5AED, 0x5AED, 0x5AED, 0x5AED, 0x5AED,
  0x5AED, 0x5AED, 0x5AED, 0x5AED, 0x5AED, 0x5AED, 0x5AED, 0x5AED,
  0x5AED, 0x5AED, 0x5AED, 0x5AED, 0x5AED, 0x5AED, 0x5AED, 0x5AED,
  0x5AED, 0x5AED, 0x5AED, 0x5AED, 0x5AED, 0x5AED, 0x5AED, 0x5AED,
  0x5AED, 0x5AED, 0x5AED, 0x5AED, 0x5AED, 0x0000, 0x0000, 0x0000,
  0x0000, 0x0000, 0x0000, 0x0000, 0x0000, 0x0000, 0x0000, 0x0000,
  0x0000, 0x0000, 0x0000, 0x0000, 0x0000, 0x0000, 0x0000, 0x0000,
  0x0000, 0x0000, 0x0000, 0x0000, 0x0000, 0x0000, 0x0000, 0x0000,
  0x5AED, 0x5AED, 0x5AED, 0x5AED, 0x5AED, 0x5AED, 0x5AED, 0x5AED,
  0x5AED, 0x5AED, 0x5AED, 0x5AED, 0x5AED, 0x5AED, 0x5AED, 0x5AED,
  0x5AED, 0x5AED, 0x5AED, 0x5AED, 0x5AED, 0x5AED, 0x5AED, 0x5AED,
  0x5AED, 0x5AED, 0x5AED, 0x5AED, 0x5AED, 0x5AED, 0x5AED, 0x5AED,
  0x5AED, 0x5AED, 0x5AED, 0x5AED, 0x5AED, 0x0000, 0x0000, 0x0000,
  0x0000, 0x0000, 0x0000, 0x0000, 0x0000, 0x0000, 0x0000, 0x0000,
  0x0000, 0x0000, 0x0000, 0x0000, 0x0000, 0x0000, 0x0000, 0x0000,
  0x0000, 0x0000, 0x0000, 0x0000, 0x0000, 0x0000, 0x0000, 0x5AED,
  0x5AED, 0x5AED, 0x5AED, 0x5AED, 0x5AED, 0x5AED, 0x5AED, 0x5AED,
  0x5AED, 0x5AED, 0x5AED, 0x5AED, 0x5AED, 0x5AED, 0x5AED, 0x5AED,
  0x5AED, 0x5AED, 0x5AED, 0x5AED, 0x5AED, 0x5AED, 0x5AED, 0x5AED,
  0x5AED, 0x5AED, 0x5AED, 0x5AED, 0x5AED, 0x5AED, 0x5AED, 0x5AED,
  0x5AED, 0x5AED, 0x5AED, 0x5AED, 0x5AED, 0x5AED, 0x0000, 0x0000,
  0x0000, 0x0000, 0x0000, 0x0000, 0x0000, 0x0000, 0x0000, 0x0000,
  0x0000, 0x0000, 0x0000, 0x0000, 0x0000, 0x0000, 0x0000, 0x0000,
  0x0000, 0x0000, 0x0000, 0x0000, 0x0000, 0x0000, 0x5AED, 0x5AED,
  0x5AED, 0x5AED, 0x5AED, 0x5AED, 0x5AED, 0x5AED, 0x5AED, 0x5AED,
  0x5AED, 0x5AED, 0x5AED, 0x5AED, 0x5AED, 0x5AED, 0x5AED, 0x5AED,
  0x5AED, 0x5AED, 0x5AED, 0x5AED, 0x5AED, 0x5AED, 0x5AED, 0x5AED,
  0x5AED, 0x5AED, 0x5AED, 0x5AED, 0x5AED, 0x5AED, 0x5AED, 0x5AED,
  0x5AED, 0x5AED, 0x5AED, 0x5AED, 0x5AED, 0x5AED, 0x5AED, 0x0000,
  0x0000, 0x0000, 0x0000, 0x0000, 0x0000, 0x0000, 0x0000, 0x0000,
  0x0000, 0x0000, 0x0000, 0x0000, 0x0000, 0x0000, 0x0000, 0x0000,
  0x0000, 0x0000, 0x0000, 0x0000, 0x0000, 0x5AED, 0x5AED, 0x5AED,
  0x5AED, 0x5AED, 0x5AED, 0x5AED, 0x5AED, 0x5AED, 0x5AED, 0x5AED,
  0x5AED, 0x5AED, 0x5AED, 0x5AED, 0x5AED, 0x5AED, 0x5AED, 0x5AED,
  0x5AED, 0x5AED, 0x5AED, 0x5AED, 0x5AED, 0x5AED, 0x5AED, 0x5AED,
  0x5AED, 0x5AED, 0x5AED, 0x5AED, 0x5AED, 0x5AED, 0x5AED, 0x5AED,
  0x5AED, 0x5AED, 0x5AED, 0x5AED, 0x5AED, 0x5AED, 0x5AED, 0x0000,
  0x0000, 0x0000, 0x0000, 0x0000, 0x0000, 0x0000, 0x0000, 0x0000,
  0x0000, 0x0000, 0x0000, 0x0000, 0x0000, 0x0000, 0x0000, 0x0000,
  0x0000, 0x0000, 0x0000, 0x0000, 0x5AED, 0x5AED, 0x5AED, 0x5AED,
  0x5AED, 0x5AED, 0x5AED, 0x5AED, 0x5AED, 0x5AED, 0x5AED, 0x5AED,
  0x5AED, 0x5AED, 0x5AED, 0x5AED, 0x5AED, 0x5AED, 0x5AED, 0x5AED,
  0x5AED, 0x5AED, 0x5AED, 0x5AED, 0x5AED, 0x5AED, 0x5AED, 0x5AED,
  0x5AED, 0x5AED, 0x5AED, 0x5AED, 0x5AED, 0x5AED, 0x5AED, 0x5AED,
  0x5AED, 0x5AED, 0x5AED, 0x5AED, 0x5AED, 0x5AED, 0x5AED, 0x5AED,
  0x0000, 0x0000, 0x0000, 0x0000, 0x0000, 0x0000, 0x0000, 0x0000,
  0x0000, 0x0000, 0x0000, 0x0000, 0x0000, 0x0000, 0x0000, 0x0000,
  0x0000, 0x0000, 0x0000, 0x0000, 0x5AED, 0x5AED, 0x5AED, 0x5AED,
  0x5AED, 0x5AED, 0x5AED, 0x5AED, 0x5AED, 0x5AED, 0x5AED, 0x5AED,
  0x5AED, 0x5AED, 0x5AED, 0x5AED, 0x5AED, 0x5AED, 0x5AED, 0x5AED,
  0x5AED, 0x5AED, 0x5AED, 0x5AED, 0x5AED, 0x5AED, 0x5AED, 0x5AED,
  0x5AED, 0x5AED, 0x5AED, 0x5AED, 0x5AED, 0x5AED, 0x5AED, 0x5AED,
  0x5AED, 0x5AED, 0x5AED, 0x5AED, 0x5AED, 0x5AED, 0x5AED, 0x5AED,
  0x0000, 0x0000, 0x0000, 0x0000, 0x0000, 0x0000, 0x0000, 0x0000,
  0x0000, 0x0000, 0x0000, 0x0000, 0x0000, 0x0000, 0x0000, 0x0000,
  0x0000, 0x0000, 0x0000, 0x5AED, 0x5AED, 0x5AED, 0x5AED, 0x5AED,
  0x5AED, 0x5AED, 0x5AED, 0x5AED, 0x5AED, 0x5AED, 0x5AED, 0x5AED,
  0x5AED, 0x5AED, 0x5AED, 0x5AED, 0x5AED, 0x5AED, 0x5AED, 0x5AED,
  0x5AED, 0x5AED, 0x5AED, 0x5AED, 0x5AED, 0x5AED, 0x5AED, 0x5AED,
  0x5AED, 0x5AED, 0x5AED, 0x5AED, 0x5AED, 0x5AED, 0x5AED, 0x5AED,
  0x5AED, 0x5AED, 0x5AED, 0x5AED, 0x5AED, 0x5AED, 0x5AED, 0x5AED,
  0x0000, 0x0000, 0x0000, 0x0000, 0x0000, 0x0000, 0x0000, 0x0000,
  0x0000, 0x0000, 0x0000, 0x0000, 0x0000, 0x0000, 0x0000, 0x0000,
  0x0000, 0x0000, 0x0000, 0x5AED, 0x5AED, 0x5AED, 0x5AED, 0x5AED,
  0x5AED, 0x5AED, 0x5AED, 0x5AED, 0x5AED, 0x5AED, 0x5AED, 0x5AED,
  0x5AED, 0x5AED, 0x5AED, 0x5AED, 0x5AED, 0x5AED, 0x5AED, 0x5AED,
  0x5AED, 0x5AED, 0x5AED, 0x5AED, 0x5AED, 0x5AED, 0x5AED, 0x5AED,
  0x5AED, 0x5AED, 0x5AED, 0x5AED, 0x5AED, 0x5AED, 0x5AED, 0x5AED,
  0x5AED, 0x5AED, 0x5AED, 0x5AED, 0x5AED, 0x5AED, 0x5AED, 0x5AED,
  0x0000, 0x0000, 0x0000, 0x0000, 0x0000, 0x0000, 0x0000, 0x0000,
  0x0000, 0x0000, 0x0000, 0x0000, 0x0000, 0x0000, 0x0000, 0x0000,
  0x0000, 0x0000, 0x0000, 0x5AED, 0x5AED, 0x5AED, 0x5AED, 0x5AED,
  0x5AED, 0x5AED, 0x5AED, 0x5AED, 0x5AED, 0x5AED, 0x5AED, 0x5AED,
  0x5AED, 0x5AED, 0x5AED, 0x5AED, 0x5AED, 0x5AED, 0x5AED, 0x5AED,
  0x5AED, 0x5AED, 0x5AED, 0x5AED, 0x5AED, 0x5AED, 0x5AED, 0x5AED,
  0x5AED, 0x5AED, 0x5AED, 0x5AED, 0x5AED, 0x5AED, 0x5AED, 0x5AED,
  0x5AED, 0x5AED, 0x5AED, 0x5AED, 0x5AED, 0x5AED, 0x5AED, 0x5AED,
  0x0000, 0x0000, 0x0000, 0x0000, 0x0000, 0x0000, 0x0000, 0x0000,
  0x0000, 0x0000, 0x0000, 0x0000, 0x0000, 0x0000, 0x0000, 0x0000,
  0x5AED, 0x5AED, 0x5AED, 0x5AED, 0x5AED, 0x5AED, 0x5AED, 0x5AED,
  0x5AED, 0x5AED, 0x5AED, 0x5AED, 0x5AED, 0x5AED, 0x5AED, 0x5AED,
  0x5AED, 0x5AED, 0x5AED, 0x5AED, 0x5AED, 0x5AED, 0x5AED, 0x5AED,
  0x5AED, 0x5AED, 0x5AED, 0x5AED, 0x5AED, 0x5AED, 0x5AED, 0x5AED,
  0x5AED, 0x5AED, 0x5AED, 0x5AED, 0x5AED, 0x5AED, 0x5AED, 0x5AED,
  0x5AED, 0x5AED, 0x5AED, 0x5AED, 0x5AED, 0x5AED, 0x5AED, 0x5AED,
  0x0000, 0x0000, 0x0000, 0x0000, 0x0000, 0x0000, 0x0000, 0x0000,
  0x0000, 0x0000, 0x0000, 0x0000, 0x0000, 0x0000, 0x0000, 0x0000,
  0x5AED, 0x5AED, 0x5AED, 0x5AED, 0x5AED, 0x5AED, 0x5AED, 0x5AED,
  0x5AED, 0x5AED, 0x5AED, 0x5AED, 0x5AED, 0x5AED, 0x5AED, 0x5AED,
  0x5AED, 0x5AED, 0x5AED, 0x5AED, 0x5AED, 0x5AED, 0x5AED, 0x5AED,
  0x5AED, 0x5AED, 0x5AED, 0x5AED, 0x5AED, 0x5AED, 0x5AED, 0x5AED,
  0x5AED, 0x5AED, 0x5AED, 0x5AED, 0x5AED, 0x5AED, 0x5AED, 0x5AED,
  0x5AED, 0x5AED, 0x5AED, 0x5AED, 0x5AED, 0x5AED, 0x5AED, 0x5AED,
  0x0000, 0x0000, 0x0000, 0x0000, 0x0000, 0x0000, 0x0000, 0x0000,
  0x0000, 0x0000, 0x0000, 0x0000, 0x0000, 0x0000, 0x0000, 0x0000,
  0x5AED, 0x5AED, 0x5AED, 0x5AED, 0x5AED, 0x5AED, 0x5AED, 0x5AED,
  0x5AED, 0x5AED, 0x5AED, 0x5AED, 0x5AED, 0x5AED, 0x5AED, 0x5AED,
  0x5AED, 0x5AED, 0x5AED, 0x5AED, 0x5AED, 0x5AED, 0x5AED, 0x5AED,
  0x5AED, 0x5AED, 0x5AED, 0x5AED, 0x5AED, 0x5AED, 0x5AED, 0x5AED,
  0x5AED, 0x5AED, 0x5AED, 0x5AED, 0x5AED, 0x5AED, 0x5AED, 0x5AED,
  0x5AED, 0x5AED, 0x5AED, 0x5AED, 0x5AED, 0x5AED, 0x5AED, 0x0000,
  0x0000, 0x0000, 0x0000, 0x0000, 0x0000, 0x0000, 0x0000, 0x0000,
  0x0000, 0x0000, 0x0000, 0x0000, 0x0000, 0x0000, 0x0000, 0x0000,
  0x5AED, 0x5AED, 0x5AED, 0x5AED, 0x5AED, 0x5AED, 0x5AED, 0x5AED,
  0x5AED, 0x5AED, 0x5AED, 0x5AED, 0x5AED, 0x5AED, 0x5AED, 0x5AED,
  0x5AED, 0x5AED, 0x5AED, 0x5AED, 0x5AED, 0x5AED, 0x5AED, 0x5AED,
  0x5AED, 0x5AED, 0x5AED, 0x5AED, 0x5AED, 0x5AED, 0x5AED, 0x5AED,
  0x5AED, 0x5AED, 0x5AED, 0x5AED, 0x5AED, 0x5AED, 0x5AED, 0x5AED,
  0x5AED, 0x5AED, 0x5AED, 0x5AED, 0x5AED, 0x5AED, 0x5AED, 0x0000,
  0x0000, 0x0000, 0x0000, 0x0000, 0x0000, 0x0000, 0x0000, 0x0000,
  0x0000, 0x0000, 0x0000, 0x0000, 0x0000, 0x0000, 0x0000, 0x0000,
  0x5AED, 0x5AED, 0x5AED, 0x5AED, 0x5AED, 0x5AED, 0x5AED, 0x5AED,
  0x5AED, 0x5AED, 0x5AED, 0x5AED, 0x5AED, 0x5AED, 0x5AED, 0x5AED,
  0x5AED, 0x5AED, 0x5AED, 0x5AED, 0x5AED, 0x5AED, 0x5AED, 0x5AED,
  0x5AED, 0x5AED, 0x5AED, 0x5AED, 0x5AED, 0x5AED, 0x5AED, 0x5AED,
  0x5AED, 0x5AED, 0x5AED, 0x5AED, 0x5AED, 0x5AED, 0x5AED, 0x5AED,
  0x5AED, 0x5AED, 0x5AED, 0x5AED, 0x5AED, 0x5AED, 0x5AED, 0x0000,
  0x0000, 0x0000, 0x0000, 0x0000, 0x0000, 0x0000, 0x0000, 0x0000,
  0x0000, 0x0000, 0x0000, 0x0000, 0x0000, 0x0000, 0x0000, 0x0000,
  0x5AED, 0x5AED, 0x5AED, 0x5AED, 0x5AED, 0x5AED, 0x5AED, 0x5AED,
  0x5AED, 0x5AED, 0x5AED, 0x5AED, 0x5AED, 0x5AED, 0x5AED, 0x5AED,
  0x5AED, 0x5AED, 0x5AED, 0x5AED, 0x5AED, 0x5AED, 0x5AED, 0x5AED,
  0x5AED, 0x5AED, 0x5AED, 0x5AED, 0x5AED, 0x5AED, 0x5AED, 0x5AED,
  0x5AED, 0x5AED, 0x5AED, 0x5AED, 0x5AED, 0x5AED, 0x5AED, 0x5AED,
  0x5AED, 0x5AED, 0x5AED, 0x5AED, 0x5AED, 0x5AED, 0x5AED, 0x0000,
  0x0000, 0x0000, 0x0000, 0x0000, 0x0000, 0x0000, 0x0000, 0x0000,
  0x0000, 0x0000, 0x0000, 0x0000, 0x0000, 0x0000, 0x0000, 0x0000,
  0x5AED, 0x5AED, 0x5AED, 0x5AED, 0x5AED, 0x5AED, 0x5AED, 0x5AED,
  0x5AED, 0x5AED, 0x5AED, 0x5AED, 0x5AED, 0x5AED, 0x5AED, 0x5AED,
  0x5AED, 0x5AED, 0x5AED, 0x5AED, 0x5AED, 0x5AED, 0x5AED, 0x5AED,
  0x5AED, 0x5AED, 0x5AED, 0x5AED, 0x5AED, 0x5AED, 0x5AED, 0x5AED,
  0x5AED, 0x5AED, 0x5AED, 0x5AED, 0x5AED, 0x5AED, 0x5AED, 0x5AED,
  0x5AED, 0x5AED, 0x5AED, 0x5AED, 0x5AED, 0x5AED, 0x5AED, 0x0000,
  0x0000, 0x0000, 0x0000, 0x0000, 0x0000, 0x0000, 0x0000, 0x0000,
  0x0000, 0x0000, 0x0000, 0x0000, 0x0000, 0x0000, 0x0000, 0x0000,
  0x5AED, 0x5AED, 0x5AED, 0x5AED, 0x5AED, 0x5AED, 0x5AED, 0x5AED,
  0x5AED, 0x5AED, 0x5AED, 0x5AED, 0x5AED, 0x5AED, 0x5AED, 0x5AED,
  0x5AED, 0x5AED, 0x5AED, 0x5AED, 0x5AED, 0x5AED, 0x5AED, 0x5AED,
  0x5AED, 0x5AED, 0x5AED, 0x5AED, 0x5AED, 0x5AED, 0x5AED, 0x5AED,
  0x5AED, 0x5AED, 0x5AED, 0x5AED, 0x5AED, 0x5AED, 0x5AED, 0x5AED,
  0x5AED, 0x5AED, 0x5AED, 0x5AED, 0x5AED, 0x5AED, 0x5AED, 0x0000,
  0x0000, 0x0000, 0x0000, 0x0000, 0x0000, 0x0000, 0x0000, 0x0000,
  0x0000, 0x0000, 0x0000, 0x0000, 0x0000, 0x0000, 0x0000, 0x0000,
  0x5AED, 0x5AED, 0x5AED, 0x5AED, 0x5AED, 0x5AED, 0x5AED, 0x5AED,
  0x5AED, 0x5AED, 0x5AED, 0x5AED, 0x5AED, 0x5AED, 0x5AED, 0x5AED,
  0x5AED, 0x5AED, 0x5AED, 0x5AED, 0x5AED, 0x5AED, 0x5AED, 0x5AED,
  0x5AED, 0x5AED, 0x5AED, 0x5AED, 0x5AED, 0x5AED, 0x5AED, 0x5AED,
  0x5AED, 0x5AED, 0x5AED, 0x5AED, 0x5AED, 0x5AED, 0x5AED, 0x5AED,
  0x5AED, 0x5AED, 0x5AED, 0x5AED, 0x5AED, 0x5AED, 0x5AED, 0x0000,
  0x0000, 0x0000, 0x0000, 0x0000, 0x0000, 0x0000, 0x0000, 0x0000,
  0x0000, 0x0000, 0x0000, 0x0000, 0x0000, 0x0000, 0x0000, 0x0000,
  0x5AED, 0x5AED, 0x5AED, 0x5AED, 0x5AED, 0x5AED, 0x5AED, 0x5AED,
  0x5AED, 0x5AED, 0x5AED, 0x5AED, 0x5AED, 0x5AED, 0x5AED, 0x5AED,
  0x5AED, 0x5AED, 0x5AED, 0x5AED, 0x5AED, 0x5AED, 0x5AED, 0x5AED,
  0x5AED, 0x5AED, 0x5AED, 0x5AED, 0x5AED, 0x5AED, 0x5AED, 0x5AED,
  0x5AED, 0x5AED, 0x5AED, 0x5AED, 0x5AED, 0x5AED, 0x5AED, 0x5AED,
  0x5AED, 0x5AED, 0x5AED, 0x5AED, 0x5AED, 0x5AED, 0x5AED, 0x0000,
  0x0000, 0x0000, 0x0000, 0x0000, 0x0000, 0x0000, 0x0000, 0x0000,
  0x0000, 0x0000, 0x0000, 0x0000, 0x0000, 0x0000, 0x0000, 0x0000,
  0x5AED, 0x5AED, 0x5AED, 0x5AED, 0x5AED, 0x5AED, 0x5AED, 0x5AED,
  0x5AED, 0x5AED, 0x5AED, 0x5AED, 0x5AED, 0x5AED, 0x5AED, 0x5AED,
  0x5AED, 0x5AED, 0x5AED, 0x5AED, 0x5AED, 0x5AED, 0x5AED, 0x5AED,
  0x5AED, 0x5AED, 0x5AED, 0x5AED, 0x5AED, 0x5AED, 0x5AED, 0x5AED,
  0x5AED, 0x5AED, 0x5AED, 0x5AED, 0x5AED, 0x5AED, 0x5AED, 0x5AED,
  0x5AED, 0x5AED, 0x5AED, 0x5AED, 0x5AED, 0x5AED, 0x5AED, 0x0000,
  0x0000, 0x0000, 0x0000, 0x0000, 0x0000, 0x0000, 0x0000, 0x0000,
  0x0000, 0x0000, 0x0000, 0x0000, 0x0000, 0x0000, 0x0000, 0x0000,
  0x5AED, 0x5AED, 0x5AED, 0x5AED, 0x5AED, 0x5AED, 0x5AED, 0x5AED,
  0x5AED, 0x5AED, 0x5AED, 0x5AED, 0x5AED, 0x5AED, 0x5AED, 0x5AED,
  0x5AED, 0x5AED, 0x5AED, 0x5AED, 0x5AED, 0x5AED, 0x5AED, 0x5AED,
  0x5AED, 0x5AED, 0x5AED, 0x5AED, 0x5AED, 0x5AED, 0x5AED, 0x5AED,
  0x5AED, 0x5AED, 0x5AED, 0x5AED, 0x5AED, 0x5AED, 0x5AED, 0x5AED,
  0x5AED, 0x5AED, 0x5AED, 0x5AED, 0x5AED, 0x5AED, 0x5AED, 0x0000,
  0x0000, 0x0000, 0x0000, 0x0000, 0x0000, 0x0000, 0x0000, 0x0000,
  0x0000, 0x0000, 0x0000, 0x0000, 0x0000, 0x0000, 0x0000, 0x0000,
  0x5AED, 0x5AED, 0x5AED, 0x5AED, 0x5AED, 0x5AED, 0x5AED, 0x5AED,
  0x5AED, 0x5AED, 0x5AED, 0x5AED, 0x5AED, 0x5AED, 0x5AED, 0x5AED,
  0x5AED, 0x5AED, 0x5AED, 0x5AED, 0x5AED, 0x5AED, 0x5AED, 0x5AED,
  0x5AED, 0x5AED, 0x5AED, 0x5AED, 0x5AED, 0x5AED, 0x5AED, 0x5AED,
  0x5AED, 0x5AED, 0x5AED, 0x5AED, 0x5AED, 0x5AED, 0x5AED, 0x5AED,
  0x5AED, 0x5AED, 0x5AED, 0x5AED, 0x5AED, 0x5AED, 0x5AED, 0x0000,
  0x0000, 0x0000, 0x0000, 0x0000, 0x0000, 0x0000, 0x0000, 0x0000,
  0x0000, 0x0000, 0x0000, 0x0000, 0x0000, 0x0000, 0x0000, 0x0000,
  0x5AED, 0x5AED, 0x5AED, 0x5AED, 0x5AED, 0x5AED, 0x5AED, 0x5AED,
  0x5AED, 0x5AED, 0x5AED, 0x5AED, 0x5AED, 0x5AED, 0x5AED, 0x5AED,
  0x5AED, 0x5AED, 0x5AED, 0x5AED, 0x5AED, 0x5AED, 0x5AED, 0x5AED,
  0x5AED, 0x5AED, 0x5AED, 0x5AED, 0x5AED, 0x5AED, 0x5AED, 0x5AED,
  0x5AED, 0x5AED, 0x5AED, 0x5AED, 0x5AED, 0x5AED, 0x5AED, 0x5AED,
  0x5AED, 0x5AED, 0x5AED, 0x5AED, 0x5AED, 0x5AED, 0x5AED, 0x0000,
  0x0000, 0x0000, 0x0000, 0x0000, 0x0000, 0x0000, 0x0000, 0x0000,
  0x0000, 0x0000, 0x0000, 0x0000, 0x0000, 0x0000, 0x0000, 0x0000,
  0x5AED, 0x5AED, 0x5AED, 0x5AED, 0x5AED, 0x5AED, 0x5AED, 0x5AED,
  0x5AED, 0x5AED, 0x5AED, 0x5AED, 0x5AED, 0x5AED, 0x5AED, 0x5AED,
  0x5AED, 0x5AED, 0x5AED, 0x5AED, 0x5AED, 0x5AED, 0x5AED, 0x5AED,
  0x5AED, 0x5AED, 0x5AED, 0x5AED, 0x5AED, 0x5AED, 0x5AED, 0x5AED,
  0x5AED, 0x5AED, 0x5AED, 0x5AED, 0x5AED, 0x5AED, 0x5AED, 0x5AED,
  0x5AED, 0x5AED, 0x5AED, 0x5AED, 0x5AED, 0x5AED, 0x5AED, 0x0000,
  0x0000, 0x0000, 0x0000, 0x0000, 0x0000, 0x0000, 0x0000, 0x0000,
  0x0000, 0x0000, 0x0000, 0x0000, 0x0000, 0x0000, 0x0000, 0x0000,
  0x5AED, 0x5AED, 0x5AED, 0x5AED, 0x5AED, 0x5AED, 0x5AED, 0x5AED,
  0x5AED, 0x5AED, 0x5AED, 0x5AED, 0x5AED, 0x5AED, 0x5AED, 0x5AED,
  0x5AED, 0x5AED, 0x5AED, 0x5AED, 0x5AED, 0x5AED, 0x5AED, 0x5AED,
  0x5AED, 0x5AED, 0x5AED, 0x5AED, 0x5AED, 0x5AED, 0x5AED, 0x5AED,
  0x5AED, 0x5AED, 0x5AED, 0x5AED, 0x5AED, 0x5AED, 0x5AED, 0x5AED,
  0x5AED, 0x5AED, 0x5AED, 0x5AED, 0x5AED, 0x5AED, 0x5AED, 0x0000,
  0x0000, 0x0000, 0x0000, 0x0000, 0x0000, 0x0000, 0x0000, 0x0000,
  0x0000, 0x0000, 0x0000, 0x0000, 0x0000, 0x0000, 0x0000, 0x0000,
  0x5AED, 0x5AED, 0x5AED, 0x5AED, 0x5AED, 0x5AED, 0x5AED, 0x5AED,
  0x5AED, 0x5AED, 0x5AED, 0x5AED, 0x5AED, 0x5AED, 0x5AED, 0x5AED,
  0x5AED, 0x5AED, 0x5AED, 0x5AED, 0x5AED, 0x5AED, 0x5AED, 0x5AED,
  0x5AED, 0x5AED, 0x5AED, 0xB460, 0xB460, 0xB460, 0xB460, 0xB460,
  0xB460, 0xB460, 0xB460, 0xB460, 0xB460, 0x5AED, 0x5AED, 0x5AED,
  0x5AED, 0x5AED, 0x5AED, 0x5AED, 0x5AED, 0x5AED, 0x5AED, 0x0000,
  0x0000, 0x0000, 0x0000, 0x0000, 0x0000, 0x0000, 0x0000, 0x0000,
  0x0000, 0x0000, 0x0000, 0x0000, 0x0000, 0x0000, 0x0000, 0x0000,
  0x0000, 0x0000, 0x0000, 0x0000, 0x0000, 0x0000, 0x0000, 0x0000,
  0x0000, 0x0000, 0x0000, 0x0000, 0x0000, 0x0000, 0x0000, 0x0000,
  0x0000, 0x0000, 0x0000, 0x0000, 0x0000, 0x0000, 0x0000, 0x0000,
  0x0000, 0x0000, 0xB460, 0xFEE0, 0xFEE0, 0xFEE0, 0xFEE0, 0xFEE0,
  0xFEE0, 0xFEE0, 0xFEE0, 0xB460, 0x0000, 0x0000, 0x0000, 0x0000,
  0x0000, 0x0000, 0x0000, 0x0000, 0x0000, 0x0000, 0x0000, 0x0000,
  0x0000, 0x0000, 0x0000, 0x0000, 0x0000, 0x0000, 0x0000, 0x0000,
  0x0000, 0x0000, 0x0000, 0x0000, 0x0000, 0x0000, 0x0000, 0x0000,
  0x0000, 0x0000, 0x0000, 0x0000, 0x0000, 0x0000, 0x0000, 0x0000,
  0x0000, 0x0000, 0x0000, 0x0000, 0x0000, 0x0000, 0x0000, 0x0000,
  0x0000, 0x0000, 0x0000, 0x0000, 0x0000, 0x0000, 0x0000, 0x0000,
  0x0000, 0x0000, 0xB460, 0xFEE0, 0xFEE0, 0xFEE0, 0xFEE0, 0xFEE0,
  0xFEE0, 0xFEE0, 0xB460, 0x0000, 0x0000, 0x0000, 0x0000, 0x0000,
  0x0000, 0x0000, 0x0000, 0x0000, 0x0000, 0x0000, 0x0000, 0x0000,
  0x0000, 0x0000, 0x0000, 0x0000, 0x0000, 0x0000, 0x0000, 0x0000,
  0x0000, 0x0000, 0x0000, 0x0000, 0x0000, 0x0000, 0x0000, 0x0000,
  0x0000, 0x0000, 0x0000, 0x0000, 0x0000, 0x0000, 0x0000, 0x0000,
  0x0000, 0x0000, 0x0000, 0x0000, 0x0000, 0x0000, 0x0000, 0x0000,
  0x0000, 0x0000, 0x0000, 0x0000, 0x0000, 0x0000, 0x0000, 0x0000,
  0x0000, 0xB460, 0xFEE0, 0xFEE0, 0xFEE0, 0xFEE0, 0xFEE0, 0xFEE0,
  0xFEE0, 0xFEE0, 0xB460, 0x0000, 0x0000, 0x0000, 0x0000, 0x0000,
  0x0000, 0x0000, 0x0000, 0x0000, 0x0000, 0x0000, 0x0000, 0x0000,
  0x0000, 0x0000, 0x0000, 0x0000, 0x0000, 0x0000, 0x0000, 0x0000,
  0x0000, 0x0000, 0x0000, 0x0000, 0x0000, 0x0000, 0x0000, 0x0000,
  0x0000, 0x0000, 0x0000, 0x0000, 0x0000, 0x0000, 0x0000, 0x0000,
  0x0000, 0x0000, 0x0000, 0x0000, 0x0000, 0x0000, 0x0000, 0x0000,
  0x0000, 0x0000, 0x0000, 0x0000, 0x0000, 0x0000, 0x0000, 0x0000,
  0x0000, 0xB460, 0xFEE0, 0xFEE0, 0xFEE0, 0xFEE0, 0xFEE0, 0xFEE0,
  0xFEE0, 0xB460, 0x0000, 0x0000, 0x0000, 0x0000, 0x0000, 0x0000,
  0x0000, 0x0000, 0x0000, 0x0000, 0x0000, 0x0000, 0x0000, 0x0000,
  0x0000, 0x0000, 0x0000, 0x0000, 0x0000, 0x0000, 0x0000, 0x0000,
  0x0000, 0x0000, 0x0000, 0x0000, 0x0000, 0x0000, 0x0000, 0x0000,
  0x0000, 0x0000, 0x0000, 0x0000, 0x0000, 0x0000, 0x0000, 0x0000,
  0x0000, 0x0000, 0x0000, 0x0000, 0x0000, 0x0000, 0x0000, 0x0000,
  0x0000, 0x0000, 0x0000, 0x0000, 0x0000, 0x0000, 0x0000, 0x0000,
  0xB460, 0xFEE0, 0xFEE0, 0xFEE0, 0xFEE0, 0xFEE0, 0xFEE0, 0xFEE0,
  0xB460, 0x0000, 0x0000, 0x0000, 0x0000, 0x0000, 0x0000, 0x0000,
  0x0000, 0x0000, 0x0000, 0x0000, 0x0000, 0x0000, 0x0000, 0x0000,
  0x0000, 0x0000, 0x0000, 0x0000, 0x0000, 0x0000, 0x0000, 0x0000,
  0x0000, 0x0000, 0x0000, 0x0000, 0x0000, 0x0000, 0x0000, 0x0000,
  0x0000, 0x0000, 0x0000, 0x0000, 0x0000, 0x0000, 0x0000, 0x0000,
  0x0000, 0x0000, 0x0000, 0x0000, 0x0000, 0x0000, 0x0000, 0x0000,
  0x0000, 0x0000, 0x0000, 0x0000, 0x0000, 0x0000, 0x0000, 0x0000,
  0xB460, 0xFEE0, 0xFEE0, 0xFEE0, 0xFEE0, 0xFEE0, 0xFEE0, 0xB460,
  0x0000, 0x0000, 0x0000, 0x0000, 0x0000, 0x0000, 0x0000, 0x0000,
  0x0000, 0x0000, 0x0000, 0x0000, 0x0000, 0x0000, 0x0000, 0x0000,
  0x0000, 0x0000, 0x0000, 0x0000, 0x0000, 0x0000, 0x0000, 0x0000,
  0x0000, 0x0000, 0x0000, 0x0000, 0x0000, 0x0000, 0x0000, 0x0000,
  0x0000, 0x0000, 0x0000, 0x0000, 0x0000, 0x0000, 0x0000, 0x0000,
  0x0000, 0x0000, 0x0000, 0x0000, 0x0000, 0x0000, 0x0000, 0x0000,
  0x0000, 0x0000, 0x0000, 0x0000, 0x0000, 0x0000, 0x0000, 0xB460,
  0xFEE0, 0xFEE0, 0xFEE0, 0xFEE0, 0xFEE0, 0xFEE0, 0xB460, 0x0000,
  0x0000, 0x0000, 0x0000, 0x0000, 0x0000, 0x0000, 0x0000, 0x0000,
  0x0000, 0x0000, 0x0000, 0x0000, 0x0000, 0x0000, 0x0000, 0x0000,
  0x0000, 0x0000, 0x0000, 0x0000, 0x0000, 0x0000, 0x0000, 0x0000,
  0x0000, 0x0000, 0x0000, 0x0000, 0x0000, 0x0000, 0x0000, 0x0000,
  0x0000, 0x0000, 0x0000, 0x0000, 0x0000, 0x0000, 0x0000, 0x0000,
  0x0000, 0x0000, 0x0000, 0x0000, 0x0000, 0x0000, 0x0000, 0x0000,
  0x0000, 0x0000, 0x0000, 0x0000, 0x0000, 0x0000, 0xB460, 0xFEE0,
  0xFEE0, 0xFEE0, 0xFEE0, 0xFEE0, 0xFEE0, 0xFEE0, 0xB460, 0x0000,
  0x0000, 0x0000, 0x0000, 0x0000, 0x0000, 0x0000, 0x0000, 0x0000,
  0x0000, 0x0000, 0x0000, 0x0000, 0x0000, 0x0000, 0x0000, 0x0000,
  0x0000, 0x0000, 0x0000, 0x0000, 0x0000, 0x0000, 0x0000, 0x0000,
  0x0000, 0x0000, 0x0000, 0x0000, 0x0000, 0x0000, 0x0000, 0x0000,
  0x0000, 0x0000, 0x0000, 0x0000, 0x0000, 0x0000, 0x0000, 0x0000,
  0x0000, 0x0000, 0x0000, 0x0000, 0x0000, 0x0000, 0x0000, 0x0000,
  0x0000, 0x0000, 0x0000, 0x0000, 0x0000, 0x0000, 0xB460, 0xFEE0,
  0xFEE0, 0xFEE0, 0xFEE0, 0xFEE0, 0xFEE0, 0xB460, 0x0000, 0x0000,
  0x0000, 0x0000, 0x0000, 0x0000, 0x0000, 0x0000, 0x0000, 0x0000,
  0x0000, 0x0000, 0x0000, 0x0000, 0x0000, 0x0000, 0x0000, 0x0000,
  0x0000, 0x0000, 0x0000, 0x0000, 0x0000, 0x0000, 0x0000, 0x0000,
  0x0000, 0x0000, 0x0000, 0x0000, 0x0000, 0x0000, 0x0000, 0x0000,
  0x0000, 0x0000, 0x0000, 0x0000, 0x0000, 0x0000, 0x0000, 0x0000,
  0x0000, 0x0000, 0x0000, 0x0000, 0x0000, 0x0000, 0x0000, 0x0000,
  0x0000, 0x0000, 0x0000, 0x0000, 0x0000, 0xB460, 0xFEE0, 0xFEE0,
  0xFEE0, 0xFEE0, 0xFEE0, 0xFEE0, 0xB460, 0xB460, 0xB460, 0xB460,
  0xB460, 0xB460, 0xB460, 0xB460, 0xB460, 0x0000, 0x0000, 0x0000,
  0x0000, 0x0000, 0x0000, 0x0000, 0x0000, 0x0000, 0x0000, 0x0000,
  0x0000, 0x0000, 0x0000, 0x0000, 0x0000, 0x0000, 0x0000, 0x0000,
  0x0000, 0x0000, 0x0000, 0x0000, 0x0000, 0x0000, 0x0000, 0x0000,
  0x0000, 0x0000, 0x0000, 0x0000, 0x0000, 0x0000, 0x0000, 0x0000,
  0x0000, 0x0000, 0x0000, 0x0000, 0x0000, 0x0000, 0x0000, 0x0000,
  0x0000, 0x0000, 0x0000, 0x0000, 0x0000, 0xB460, 0xFEE0, 0xFEE0,
  0xFEE0, 0xFEE0, 0xFEE0, 0xFEE0, 0xFEE0, 0xFEE0, 0xFEE0, 0xFEE0,
  0xFEE0, 0xFEE0, 0xFEE0, 0xB460, 0x0000, 0x0000, 0x0000, 0x0000,
  0x0000, 0x0000, 0x0000, 0x0000, 0x0000, 0x0000, 0x0000, 0x0000,
  0x0000, 0x0000, 0x0000, 0x0000, 0x0000, 0x0000, 0x0000, 0x0000,
  0x0000, 0x0000, 0x0000, 0x0000, 0x0000, 0x0000, 0x0000, 0x0000,
  0x0000, 0x0000, 0x0000, 0x0000, 0x0000, 0x0000, 0x0000, 0x0000,
  0x0000, 0x0000, 0x0000, 0x0000, 0x0000, 0x0000, 0x0000, 0x0000,
  0x0000, 0x0000, 0x0000, 0x0000, 0xB460, 0xFEE0, 0xFEE0, 0xFEE0,
  0xFEE0, 0xFEE0, 0xFEE0, 0xFEE0, 0xFEE0, 0xFEE0, 0xFEE0, 0xFEE0,
  0xFEE0, 0xFEE0, 0xB460, 0x0000, 0x0000, 0x0000, 0x0000, 0x0000,
  0x0000, 0x0000, 0x0000, 0x0000, 0x0000, 0x0000, 0x0000, 0x0000,
  0x0000, 0x0000, 0x0000, 0x0000, 0x0000, 0x0000, 0x0000, 0x0000,
  0x0000, 0x0000, 0x0000, 0x0000, 0x0000, 0x0000, 0x0000, 0x0000,
  0x0000, 0x0000, 0x0000, 0x0000, 0x0000, 0x0000, 0x0000, 0x0000,
  0x0000, 0x0000, 0x0000, 0x0000, 0x0000, 0x0000, 0x0000, 0x0000,
  0x0000, 0x0000, 0x0000, 0x0000, 0xB460, 0xFEE0, 0xFEE0, 0xFEE0,
  0xFEE0, 0xFEE0, 0xFEE0, 0xFEE0, 0xFEE0, 0xFEE0, 0xFEE0, 0xFEE0,
  0xFEE0, 0xB460, 0x0000, 0x0000, 0x0000, 0x0000, 0x0000, 0x0000,
  0x0000, 0x0000, 0x0000, 0x0000, 0x0000, 0x0000, 0x0000, 0x0000,
  0x0000, 0x0000, 0x0000, 0x0000, 0x0000, 0x0000, 0x0000, 0x0000,
  0x0000, 0x0000, 0x0000, 0x0000, 0x0000, 0x0000, 0x0000, 0x0000,
  0x0000, 0x0000, 0x0000, 0x0000, 0x0000, 0x0000, 0x0000, 0x0000,
  0x0000, 0x0000, 0x0000, 0x0000, 0x0000, 0x0000, 0x0000, 0x0000,
  0x0000, 0x0000, 0x0000, 0xB460, 0xFEE0, 0xFEE0, 0xFEE0, 0xFEE0,
  0xFEE0, 0xFEE0, 0xFEE0, 0xFEE0, 0xFEE0, 0xFEE0, 0xFEE0, 0xFEE0,
  0xB460, 0x0000, 0x0000, 0x0000, 0x0000, 0x0000, 0x0000, 0x0000,
  0x0000, 0x0000, 0x0000, 0x0000, 0x0000, 0x0000, 0x0000, 0x0000,
  0x0000, 0x0000, 0x0000, 0x0000, 0x0000, 0x0000, 0x0000, 0x0000,
  0x0000, 0x0000, 0x0000, 0x0000, 0x0000, 0x0000, 0x0000, 0x0000,
  0x0000, 0x0000, 0x0000, 0x0000, 0x0000, 0x0000, 0x0000, 0x0000,
  0x0000, 0x0000, 0x0000, 0x0000, 0x0000, 0x0000, 0x0000, 0x0000,
  0x0000, 0x0000, 0x0000, 0xB460, 0xFEE0, 0xFEE0, 0xFEE0, 0xFEE0,
  0xFEE0, 0xFEE0, 0xFEE0, 0xFEE0, 0xFEE0, 0xFEE0, 0xFEE0, 0xB460,
  0x0000, 0x0000, 0x0000, 0x0000, 0x0000, 0x0000, 0x0000, 0x0000,
  0x0000, 0x0000, 0x0000, 0x0000, 0x0000, 0x0000, 0x0000, 0x0000,
  0x0000, 0x0000, 0x0000, 0x0000, 0x0000, 0x0000, 0x0000, 0x0000,
  0x0000, 0x0000, 0x0000, 0x0000, 0x0000, 0x0000, 0x0000, 0x0000,
  0x0000, 0x0000, 0x0000, 0x0000, 0x0000, 0x0000, 0x0000, 0x0000,
  0x0000, 0x0000, 0x0000, 0x0000, 0x0000, 0x0000, 0x0000, 0x0000,
  0x0000, 0x0000, 0xB460, 0xB460, 0xB460, 0xB460, 0xB460, 0xB460,
  0xB460, 0xB460, 0xFEE0, 0xFEE0, 0xFEE0, 0xFEE0, 0xB460, 0x0000,
  0x0000, 0x0000, 0x0000, 0x0000, 0x0000, 0x0000, 0x0000, 0x0000,
  0x0000, 0x0000, 0x0000, 0x0000, 0x0000, 0x0000, 0x0000, 0x0000,
  0x0000, 0x0000, 0x0000, 0x0000, 0x0000, 0x0000, 0x0000, 0x0000,
  0x0000, 0x0000, 0x0000, 0x0000, 0x0000, 0x0000, 0x0000, 0x0000,
  0x0000, 0x0000, 0x0000, 0x0000, 0x0000, 0x0000, 0x0000, 0x0000,
  0x0000, 0x0000, 0x0000, 0x0000, 0x0000, 0x0000, 0x0000, 0x0000,
  0x0000, 0x0000, 0x0000, 0x0000, 0x0000, 0x0000, 0x0000, 0x0000,
  0xB460, 0xFEE0, 0xFEE0, 0xFEE0, 0xFEE0, 0xB460, 0x0000, 0x0000,
  0x0000, 0x0000, 0x0000, 0x0000, 0x0000, 0x0000, 0x0000, 0x0000,
  0x0000, 0x0000, 0x0000, 0x0000, 0x0000, 0x0000, 0x0000, 0x0000,
  0x0000, 0x0000, 0x0000, 0x0000, 0x0000, 0x0000, 0x0000, 0x0000,
  0x0000, 0x0000, 0x0000, 0x0000, 0x0000, 0x0000, 0x0000, 0x0000,
  0x0000, 0x0000, 0x0000, 0x0000, 0x0000, 0x0000, 0x0000, 0x0000,
  0x0000, 0x0000, 0x0000, 0x0000, 0x0000, 0x0000, 0x0000, 0x0000,
  0x0000, 0x0000, 0x0000, 0x0000, 0x0000, 0x0000, 0x0000, 0x0000,
  0xB460, 0xFEE0, 0xFEE0, 0xFEE0, 0xB460, 0x0000, 0x0000, 0x0000,
  0x0000, 0x0000, 0x0000, 0x0000, 0x0000, 0x0000, 0x0000, 0x0000,
  0x0000, 0x0000, 0x0000, 0x0000, 0x0000, 0x0000, 0x0000, 0x0000,
  0x0000, 0x0000, 0x0000, 0x0000, 0x0000, 0x0000, 0x0000, 0x0000,
  0x0000, 0x0000, 0x0000, 0x0000, 0x0000, 0x0000, 0x0000, 0x0000,
  0x0000, 0x0000, 0x0000, 0x0000, 0x0000, 0x0000, 0x0000, 0x0000,
  0x0000, 0x0000, 0x0000, 0x0000, 0x0000, 0x0000, 0x0000, 0x0000,
  0x0000, 0x0000, 0x0000, 0x0000, 0x0000, 0x0000, 0x0000, 0xB460,
  0xFEE0, 0xFEE0, 0xFEE0, 0xB460, 0x0000, 0x0000, 0x0000, 0x0000,
  0x0000, 0x0000, 0x0000, 0x0000, 0x0000, 0x0000, 0x0000, 0x0000,
  0x0000, 0x0000, 0x0000, 0x0000, 0x0000, 0x0000, 0x0000, 0x0000,
  0x0000, 0x0000, 0x0000, 0x0000, 0x0000, 0x0000, 0x0000, 0x0000,
  0x0000, 0x0000, 0x0000, 0x0000, 0x0000, 0x0000, 0x0000, 0x0000,
  0x0000, 0x0000, 0x0000, 0x0000, 0x0000, 0x0000, 0x0000, 0x0000,
  0x0000, 0x0000, 0x0000, 0x0000, 0x0000, 0x0000, 0x0000, 0x0000,
  0x0000, 0x0000, 0x0000, 0x0000, 0x0000, 0x0000, 0xB460, 0xFEE0,
  0xFEE0, 0xFEE0, 0xB460, 0x0000, 0x0000, 0x0000, 0x0000, 0x0000,
  0x0000, 0x0000, 0x0000, 0x0000, 0x0000, 0x0000, 0x0000, 0x0000,
  0x0000, 0x0000, 0x0000, 0x0000, 0x0000, 0x0000, 0x0000, 0x0000,
  0x0000, 0x0000, 0x0000, 0x0000, 0x0000, 0x0000, 0x0000, 0x0000,
  0x0000, 0x0000, 0x0000, 0x0000, 0x0000, 0x0000, 0x0000, 0x0000,
  0x0000, 0x0000, 0x0000, 0x0000, 0x0000, 0x0000, 0x0000, 0x0000,
  0x0000, 0x0000, 0x0000, 0x0000, 0x0000, 0x0000, 0x0000, 0x0000,
  0x0000, 0x0000, 0x0000, 0x0000, 0x0000, 0x0000, 0xB460, 0xFEE0,
  0xFEE0, 0xB460, 0x0000, 0x0000, 0x0000, 0x0000, 0x0000, 0x0000,
  0x0000, 0x0000, 0x0000, 0x0000, 0x0000, 0x0000, 0x0000, 0x0000,
  0x0000, 0x0000, 0x0000, 0x0000, 0x0000, 0x0000, 0x0000, 0x0000,
  0x0000, 0x0000, 0x0000, 0x0000, 0x0000, 0x0000, 0x0000, 0x0000,
  0x0000, 0x0000, 0x0000, 0x0000, 0x0000, 0x0000, 0x0000, 0x0000,
  0x0000, 0x0000, 0x0000, 0x0000, 0x0000, 0x0000, 0x0000, 0x0000,
  0x0000, 0x0000, 0x0000, 0x0000, 0x0000, 0x0000, 0x0000, 0x0000,
  0x0000, 0x0000, 0x0000, 0x0000, 0x0000, 0xB460, 0xFEE0, 0xFEE0,
  0xB460, 0x0000, 0x0000, 0x0000, 0x0000, 0x0000, 0x0000, 0x0000,
  0x0000, 0x0000, 0x0000, 0x0000, 0x0000, 0x0000, 0x0000, 0x0000,
  0x0000, 0x0000, 0x0000, 0x0000, 0x0000, 0x0000, 0x0000, 0x0000,
  0x0000, 0x0000, 0x0000, 0x0000, 0x0000, 0x0000, 0x0000, 0x0000,
  0x0000, 0x0000, 0x0000, 0x0000, 0x0000, 0x0000, 0x0000, 0x0000,
  0x0000, 0x0000, 0x0000, 0x0000, 0x0000, 0x0000, 0x0000, 0x0000,
  0x0000, 0x0000, 0x0000, 0x0000, 0x0000, 0x0000, 0x0000, 0x0000,
  0x0000, 0x0000, 0x0000, 0x0000, 0xB460, 0xFEE0, 0xFEE0, 0xB460,
  0x0000, 0x0000, 0x0000, 0x0000, 0x0000, 0x0000, 0x0000, 0x0000,
  0x0000, 0x0000, 0x0000, 0x0000, 0x0000, 0x0000, 0x0000, 0x0000,
  0x0000, 0x0000, 0x0000, 0x0000, 0x0000, 0x0000, 0x0000, 0x0000,
  0x0000, 0x0000, 0x0000, 0x0000, 0x0000, 0x0000, 0x0000, 0x0000,
  0x0000, 0x0000, 0x0000, 0x0000, 0x0000, 0x0000, 0x0000, 0x0000,
  0x0000, 0x0000, 0x0000, 0x0000, 0x0000, 0x0000, 0x0000, 0x0000,
  0x0000, 0x0000, 0x0000, 0x0000, 0x0000, 0x0000, 0x0000, 0x0000,
  0x0000, 0x0000, 0x0000, 0x0000, 0xB460, 0xFEE0, 0xB460, 0x0000,
  0x0000, 0x0000, 0x0000, 0x0000, 0x0000, 0x0000, 0x0000, 0x0000,
  0x0000, 0x0000, 0x0000, 0x0000, 0x0000, 0x0000, 0x0000, 0x0000,
  0x0000, 0x0000, 0x0000, 0x0000, 0x0000, 0x0000, 0x0000, 0x0000,
  0x0000, 0x0000, 0x0000, 0x0000, 0x0000, 0x0000, 0x0000, 0x0000,
  0x0000, 0x0000, 0x0000, 0x0000, 0x0000, 0x0000, 0x0000, 0x0000,
  0x0000, 0x0000, 0x0000, 0x0000, 0x0000, 0x0000, 0x0000, 0x0000,
  0x0000, 0x0000, 0x0000, 0x0000, 0x0000, 0x0000, 0x0000, 0x0000,
  0x0000, 0x0000, 0x0000, 0xB460, 0xFEE0, 0xB460, 0x0000, 0x0000,
  0x0000, 0x0000, 0x0000, 0x0000, 0x0000, 0x0000, 0x0000, 0x0000,
  0x0000, 0x0000, 0x0000, 0x0000, 0x0000, 0x0000, 0x0000, 0x0000,
  0x0000, 0x0000, 0x0000, 0x0000, 0x0000, 0x0000, 0x0000, 0x0000,
  0x0000, 0x0000, 0x0000, 0x0000, 0x0000, 0x0000, 0x0000, 0x0000,
  0x0000, 0x0000, 0x0000, 0x0000, 0x0000, 0x0000, 0x0000, 0x0000,
  0x0000, 0x0000, 0x0000, 0x0000, 0x0000, 0x0000, 0x0000, 0x0000,
  0x0000, 0x0000, 0x0000, 0x0000, 0x0000, 0x0000, 0x0000, 0x0000,
  0x0000, 0x0000, 0x0000, 0xB460, 0xB460, 0x0000, 0x0000, 0x0000,
  0x0000, 0x0000, 0x0000, 0x0000, 0x0000, 0x0000, 0x0000, 0x0000,
  0x0000, 0x0000, 0x0000, 0x0000, 0x0000, 0x0000, 0x0000, 0x0000,
  0x0000, 0x0000, 0x0000, 0x0000, 0x0000, 0x0000, 0x0000, 0x0000,
  0x0000, 0x0000, 0x0000, 0x0000, 0x0000, 0x0000, 0x0000, 0x0000,
  0x0000, 0x0000, 0x0000, 0x0000, 0x0000, 0x0000, 0x0000, 0x0000,
  0x0000, 0x0000, 0x0000, 0x0000, 0x0000, 0x0000, 0x0000, 0x0000,
  0x0000, 0x0000, 0x0000, 0x0000, 0x0000, 0x0000, 0x0000, 0x0000,
  0x0000, 0x0000, 0xB460, 0xB460, 0x0000, 0x0000, 0x0000, 0x0000,
  0x0000, 0x0000, 0x0000, 0x0000, 0x0000, 0x0000, 0x0000, 0x0000,
  0x0000, 0x0000, 0x0000, 0x0000, 0x0000, 0x0000, 0x0000, 0x0000,
  0x0000, 0x0000, 0x0000, 0x0000, 0x0000, 0x0000, 0x0000, 0x0000,
  0x0000, 0x0000, 0x0000, 0x0000, 0x0000, 0x0000, 0x0000, 0x0000,
  0x0000, 0x0000, 0x0000, 0x0000, 0x0000, 0x0000, 0x0000, 0x0000,
  0x0000, 0x0000, 0x0000, 0x0000, 0x0000, 0x0000, 0x0000, 0x0000,
  0x0000, 0x0000, 0x0000, 0x0000, 0x0000, 0x0000, 0x0000, 0x0000,
  0x0000, 0xB460, 0xB460, 0x0000, 0x0000, 0x0000, 0x0000, 0x0000,
  0x0000, 0x0000, 0x0000, 0x0000, 0x0000, 0x0000, 0x0000, 0x0000,
  0x0000, 0x0000, 0x0000, 0x0000, 0x0000, 0x0000, 0x0000, 0x0000,
  0x0000, 0x0000, 0x0000, 0x0000, 0x0000, 0x0000, 0x0000, 0x0000,
  0x0000, 0x0000, 0x0000, 0x0000, 0x0000, 0x0000, 0x0000, 0x0000,
  0x0000, 0x0000, 0x0000, 0x0000, 0x0000, 0x0000, 0x0000, 0x0000,
  0x0000, 0x0000, 0x0000, 0x0000, 0x0000, 0x0000, 0x0000, 0x0000,
  0x0000, 0x0000, 0x0000, 0x0000, 0x0000, 0x0000, 0x0000, 0x0000,
  0x0000, 0xB460, 0x0000, 0x0000, 0x0000, 0x0000, 0x0000, 0x0000,
  0x0000, 0x0000, 0x0000, 0x0000, 0x0000, 0x0000, 0x0000, 0x0000,
  0x0000, 0x0000, 0x0000, 0x0000, 0x0000, 0x0000, 0x0000, 0x0000,
  0x0000, 0x0000, 0x0000, 0x0000, 0x0000, 0x0000, 0x0000, 0x0000,
  0x0000, 0x0000, 0x0000, 0x0000, 0x0000, 0x0000, 0x0000, 0x0000,
  0x0000, 0x0000, 0x0000, 0x0000, 0x0000, 0x0000, 0x0000, 0x0000,
  0x0000, 0x0000, 0x0000, 0x0000, 0x0000, 0x0000, 0x0000, 0x0000,
  0x0000, 0x0000, 0x0000, 0x0000, 0x0000, 0x0000, 0x0000, 0x0000,
  0xB460, 0x0000, 0x0000, 0x0000, 0x0000, 0x0000, 0x0000, 0x0000,
  0x0000, 0x0000, 0x0000, 0x0000, 0x0000, 0x0000, 0x0000, 0x0000,
  0x0000, 0x0000, 0x0000, 0x0000, 0x0000, 0x0000, 0x0000, 0x0000,
  0x0000, 0x0000, 0x0000, 0x0000, 0x0000, 0x0000, 0x0000, 0x0000,
  0x0000, 0x0000, 0x0000, 0x0000, 0x0000, 0x0000, 0x0000, 0x0000,
  0x0000, 0x0000, 0x0000, 0x0000, 0x0000, 0x0000, 0x0000, 0x0000,
  0x0000, 0x0000, 0x0000, 0x0000, 0x0000, 0x0000, 0x0000, 0x0000,
  0x0000, 0x0000, 0x0000, 0x0000, 0x0000, 0x0000, 0x0000, 0x0000,
  0x0000, 0x0000, 0x0000, 0x0000, 0x0000, 0x0000, 0x0000, 0x0000,
  0x0000, 0x0000, 0x0000, 0x0000, 0x0000, 0x0000, 0x0000, 0x0000,
  0x0000, 0x0000, 0x0000, 0x0000, 0x0000, 0x0000, 0x0000, 0x0000,
  0x0000, 0x0000, 0x0000, 0x0000, 0x0000, 0x0000, 0x0000, 0x0000,
  0x0000, 0x0000, 0x0000, 0x0000, 0x0000, 0x0000, 0x0000, 0x0000,
  0x0000, 0x0000, 0x0000, 0x0000, 0x0000, 0x0000, 0x0000, 0x0000,
  0x0000, 0x0000, 0x0000, 0x0000, 0x0000, 0x0000, 0x0000, 0x0000,
  0x0000, 0x0000, 0x0000, 0x0000, 0x0000, 0x0000, 0x0000, 0x0000,
  0x0000, 0x0000, 0x0000, 0x0000, 0x0000, 0x0000, 0x0000, 0x0000,
  0x0000, 0x0000, 0x0000, 0x0000, 0x0000, 0x0000, 0x0000, 0x0000,
  0x0000, 0x0000, 0x0000, 0x0000, 0x0000, 0x0000, 0x0000, 0x0000,
  0x0000, 0x0000, 0x0000, 0x0000, 0x0000, 0x0000, 0x0000, 0x0000,
  0x0000, 0x0000, 0x0000, 0x0000, 0x0000, 0x0000, 0x0000, 0x0000,
  0x0000, 0x0000, 0x0000, 0x0000, 0x0000, 0x0000, 0x0000, 0x0000,
  0x0000, 0x0000, 0x0000, 0x0000, 0x0000, 0x0000, 0x0000, 0x0000,
  0x0000, 0x0000, 0x0000, 0x0000, 0x0000, 0x0000, 0x0000, 0x0000,
  0x0000, 0x0000, 0x0000, 0x0000, 0x0000, 0x0000, 0x0000, 0x0000,
  0x0000, 0x0000, 0x0000, 0x0000, 0x0000, 0x0000, 0x0000, 0x0000,
  0x0000, 0x0000, 0x0000, 0x0000, 0x0000, 0x0000, 0x0000, 0x0000,
  0x0000, 0x0000, 0x0000, 0x0000, 0x0000, 0x0000, 0x0000, 0x0000,
  0x0000, 0x0000, 0x0000, 0x0000, 0x0000, 0x0000, 0x0000, 0x0000,
};

static const uint16_t icon_rain[4096] PROGMEM = {
  0x0000, 0x0000, 0x0000, 0x0000, 0x0000, 0x0000, 0x0000, 0x0000,
  0x0000, 0x0000, 0x0000, 0x0000, 0x0000, 0x0000, 0x0000, 0x0000,
  0x0000, 0x0000, 0x0000, 0x0000, 0x0000, 0x0000, 0x0000, 0x0000,
  0x0000, 0x0000, 0x9D35, 0x9D35, 0x9D35, 0x9D35, 0x9D35, 0x9D35,
  0x9D35, 0x9D35, 0x9D35, 0x9D35, 0x9D35, 0x9D35, 0x9D35, 0x0000,
  0x0000, 0x0000, 0x0000, 0x0000, 0x0000, 0x0000, 0x0000, 0x0000,
  0x0000, 0x0000, 0x0000, 0x0000, 0x0000, 0x0000, 0x0000, 0x0000,
  0x0000, 0x0000, 0x0000, 0x0000, 0x0000, 0x0000, 0x0000, 0x0000,
  0x0000, 0x0000, 0x0000, 0x0000, 0x0000, 0x0000, 0x0000, 0x0000,
  0x0000, 0x0000, 0x0000, 0x0000, 0x0000, 0x0000, 0x0000, 0x0000,
  0x0000, 0x0000, 0x0000, 0x0000, 0x0000, 0x0000, 0x0000, 0x0000,
  0x0000, 0x9D35, 0x9D35, 0x9D35, 0x9D35, 0x9D35, 0x9D35, 0x9D35,
  0x9D35, 0x9D35, 0x9D35, 0x9D35, 0x9D35, 0x9D35, 0x9D35, 0x9D35,
  0x0000, 0x0000, 0x0000, 0x0000, 0x0000, 0x0000, 0x0000, 0x0000,
  0x0000, 0x0000, 0x0000, 0x0000, 0x0000, 0x0000, 0x0000, 0x0000,
  0x0000, 0x0000, 0x0000, 0x0000, 0x0000, 0x0000, 0x0000, 0x0000,
  0x0000, 0x0000, 0x0000, 0x0000, 0x0000, 0x0000, 0x0000, 0x0000,
  0x0000, 0x0000, 0x0000, 0x0000, 0x0000, 0x0000, 0x0000, 0x0000,
  0x0000, 0x0000, 0x0000, 0x0000, 0x0000, 0x0000, 0x0000, 0x9D35,
  0x9D35, 0x9D35, 0x9D35, 0x9D35, 0x9D35, 0x9D35, 0x9D35, 0x9D35,
  0x9D35, 0x9D35, 0x9D35, 0x9D35, 0x9D35, 0x9D35, 0x9D35, 0x9D35,
  0x9D35, 0x9D35, 0x0000, 0x0000, 0x0000, 0x0000, 0x0000, 0x0000,
  0x0000, 0x0000, 0x0000, 0x0000, 0x0000, 0x0000, 0x0000, 0x0000,
  0x0000, 0x0000, 0x0000, 0x0000, 0x0000, 0x0000, 0x0000, 0x0000,
  0x0000, 0x0000, 0x0000, 0x0000, 0x0000, 0x0000, 0x0000, 0x0000,
  0x0000, 0x0000, 0x0000, 0x0000, 0x0000, 0x0000, 0x0000, 0x0000,
  0x0000, 0x0000, 0x0000, 0x0000, 0x0000, 0x0000, 0x9D35, 0x9D35,
  0x9D35, 0x9D35, 0x9D35, 0x9D35, 0x9D35, 0x9D35, 0x9D35, 0x9D35,
  0x9D35, 0x9D35, 0x9D35, 0x9D35, 0x9D35, 0x9D35, 0x9D35, 0x9D35,
  0x9D35, 0x9D35, 0x9D35, 0x0000, 0x0000, 0x0000, 0x0000, 0x0000,
  0x0000, 0x0000, 0x0000, 0x0000, 0x0000, 0x0000, 0x0000, 0x0000,
  0x0000, 0x0000, 0x0000, 0x0000, 0x0000, 0x0000, 0x0000, 0x0000,
  0x0000, 0x0000, 0x0000, 0x0000, 0x0000, 0x0000, 0x0000, 0x0000,
  0x0000, 0x0000, 0x0000, 0x0000, 0x0000, 0x0000, 0x0000, 0x0000,
  0x0000, 0x0000, 0x0000, 0x0000, 0x0000, 0x9D35, 0x9D35, 0x9D35,
  0x9D35, 0x9D35, 0x9D35, 0x9D35, 0x9D35, 0x9D35, 0x9D35, 0x9D35,
  0x9D35, 0x9D35, 0x9D35, 0x9D35, 0x9D35, 0x9D35, 0x9D35, 0x9D35,
  0x9D35, 0x9D35, 0x9D35, 0x9D35, 0x0000, 0x0000, 0x0000, 0x0000,
  0x0000, 0x0000, 0x0000, 0x0000, 0x0000, 0x0000, 0x0000, 0x0000,
  0x0000, 0x0000, 0x0000, 0x0000, 0x0000, 0x0000, 0x0000, 0x0000,
  0x0000, 0x0000, 0x0000, 0x0000, 0x0000, 0x0000, 0x0000, 0x0000,
  0x0000, 0x0000, 0x0000, 0x0000, 0x0000, 0x0000, 0x0000, 0x0000,
  0x0000, 0x0000, 0x0000, 0x0000, 0x0000, 0x9D35, 0x9D35, 0x9D35,
  0x9D35, 0x9D35, 0x9D35, 0x9D35, 0x9D35, 0x9D35, 0x9D35, 0x9D35,
  0x9D35, 0x9D35, 0x9D35, 0x9D35, 0x9D35, 0x9D35, 0x9D35, 0x9D35,
  0x9D35, 0x9D35, 0x9D35, 0x9D35, 0x0000, 0x0000, 0x0000, 0x0000,
  0x0000, 0x0000, 0x0000, 0x0000, 0x0000, 0x0000, 0x0000, 0x0000,
  0x0000, 0x0000, 0x0000, 0x0000, 0x0000, 0x0000, 0x0000, 0x0000,
  0x0000, 0x0000, 0x0000, 0x0000, 0x0000, 0x0000, 0x0000, 0x0000,
  0x0000, 0x0000, 0x0000, 0x0000, 0x0000, 0x0000, 0x0000, 0x0000,
  0x0000, 0x0000, 0x0000, 0x0000, 0x9D35, 0x9D35, 0x9D35, 0x9D35,
  0x9D35, 0x9D35, 0x9D35, 0x9D35, 0x9D35, 0x9D35, 0x9D35, 0x9D35,
  0x9D35, 0x9D35, 0x9D35, 0x9D35, 0x9D35, 0x9D35, 0x9D35, 0x9D35,
  0x9D35, 0x9D35, 0x9D35, 0x9D35, 0x9D35, 0x9D35, 0x9D35, 0x9D35,
  0x0000, 0x0000, 0x0000, 0x0000, 0x0000, 0x0000, 0x0000, 0x0000,
  0x0000, 0x0000, 0x0000, 0x0000, 0x0000, 0x0000, 0x0000, 0x0000,
  0x0000, 0x0000, 0x0000, 0x0000, 0x0000, 0x0000, 0x0000, 0x0000,
  0x0000, 0x0000, 0x0000, 0x0000, 0x0000, 0x0000, 0x0000, 0x0000,
  0x0000, 0x0000, 0x0000, 0x9D35, 0x9D35, 0x9D35, 0x9D35, 0x9D35,
  0x9D35, 0x9D35, 0x9D35, 0x9D35, 0x9D35, 0x9D35, 0x9D35, 0x9D35,
  0x9D35, 0x9D35, 0x9D35, 0x9D35, 0x9D35, 0x9D35, 0x9D35, 0x9D35,
  0x9D35, 0x9D35, 0x9D35, 0x9D35, 0x9D35, 0x9D35, 0x9D35, 0x9D35,
  0x9D35, 0x9D35, 0x0000, 0x0000, 0x0000, 0x0000, 0x0000, 0x0000,
  0x0000, 0x0000, 0x0000, 0x0000, 0x0000, 0x0000, 0x0000, 0x0000,
  0x0000, 0x0000, 0x0000, 0x0000, 0x0000, 0x0000, 0x0000, 0x0000,
  0x0000, 0x0000, 0x0000, 0x0000, 0x0000, 0x0000, 0x0000, 0x0000,
  0x0000, 0x0000, 0x0000, 0x9D35, 0x9D35, 0x9D35, 0x9D35, 0x9D35,
  0x9D35, 0x9D35, 0x9D35, 0x9D35, 0x9D35, 0x9D35, 0x9D35, 0x9D35,
  0x9D35, 0x9D35, 0x9D35, 0x9D35, 0x9D35, 0x9D35, 0x9D35, 0x9D35,
  0x9D35, 0x9D35, 0x9D35, 0x9D35, 0x9D35, 0x9D35, 0x9D35, 0x9D35,
  0x9D35, 0x9D35, 0x9D35, 0x0000, 0x0000, 0x0000, 0x0000, 0x0000,
  0x0000, 0x0000, 0x0000, 0x0000, 0x0000, 0x0000, 0x0000, 0x0000,
  0x0000, 0x0000, 0x0000, 0x0000, 0x0000, 0x0000, 0x0000, 0x0000,
  0x0000, 0x0000, 0x0000, 0x0000, 0x0000, 0x0000, 0x0000, 0x0000,
  0x0000, 0x9D35, 0x9D35, 0x9D35, 0x9D35, 0x9D35, 0x9D35, 0x9D35,
  0x9D35, 0x9D35, 0x9D35, 0x9D35, 0x9D35, 0x9D35, 0x9D35, 0x9D35,
  0x9D35, 0x9D35, 0x9D35, 0x9D35, 0x9D35, 0x9D35, 0x9D35, 0x9D35,
  0x9D35, 0x9D35, 0x9D35, 0x9D35, 0x9D35, 0x9D35, 0x9D35, 0x9D35,
  0x9D35, 0x9D35, 0x9D35, 0x9D35, 0x9D35, 0x0000, 0x0000, 0x0000,
  0x0000, 0x0000, 0x0000, 0x0000, 0x0000, 0x0000, 0x0000, 0x0000,
  0x0000, 0x0000, 0x0000, 0x0000, 0x0000, 0x0000, 0x0000, 0x0000,
  0x0000, 0x0000, 0x0000, 0x0000, 0x0000, 0x0000, 0x0000, 0x0000,
  0x9D35, 0x9D35, 0x9D35, 0x9D35, 0x9D35, 0x9D35, 0x9D35, 0x9D35,
  0x9D35, 0x9D35, 0x9D35, 0x9D35, 0x9D35, 0x9D35, 0x9D35, 0x9D35,
  0x9D35, 0x9D35, 0x9D35, 0x9D35, 0x9D35, 0x9D35, 0x9D35, 0x9D35,
  0x9D35, 0x9D35, 0x9D35, 0x9D35, 0x9D35, 0x9D35, 0x9D35, 0x9D35,
  0x9D35, 0x9D35, 0x9D35, 0x9D35, 0x9D35, 0x0000, 0x0000, 0x0000,
  0x0000, 0x0000, 0x0000, 0x0000, 0x0000, 0x0000, 0x0000, 0x0000,
  0x0000, 0x0000, 0x0000, 0x0000, 0x0000, 0x0000, 0x0000, 0x0000,
  0x0000, 0x0000, 0x0000, 0x0000, 0x0000, 0x0000, 0x0000, 0x9D35,
  0x9D35, 0x9D35, 0x9D35, 0x9D35, 0x9D35, 0x9D35, 0x9D35, 0x9D35,
  0x9D35, 0x9D35, 0x9D35, 0x9D35, 0x9D35, 0x9D35, 0x9D35, 0x9D35,
  0x9D35, 0x9D35, 0x9D35, 0x9D35, 0x9D35, 0x9D35, 0x9D35, 0x9D35,
  0x9D35, 0x9D35, 0x9D35, 0x9D35, 0x9D35, 0x9D35, 0x9D35, 0x9D35,
  0x9D35, 0x9D35, 0x9D35, 0x9D35, 0x9D35, 0x9D35, 0x0000, 0x0000,
  0x0000, 0x0000, 0x0000, 0x0000, 0x0000, 0x0000, 0x0000, 0x0000,
  0x0000, 0x0000, 0x0000, 0x0000, 0x0000, 0x0000, 0x0000, 0x0000,
  0x0000, 0x0000, 0x0000, 0x0000, 0x0000, 0x0000, 0x9D35, 0x9D35,
  0x9D35, 0x9D35, 0x9D35, 0x9D35, 0x9D35, 0x9D35, 0x9D35, 0x9D35,
  0x9D35, 0x9D35, 0x9D35, 0x9D35, 0x9D35, 0x9D35, 0x9D35, 0x9D35,
  0x9D35, 0x9D35, 0x9D35, 0x9D35, 0x9D35, 0x9D35, 0x9D35, 0x9D35,
  0x9D35, 0x9D35, 0x9D35, 0x9D35, 0x9D35, 0x9D35, 0x9D35, 0x9D35,
  0x9D35, 0x9D35, 0x9D35, 0x9D35, 0x9D35, 0x9D35, 0x9D35, 0x0000,
  0x0000, 0x0000, 0x0000, 0x0000, 0x0000, 0x0000, 0x0000, 0x0000,
  0x0000, 0x0000, 0x0000, 0x0000, 0x0000, 0x0000, 0x0000, 0x0000,
  0x0000, 0x0000, 0x0000, 0x0000, 0x0000, 0x9D35, 0x9D35, 0x9D35,
  0x9D35, 0x9D35, 0x9D35, 0x9D35, 0x9D35, 0x9D35, 0x9D35, 0x9D35,
  0x9D35, 0x9D35, 0x9D35, 0x9D35, 0x9D35, 0x9D35, 0x9D35, 0x9D35,
  0x9D35, 0x9D35, 0x9D35, 0x9D35, 0x9D35, 0x9D35, 0x9D35, 0x9D35,
  0x9D35, 0x9D35, 0x9D35, 0x9D35, 0x9D35, 0x9D35, 0x9D35, 0x9D35,
  0x9D35, 0x9D35, 0x9D35, 0x9D35, 0x9D35, 0x9D35, 0x9D35, 0x0000,
  0x0000, 0x0000, 0x0000, 0x0000, 0x0000, 0x0000, 0x0000, 0x0000,
  0x0000, 0x0000, 0x0000, 0x0000, 0x0000, 0x0000, 0x0000, 0x0000,
  0x0000, 0x0000, 0x0000, 0x0000, 0x0000, 0x9D35, 0x9D35, 0x9D35,
  0x9D35, 0x9D35, 0x9D35, 0x9D35, 0x9D35, 0x9D35, 0x9D35, 0x9D35,
  0x9D35, 0x9D35, 0x9D35, 0x9D35, 0x9D35, 0x9D35, 0x9D35, 0x9D35,
  0x9D35, 0x9D35, 0x9D35, 0x9D35, 0x9D35, 0x9D35, 0x9D35, 0x9D35,
  0x9D35, 0x9D35, 0x9D35, 0x9D35, 0x9D35, 0x9D35, 0x9D35, 0x9D35,
  0x9D35, 0x9D35, 0x9D35, 0x9D35, 0x9D35, 0x9D35, 0x9D35, 0x9D35,
  0x0000, 0x0000, 0x0000, 0x0000, 0x0000, 0x0000, 0x0000, 0x0000,
  0x0000, 0x0000, 0x0000, 0x0000, 0x0000, 0x0000, 0x0000, 0x0000,
  0x0000, 0x0000, 0x0000, 0x0000, 0x9D35, 0x9D35, 0x9D35, 0x9D35,
  0x9D35, 0x9D35, 0x9D35, 0x9D35, 0x9D35, 0x9D35, 0x9D35, 0x9D35,
  0x9D35, 0x9D35, 0x9D35, 0x9D35, 0x9D35, 0x9D35, 0x9D35, 0x9D35,
  0x9D35, 0x9D35, 0x9D35, 0x9D35, 0x9D35, 0x9D35, 0x9D35, 0x9D35,
  0x9D35, 0x9D35, 0x9D35, 0x9D35, 0x9D35, 0x9D35, 0x9D35, 0x9D35,
  0x9D35, 0x9D35, 0x9D35, 0x9D35, 0x9D35, 0x9D35, 0x9D35, 0x9D35,
  0x0000, 0x0000, 0x0000, 0x0000, 0x0000, 0x0000, 0x0000, 0x0000,
  0x0000, 0x0000, 0x0000, 0x0000, 0x0000, 0x0000, 0x0000, 0x0000,
  0x0000, 0x0000, 0x0000, 0x0000, 0x9D35, 0x9D35, 0x9D35, 0x9D35,
  0x9D35, 0x9D35, 0x9D35, 0x9D35, 0x9D35, 0x9D35, 0x9D35, 0x9D35,
  0x9D35, 0x9D35, 0x9D35, 0x9D35, 0x9D35, 0x9D35, 0x9D35, 0x9D35,
  0x9D35, 0x9D35, 0x9D35, 0x9D35, 0x9D35, 0x9D35, 0x9D35, 0x9D35,
  0x9D35, 0x9D35, 0x9D35, 0x9D35, 0x9D35, 0x9D35, 0x9D35, 0x9D35,
  0x9D35, 0x9D35, 0x9D35, 0x9D35, 0x9D35, 0x9D35, 0x9D35, 0x9D35,
  0x0000, 0x0000, 0x0000, 0x0000, 0x0000, 0x0000, 0x0000, 0x0000,
  0x0000, 0x0000, 0x0000, 0x0000, 0x0000, 0x0000, 0x0000, 0x0000,
  0x0000, 0x0000, 0x0000, 0x0000, 0x9D35, 0x9D35, 0x9D35, 0x9D35,
  0x9D35, 0x9D35, 0x9D35, 0x9D35, 0x9D35, 0x9D35, 0x9D35, 0x9D35,
  0x9D35, 0x9D35, 0x9D35, 0x9D35, 0x9D35, 0x9D35, 0x9D35, 0x9D35,
  0x9D35, 0x9D35, 0x9D35, 0x9D35, 0x9D35, 0x9D35, 0x9D35, 0x9D35,
  0x9D35, 0x9D35, 0x9D35, 0x9D35, 0x9D35, 0x9D35, 0x9D35, 0x9D35,
  0x9D35, 0x9D35, 0x9D35, 0x9D35, 0x9D35, 0x9D35, 0x9D35, 0x9D35,
  0x0000, 0x0000, 0x0000, 0x0000, 0x0000, 0x0000, 0x0000, 0x0000,
  0x0000, 0x0000, 0x0000, 0x0000, 0x0000, 0x0000, 0x0000, 0x0000,
  0x0000, 0x0000, 0x9D35, 0x9D35, 0x9D35, 0x9D35, 0x9D35, 0x9D35,
  0x9D35, 0x9D35, 0x9D35, 0x9D35, 0x9D35, 0x9D35, 0x9D35, 0x9D35,
  0x9D35, 0x9D35, 0x9D35, 0x9D35, 0x9D35, 0x9D35, 0x9D35, 0x9D35,
  0x9D35, 0x9D35, 0x9D35, 0x9D35, 0x9D35, 0x9D35, 0x9D35, 0x9D35,
  0x9D35, 0x9D35, 0x9D35, 0x9D35, 0x9D35, 0x9D35, 0x9D35, 0x9D35,
  0x9D35, 0x9D35, 0x9D35, 0x9D35, 0x9D35, 0x9D35, 0x9D35, 0x9D35,
  0x0000, 0x0000, 0x0000, 0x0000, 0x0000, 0x0000, 0x0000, 0x0000,
  0x0000, 0x0000, 0x0000, 0x0000, 0x0000, 0x0000, 0x0000, 0x0000,
  0x0000, 0x0000, 0x9D35, 0x9D35, 0x9D35, 0x9D35, 0x9D35, 0x9D35,
  0x9D35, 0x9D35, 0x9D35, 0x9D35, 0x9D35, 0x9D35, 0x9D35, 0x9D35,
  0x9D35, 0x9D35, 0x9D35, 0x9D35, 0x9D35, 0x9D35, 0x9D35, 0x9D35,
  0x9D35, 0x9D35, 0x9D35, 0x9D35, 0x9D35, 0x9D35, 0x9D35, 0x9D35,
  0x9D35, 0x9D35, 0x9D35, 0x9D35, 0x9D35, 0x9D35, 0x9D35, 0x9D35,
  0x9D35, 0x9D35, 0x9D35, 0x9D35, 0x9D35, 0x9D35, 0x9D35, 0x9D35,
  0x0000, 0x0000, 0x0000, 0x0000, 0x0000, 0x0000, 0x0000, 0x0000,
  0x0000, 0x0000, 0x0000, 0x0000, 0x0000, 0x0000, 0x0000, 0x0000,
  0x0000, 0x0000, 0x9D35, 0x9D35, 0x9D35, 0x9D35, 0x9D35, 0x9D35,
  0x9D35, 0x9D35, 0x9D35, 0x9D35, 0x9D35, 0x9D35, 0x9D35, 0x9D35,
  0x9D35, 0x9D35, 0x9D35, 0x9D35, 0x9D35, 0x9D35, 0x9D35, 0x9D35,
  0x9D35, 0x9D35, 0x9D35, 0x9D35, 0x9D35, 0x9D35, 0x9D35, 0x9D35,
  0x9D35, 0x9D35, 0x9D35, 0x9D35, 0x9D35, 0x9D35, 0x9D35, 0x9D35,
  0x9D35, 0x9D35, 0x9D35, 0x9D35, 0x9D35, 0x9D35, 0x9D35, 0x9D35,
  0x0000, 0x0000, 0x0000, 0x0000, 0x0000, 0x0000, 0x0000, 0x0000,
  0x0000, 0x0000, 0x0000, 0x0000, 0x0000, 0x0000, 0x0000, 0x0000,
  0x0000, 0x0000, 0x9D35, 0x9D35, 0x9D35, 0x9D35, 0x9D35, 0x9D35,
  0x9D35, 0x9D35, 0x9D35, 0x9D35, 0x9D35, 0x9D35, 0x9D35, 0x9D35,
  0x9D35, 0x9D35, 0x9D35, 0x9D35, 0x9D35, 0x9D35, 0x9D35, 0x9D35,
  0x9D35, 0x9D35, 0x9D35, 0x9D35, 0x9D35, 0x9D35, 0x9D35, 0x9D35,
  0x9D35, 0x9D35, 0x9D35, 0x9D35, 0x9D35, 0x9D35, 0x9D35, 0x9D35,
  0x9D35, 0x9D35, 0x9D35, 0x9D35, 0x9D35, 0x9D35, 0x9D35, 0x0000,
  0x0000, 0x0000, 0x0000, 0x0000, 0x0000, 0x0000, 0x0000, 0x0000,
  0x0000, 0x0000, 0x0000, 0x0000, 0x0000, 0x0000, 0x0000, 0x0000,
  0x0000, 0x0000, 0x9D35, 0x9D35, 0x9D35, 0x9D35, 0x9D35, 0x9D35,
  0x9D35, 0x9D35, 0x9D35, 0x9D35, 0x9D35, 0x9D35, 0x9D35, 0x9D35,
  0x9D35, 0x9D35, 0x9D35, 0x9D35, 0x9D35, 0x9D35, 0x9D35, 0x9D35,
  0x9D35, 0x9D35, 0x9D35, 0x9D35, 0x9D35, 0x9D35, 0x9D35, 0x9D35,
  0x9D35, 0x9D35, 0x9D35, 0x9D35, 0x9D35, 0x9D35, 0x9D35, 0x9D35,
  0x9D35, 0x9D35, 0x9D35, 0x9D35, 0x9D35, 0x9D35, 0x9D35, 0x0000,
  0x0000, 0x0000, 0x0000, 0x0000, 0x0000, 0x0000, 0x0000, 0x0000,
  0x0000, 0x0000, 0x0000, 0x0000, 0x0000, 0x0000, 0x0000, 0x0000,
  0x0000, 0x0000, 0x9D35, 0x9D35, 0x9D35, 0x9D35, 0x9D35, 0x9D35,
  0x9D35, 0x9D35, 0x9D35, 0x9D35, 0x9D35, 0x9D35, 0x9D35, 0x9D35,
  0x9D35, 0x9D35, 0x9D35, 0x9D35, 0x9D35, 0x9D35, 0x9D35, 0x9D35,
  0x9D35, 0x9D35, 0x9D35, 0x9D35, 0x9D35, 0x9D35, 0x9D35, 0x9D35,
  0x9D35, 0x9D35, 0x9D35, 0x9D35, 0x9D35, 0x9D35, 0x9D35, 0x9D35,
  0x9D35, 0x9D35, 0x9D35, 0x9D35, 0x9D35, 0x9D35, 0x9D35, 0x0000,
  0x0000, 0x0000, 0x0000, 0x0000, 0x0000, 0x0000, 0x0000, 0x0000,
  0x0000, 0x0000, 0x0000, 0x0000, 0x0000, 0x0000, 0x0000, 0x0000,
  0x0000, 0x0000, 0x9D35, 0x9D35, 0x9D35, 0x9D35, 0x9D35, 0x9D35,
  0x9D35, 0x9D35, 0x9D35, 0x9D35, 0x9D35, 0x9D35, 0x9D35, 0x9D35,
  0x9D35, 0x9D35, 0x9D35, 0x9D35, 0x9D35, 0x9D35, 0x9D35, 0x9D35,
  0x9D35, 0x9D35, 0x9D35, 0x9D35, 0x9D35, 0x9D35, 0x9D35, 0x9D35,
  0x9D35, 0x9D35, 0x9D35, 0x9D35, 0x9D35, 0x9D35, 0x9D35, 0x9D35,
  0x9D35, 0x9D35, 0x9D35, 0x9D35, 0x9D35, 0x9D35, 0x9D35, 0x0000,
  0x0000, 0x0000, 0x0000, 0x0000, 0x0000, 0x0000, 0x0000, 0x0000,
  0x0000, 0x0000, 0x0000, 0x0000, 0x0000, 0x0000, 0x0000, 0x0000,
  0x0000, 0x0000, 0x9D35, 0x9D35, 0x9D35, 0x9D35, 0x9D35, 0x9D35,
  0x9D35, 0x9D35, 0x9D35, 0x9D35, 0x9D35, 0x9D35, 0x9D35, 0x9D35,
  0x9D35, 0x9D35, 0x9D35, 0x9D35, 0x9D35, 0x9D35, 0x9D35, 0x9D35,
  0x9D35, 0x9D35, 0x9D35, 0x9D35, 0x9D35, 0x9D35, 0x9D35, 0x9D35,
  0x9D35, 0x9D35, 0x9D35, 0x9D35, 0x9D35, 0x9D35, 0x9D35, 0x9D35,
  0x9D35, 0x9D35, 0x9D35, 0x9D35, 0x9D35, 0x9D35, 0x9D35, 0x0000,
  0x0000, 0x0000, 0x0000, 0x0000, 0x0000, 0x0000, 0x0000, 0x0000,
  0x0000, 0x0000, 0x0000, 0x0000, 0x0000, 0x0000, 0x0000, 0x0000,
  0x0000, 0x0000, 0x9D35, 0x9D35, 0x9D35, 0x9D35, 0x9D35, 0x9D35,
  0x9D35, 0x9D35, 0x9D35, 0x9D35, 0x9D35, 0x9D35, 0x9D35, 0x9D35,
  0x9D35, 0x9D35, 0x9D35, 0x9D35, 0x9D35, 0x9D35, 0x9D35, 0x9D35,
  0x9D35, 0x9D35, 0x9D35, 0x9D35, 0x9D35, 0x9D35, 0x9D35, 0x9D35,
  0x9D35, 0x9D35, 0x9D35, 0x9D35, 0x9D35, 0x9D35, 0x9D35, 0x9D35,
  0x9D35, 0x9D35, 0x9D35, 0x9D35, 0x9D35, 0x9D35, 0x9D35, 0x0000,
  0x0000, 0x0000, 0x0000, 0x0000, 0x0000, 0x0000, 0x0000, 0x0000,
  0x0000, 0x0000, 0x0000, 0x0000, 0x0000, 0x0000, 0x0000, 0x0000,
  0x0000, 0x0000, 0x9D35, 0x9D35, 0x9D35, 0x9D35, 0x9D35, 0x9D35,
  0x9D35, 0x9D35, 0x9D35, 0x9D35, 0x9D35, 0x9D35, 0x9D35, 0x9D35,
  0x9D35, 0x9D35, 0x9D35, 0x9D35, 0x9D35, 0x9D35, 0x9D35, 0x9D35,
  0x9D35, 0x9D35, 0x9D35, 0x9D35, 0x9D35, 0x9D35, 0x9D35, 0x9D35,
  0x9D35, 0x9D35, 0x9D35, 0x9D35, 0x9D35, 0x9D35, 0x9D35, 0x9D35,
  0x9D35, 0x9D35, 0x9D35, 0x9D35, 0x9D35, 0x9D35, 0x9D35, 0x0000,
  0x0000, 0x0000, 0x0000, 0x0000, 0x0000, 0x0000, 0x0000, 0x0000,
  0x0000, 0x0000, 0x0000, 0x0000, 0x0000, 0x0000, 0x0000, 0x0000,
  0x0000, 0x0000, 0x9D35, 0x9D35, 0x9D35, 0x9D35, 0x9D35, 0x9D35,
  0x9D35, 0x9D35, 0x9D35, 0x9D35, 0x9D35, 0x9D35, 0x9D35, 0x9D35,
  0x9D35, 0x9D35, 0x9D35, 0x9D35, 0x9D35, 0x9D35, 0x9D35, 0x9D35,
  0x9D35, 0x9D35, 0x9D35, 0x9D35, 0x9D35, 0x9D35, 0x9D35, 0x9D35,
  0x9D35, 0x9D35, 0x9D35, 0x9D35, 0x9D35, 0x9D35, 0x9D35, 0x9D35,
  0x9D35, 0x9D35, 0x9D35, 0x9D35, 0x9D35, 0x9D35, 0x9D35, 0x0000,
  0x0000, 0x0000, 0x0000, 0x0000, 0x0000, 0x0000, 0x0000, 0x0000,
  0x0000, 0x0000, 0x0000, 0x0000, 0x0000, 0x0000, 0x0000, 0x0000,
  0x0000, 0x0000, 0x9D35, 0x9D35, 0x9D35, 0x9D35, 0x9D35, 0x9D35,
  0x9D35, 0x9D35, 0x9D35, 0x9D35, 0x9D35, 0x9D35, 0x9D35, 0x9D35,
  0x9D35, 0x9D35, 0x9D35, 0x9D35, 0x9D35, 0x9D35, 0x9D35, 0x9D35,
  0x9D35, 0x9D35, 0x9D35, 0x9D35, 0x9D35, 0x9D35, 0x9D35, 0x9D35,
  0x9D35, 0x9D35, 0x9D35, 0x9D35, 0x9D35, 0x9D35, 0x9D35, 0x9D35,
  0x9D35, 0x9D35, 0x9D35, 0x9D35, 0x9D35, 0x9D35, 0x9D35, 0x0000,
  0x0000, 0x0000, 0x0000, 0x0000, 0x0000, 0x0000, 0x0000, 0x0000,
  0x0000, 0x0000, 0x0000, 0x0000, 0x0000, 0x0000, 0x0000, 0x0000,
  0x0000, 0x0000, 0x9D35, 0x9D35, 0x9D35, 0x9D35, 0x9D35, 0x9D35,
  0x9D35, 0x9D35, 0x9D35, 0x9D35, 0x9D35, 0x9D35, 0x9D35, 0x9D35,
  0x9D35, 0x9D35, 0x9D35, 0x9D35, 0x9D35, 0x9D35, 0x9D35, 0x9D35,
  0x9D35, 0x9D35, 0x9D35, 0x9D35, 0x9D35, 0x9D35, 0x9D35, 0x9D35,
  0x9D35, 0x9D35, 0x9D35, 0x9D35, 0x9D35, 0x9D35, 0x9D35, 0x9D35,
  0x9D35, 0x9D35, 0x9D35, 0x9D35, 0x9D35, 0x9D35, 0x9D35, 0x0000,
  0x0000, 0x0000, 0x0000, 0x0000, 0x0000, 0x0000, 0x0000, 0x0000,
  0x0000, 0x0000, 0x0000, 0x0000, 0x0000, 0x0000, 0x0000, 0x0000,
  0x0000, 0x0000, 0x9D35, 0x9D35, 0x9D35, 0x9D35, 0x9D35, 0x9D35,
  0x9D35, 0x9D35, 0x9D35, 0x9D35, 0x9D35, 0x9D35, 0x9D35, 0x9D35,
  0x9D35, 0x9D35, 0x9D35, 0x9D35, 0x9D35, 0x9D35, 0x9D35, 0x9D35,
  0x9D35, 0x9D35, 0x9D35, 0x9D35, 0x9D35, 0x9D35, 0x9D35, 0x9D35,
  0x9D35, 0x9D35, 0x9D35, 0x9D35, 0x9D35, 0x9D35, 0x9D35, 0x9D35,
  0x9D35, 0x9D35, 0x9D35, 0x9D35, 0x9D35, 0x9D35, 0x9D35, 0x0000,
  0x0000, 0x0000, 0x0000, 0x0000, 0x0000, 0x0000, 0x0000, 0x0000,
  0x0000, 0x0000, 0x0000, 0x0000, 0x0000, 0x0000, 0x0000, 0x0000,
  0x0000, 0x0000, 0x9D35, 0x9D35, 0x9D35, 0x9D35, 0x9D35, 0x9D35,
  0x9D35, 0x9D35, 0x9D35, 0x9D35, 0x9D35, 0x9D35, 0x9D35, 0x9D35,
  0x9D35, 0x9D35, 0x9D35, 0x9D35, 0x9D35, 0x9D35, 0x9D35, 0x9D35,
  0x9D35, 0x9D35, 0x9D35, 0x9D35, 0x9D35, 0x9D35, 0x9D35, 0x9D35,
  0x9D35, 0x9D35, 0x9D35, 0x9D35, 0x9D35, 0x9D35, 0x9D35, 0x9D35,
  0x9D35, 0x9D35, 0x9D35, 0x9D35, 0x9D35, 0x9D35, 0x9D35, 0x0000,
  0x0000, 0x0000, 0x0000, 0x0000, 0x0000, 0x0000, 0x0000, 0x0000,
  0x0000, 0x0000, 0x0000, 0x0000, 0x0000, 0x0000, 0x0000, 0x0000,
  0x0000, 0x0000, 0x9D35, 0x9D35, 0x9D35, 0x9D35, 0x9D35, 0x9D35,
  0x9D35, 0x9D35, 0x9D35, 0x9D35, 0x9D35, 0x9D35, 0x9D35, 0x9D35,
  0x9D35, 0x9D35, 0x9D35, 0x9D35, 0x9D35, 0x9D35, 0x9D35, 0x9D35,
  0x9D35, 0x9D35, 0x9D35, 0x9D35, 0x9D35, 0x9D35, 0x9D35, 0x9D35,
  0x9D35, 0x9D35, 0x9D35, 0x9D35, 0x9D35, 0x9D35, 0x9D35, 0x9D35,
  0x9D35, 0x9D35, 0x9D35, 0x9D35, 0x9D35, 0x9D35, 0x9D35, 0x0000,
  0x0000, 0x0000, 0x0000, 0x0000, 0x0000, 0x0000, 0x0000, 0x0000,
  0x0000, 0x0000, 0x0000, 0x0000, 0x0000, 0x0000, 0x0000, 0x0000,
  0x0000, 0x0000, 0x9D35, 0x9D35, 0x9D35, 0x9D35, 0x9D35, 0x9D35,
  0x9D35, 0x9D35, 0x9D35, 0x9D35, 0x9D35, 0x9D35, 0x9D35, 0x9D35,
  0x9D35, 0x9D35, 0x9D35, 0x9D35, 0x9D35, 0x9D35, 0x9D35, 0x9D35,
  0x9D35, 0x9D35, 0x9D35, 0x9D35, 0x9D35, 0x9D35, 0x9D35, 0x9D35,
  0x9D35, 0x9D35, 0x9D35, 0x9D35, 0x9D35, 0x9D35, 0x9D35, 0x9D35,
  0x9D35, 0x9D35, 0x9D35, 0x9D35, 0x9D35, 0x9D35, 0x9D35, 0x0000,
  0x0000, 0x0000, 0x0000, 0x0000, 0x0000, 0x0000, 0x0000, 0x0000,
  0x0000, 0x0000, 0x0000, 0x0000, 0x0000, 0x0000, 0x0000, 0x0000,
  0x0000, 0x0000, 0x0000, 0x0000, 0x0000, 0x0000, 0x0000, 0x0000,
  0x0000, 0x0000, 0x0000, 0x0000, 0x0000, 0x0000, 0x0000, 0x0000,
  0x0000, 0x0000, 0x0000, 0x0000, 0x0000, 0x0000, 0x0000, 0x0000,
  0x0000, 0x0000, 0x0000, 0x0000, 0x0000, 0x0000, 0x0000, 0x0000,
  0x0000, 0x0000, 0x0000, 0x0000, 0x0000, 0x0000, 0x0000, 0x0000,
  0x0000, 0x0000, 0x0000, 0x0000, 0x0000, 0x0000, 0x0000, 0x0000,
  0x0000, 0x0000, 0x0000, 0x0000, 0x0000, 0x0000, 0x0000, 0x0000,
  0x0000, 0x0000, 0x0000, 0x0000, 0x0000, 0x0000, 0x0000, 0x0000,
  0x0000, 0x0000, 0x0000, 0x0000, 0x0000, 0x0000, 0x0000, 0x0000,
  0x0000, 0x0000, 0x0000, 0x0000, 0x0000, 0x0000, 0x0000, 0x0000,
  0x0000, 0x0000, 0x0000, 0x0000, 0x0000, 0x0000, 0x0000, 0x0000,
  0x0000, 0x0000, 0x0000, 0x0000, 0x0000, 0x0000, 0x0000, 0x0000,
  0x0000, 0x0000, 0x0000, 0x0000, 0x0000, 0x0000, 0x0000, 0x0000,
  0x0000, 0x0000, 0x0000, 0x0000, 0x0000, 0x0000, 0x0000, 0x0000,
  0x0000, 0x0000, 0x0000, 0x0000, 0x0000, 0x0000, 0x0000, 0x0000,
  0x0000, 0x0000, 0x0000, 0x0000, 0x0000, 0x0000, 0x0000, 0x0000,
  0x0000, 0x0000, 0x0000, 0x0000, 0x0000, 0x0000, 0x0000, 0x0000,
  0x0000, 0x0000, 0x0000, 0x0000, 0x0000, 0x0000, 0x0000, 0x0000,
  0x0000, 0x0000, 0x0000, 0x0000, 0x0000, 0x0000, 0x0000, 0x0000,
  0x0000, 0x0000, 0x0000, 0x0000, 0x0000, 0x0000, 0x0000, 0x0000,
  0x0000, 0x0000, 0x0000, 0x0000, 0x0000, 0x0000, 0x0000, 0x0000,
  0x0000, 0x0000, 0x0000, 0x0000, 0x0000, 0x0000, 0x0000, 0x0000,
  0x0000, 0x0000, 0x0000, 0x0000, 0x0000, 0x0000, 0x0000, 0x0000,
  0x0000, 0x0000, 0x0000, 0x0000, 0x0000, 0x0000, 0x0000, 0x0000,
  0x0000, 0x0000, 0x0000, 0x0000, 0x0000, 0x0000, 0x0000, 0x0000,
  0x0000, 0x0000, 0x0000, 0x0000, 0x0000, 0x0000, 0x0000, 0x0000,
  0x0000, 0x0000, 0x0000, 0x0000, 0x0000, 0x0000, 0x0000, 0x0000,
  0x0000, 0x0000, 0x0000, 0x0000, 0x0000, 0x0000, 0x0000, 0x0000,
  0x0000, 0x0000, 0x0000, 0x0000, 0x0000, 0x0000, 0x0000, 0x0000,
  0x0000, 0x0000, 0x0000, 0x0000, 0x0000, 0x0000, 0x0000, 0x0000,
  0x0000, 0x0000, 0x0000, 0x0000, 0x0000, 0x0000, 0x0000, 0x0000,
  0x0000, 0x0000, 0x0000, 0x0000, 0x0000, 0x0000, 0x0000, 0x0000,
  0x0000, 0x0000, 0x0000, 0x0000, 0x0000, 0x0000, 0x0000, 0x0000,
  0x0000, 0x0000, 0x0000, 0x0000, 0x0000, 0x0000, 0x0000, 0x0000,
  0x0000, 0x0000, 0x0000, 0x0000, 0x0000, 0x0000, 0x0000, 0x0000,
  0x0000, 0x0000, 0x0000, 0x0000, 0x0000, 0x0000, 0x0000, 0x0000,
  0x0000, 0x0000, 0x0000, 0x0000, 0x0000, 0x0000, 0x0000, 0x0000,
  0x0000, 0x0000, 0x0000, 0x0000, 0x0000, 0x0000, 0x0000, 0x0000,
  0x0000, 0x0000, 0x0000, 0x0000, 0x0000, 0x0000, 0x0000, 0x0000,
  0x0000, 0x0000, 0x0000, 0x0000, 0x0000, 0x0000, 0x0000, 0x0000,
  0x0000, 0x0000, 0x0000, 0x0000, 0x0000, 0x0000, 0x3E9C, 0x3E9C,
  0x0000, 0x0000, 0x0000, 0x0000, 0x0000, 0x0000, 0x0000, 0x3E9C,
  0x3E9C, 0x0000, 0x0000, 0x0000, 0x0000, 0x0000, 0x0000, 0x0000,
  0x3E9C, 0x3E9C, 0x0000, 0x0000, 0x0000, 0x0000, 0x0000, 0x0000,
  0x0000, 0x3E9C, 0x3E9C, 0x0000, 0x0000, 0x0000, 0x0000, 0x0000,
  0x0000, 0x0000, 0x3E9C, 0x3E9C, 0x0000, 0x0000, 0x0000, 0x0000,
  0x0000, 0x0000, 0x0000, 0x0000, 0x0000, 0x0000, 0x0000, 0x0000,
  0x0000, 0x0000, 0x0000, 0x0000, 0x0000, 0x0000, 0x0000, 0x0000,
  0x0000, 0x0000, 0x0000, 0x0000, 0x0000, 0x0000, 0x3E9C, 0x3E9C,
  0x0000, 0x0000, 0x0000, 0x0000, 0x0000, 0x0000, 0x0000, 0x3E9C,
  0x3E9C, 0x0000, 0x0000, 0x0000, 0x0000, 0x0000, 0x0000, 0x0000,
  0x3E9C, 0x3E9C, 0x0000, 0x0000, 0x0000, 0x0000, 0x0000, 0x0000,
  0x0000, 0x3E9C, 0x3E9C, 0x0000, 0x0000, 0x0000, 0x0000, 0x0000,
  0x0000, 0x0000, 0x3E9C, 0x3E9C, 0x0000, 0x0000, 0x0000, 0x0000,
  0x0000, 0x0000, 0x0000, 0x0000, 0x0000, 0x0000, 0x0000, 0x0000,
  0x0000, 0x0000, 0x0000, 0x0000, 0x0000, 0x0000, 0x0000, 0x0000,
  0x0000, 0x0000, 0x0000, 0x0000, 0x0000, 0x0000, 0x3E9C, 0x0000,
  0x0000, 0x0000, 0x0000, 0x0000, 0x0000, 0x0000, 0x0000, 0x3E9C,
  0x0000, 0x0000, 0x0000, 0x0000, 0x0000, 0x0000, 0x0000, 0x0000,
  0x3E9C, 0x0000, 0x0000, 0x0000, 0x0000, 0x0000, 0x0000, 0x0000,
  0x0000, 0x3E9C, 0x0000, 0x0000, 0x0000, 0x0000, 0x0000, 0x0000,
  0x0000, 0x0000, 0x3E9C, 0x0000, 0x0000, 0x0000, 0x0000, 0x0000,
  0x0000, 0x0000, 0x0000, 0x0000, 0x0000, 0x0000, 0x0000, 0x0000,
  0x0000, 0x0000, 0x0000, 0x0000, 0x0000, 0x0000, 0x0000, 0x0000,
  0x0000, 0x0000, 0x0000, 0x0000, 0x0000, 0x3E9C, 0x3E9C, 0x0000,
  0x0000, 0x0000, 0x0000, 0x0000, 0x0000, 0x0000, 0x3E9C, 0x3E9C,
  0x0000, 0x0000, 0x0000, 0x0000, 0x0000, 0x0000, 0x0000, 0x3E9C,
  0x3E9C, 0x0000, 0x0000, 0x0000, 0x0000, 0x0000, 0x0000, 0x0000,
  0x3E9C, 0x3E9C, 0x0000, 0x0000, 0x0000, 0x0000, 0x0000, 0x0000,
  0x0000, 0x3E9C, 0x3E9C, 0x0000, 0x0000, 0x0000, 0x0000, 0x0000,
  0x0000, 0x0000, 0x0000, 0x0000, 0x0000, 0x0000, 0x0000, 0x0000,
  0x0000, 0x0000, 0x0000, 0x0000, 0x0000, 0x0000, 0x0000, 0x0000,
  0x0000, 0x0000, 0x0000, 0x0000, 0x0000, 0x3E9C, 0x3E9C, 0x0000,
  0x0000, 0x0000, 0x0000, 0x0000, 0x0000, 0x0000, 0x3E9C, 0x3E9C,
  0x0000, 0x0000, 0x0000, 0x0000, 0x0000, 0x0000, 0x0000, 0x3E9C,
  0x3E9C, 0x0000, 0x0000, 0x0000, 0x0000, 0x0000, 0x0000, 0x0000,
  0x3E9C, 0x3E9C, 0x0000, 0x0000, 0x0000, 0x0000, 0x0000, 0x0000,
  0x0000, 0x3E9C, 0x3E9C, 0x0000, 0x0000, 0x0000, 0x0000, 0x0000,
  0x0000, 0x0000, 0x0000, 0x0000, 0x0000, 0x0000, 0x0000, 0x0000,
  0x0000, 0x0000, 0x0000, 0x0000, 0x0000, 0x0000, 0x0000, 0x0000,
  0x0000, 0x0000, 0x0000, 0x0000, 0x0000, 0x3E9C, 0x3E9C, 0x0000,
  0x0000, 0x0000, 0x0000, 0x0000, 0x0000, 0x0000, 0x3E9C, 0x3E9C,
  0x0000, 0x0000, 0x0000, 0x0000, 0x0000, 0x0000, 0x0000, 0x3E9C,
  0x3E9C, 0x0000, 0x0000, 0x0000, 0x0000, 0x0000, 0x0000, 0x0000,
  0x3E9C, 0x3E9C, 0x0000, 0x0000, 0x0000, 0x0000, 0x0000, 0x0000,
  0x0000, 0x3E9C, 0x3E9C, 0x0000, 0x0000, 0x0000, 0x0000, 0x0000,
  0x0000, 0x0000, 0x0000, 0x0000, 0x0000, 0x0000, 0x0000, 0x0000,
  0x0000, 0x0000, 0x0000, 0x0000, 0x0000, 0x0000, 0x0000, 0x0000,
  0x0000, 0x0000, 0x0000, 0x0000, 0x0000, 0x3E9C, 0x0000, 0x0000,
  0x0000, 0x0000, 0x14B5, 0x14B5, 0x0000, 0x0000, 0x3E9C, 0x0000,
  0x0000, 0x0000, 0x0000, 0x14B5, 0x14B5, 0x0000, 0x0000, 0x3E9C,
  0x0000, 0x0000, 0x0000, 0x0000, 0x14B5, 0x14B5, 0x0000, 0x0000,
  0x3E9C, 0x0000, 0x0000, 0x0000, 0x0000, 0x14B5, 0x14B5, 0x0000,
  0x0000, 0x3E9C, 0x0000, 0x0000, 0x0000, 0x0000, 0x0000, 0x0000,
  0x0000, 0x0000, 0x0000, 0x0000, 0x0000, 0x0000, 0x0000, 0x0000,
  0x0000, 0x0000, 0x0000, 0x0000, 0x0000, 0x0000, 0x0000, 0x0000,
  0x0000, 0x0000, 0x0000, 0x0000, 0x3E9C, 0x3E9C, 0x0000, 0x0000,
  0x0000, 0x0000, 0x14B5, 0x14B5, 0x0000, 0x3E9C, 0x3E9C, 0x0000,
  0x0000, 0x0000, 0x0000, 0x14B5, 0x14B5, 0x0000, 0x3E9C, 0x3E9C,
  0x0000, 0x0000, 0x0000, 0x0000, 0x14B5, 0x14B5, 0x0000, 0x3E9C,
  0x3E9C, 0x0000, 0x0000, 0x0000, 0x0000, 0x14B5, 0x14B5, 0x0000,
  0x3E9C, 0x3E9C, 0x0000, 0x0000, 0x0000, 0x0000, 0x0000, 0x0000,
  0x0000, 0x0000, 0x0000, 0x0000, 0x0000, 0x0000, 0x0000, 0x0000,
  0x0000, 0x0000, 0x0000, 0x0000, 0x0000, 0x0000, 0x0000, 0x0000,
  0x0000, 0x0000, 0x0000, 0x0000, 0x3E9C, 0x3E9C, 0x0000, 0x0000,
  0x0000, 0x0000, 0x14B5, 0x0000, 0x0000, 0x3E9C, 0x3E9C, 0x0000,
  0x0000, 0x0000, 0x0000, 0x14B5, 0x0000, 0x0000, 0x3E9C, 0x3E9C,
  0x0000, 0x0000, 0x0000, 0x0000, 0x14B5, 0x0000, 0x0000, 0x3E9C,
  0x3E9C, 0x0000, 0x0000, 0x0000, 0x0000, 0x14B5, 0x0000, 0x0000,
  0x3E9C, 0x3E9C, 0x0000, 0x0000, 0x0000, 0x0000, 0x0000, 0x0000,
  0x0000, 0x0000, 0x0000, 0x0000, 0x0000, 0x0000, 0x0000, 0x0000,
  0x0000, 0x0000, 0x0000, 0x0000, 0x0000, 0x0000, 0x0000, 0x0000,
  0x0000, 0x0000, 0x0000, 0x0000, 0x3E9C, 0x3E9C, 0x0000, 0x0000,
  0x0000, 0x14B5, 0x14B5, 0x0000, 0x0000, 0x3E9C, 0x3E9C, 0x0000,
  0x0000, 0x0000, 0x14B5, 0x14B5, 0x0000, 0x0000, 0x3E9C, 0x3E9C,
  0x0000, 0x0000, 0x0000, 0x14B5, 0x14B5, 0x0000, 0x0000, 0x3E9C,
  0x3E9C, 0x0000, 0x0000, 0x0000, 0x14B5, 0x14B5, 0x0000, 0x0000,
  0x3E9C, 0x3E9C, 0x0000, 0x0000, 0x0000, 0x0000, 0x0000, 0x0000,
  0x0000, 0x0000, 0x0000, 0x0000, 0x0000, 0x0000, 0x0000, 0x0000,
  0x0000, 0x0000, 0x0000, 0x0000, 0x0000, 0x0000, 0x0000, 0x0000,
  0x0000, 0x0000, 0x0000, 0x0000, 0x3E9C, 0x0000, 0x0000, 0x0000,
  0x0000, 0x14B5, 0x14B5, 0x0000, 0x0000, 0x3E9C, 0x0000, 0x0000,
  0x0000, 0x0000, 0x14B5, 0x14B5, 0x0000, 0x0000, 0x3E9C, 0x0000,
  0x0000, 0x0000, 0x0000, 0x14B5, 0x14B5, 0x0000, 0x0000, 0x3E9C,
  0x0000, 0x0000, 0x0000, 0x0000, 0x14B5, 0x14B5, 0x0000, 0x0000,
  0x3E9C, 0x0000, 0x0000, 0x0000, 0x0000, 0x0000, 0x0000, 0x0000,
  0x0000, 0x0000, 0x0000, 0x0000, 0x0000, 0x0000, 0x0000, 0x0000,
  0x0000, 0x0000, 0x0000, 0x0000, 0x0000, 0x0000, 0x0000, 0x0000,
  0x0000, 0x0000, 0x0000, 0x3E9C, 0x3E9C, 0x0000, 0x0000, 0x0000,
  0x0000, 0x14B5, 0x14B5, 0x0000, 0x3E9C, 0x3E9C, 0x0000, 0x0000,
  0x0000, 0x0000, 0x14B5, 0x14B5, 0x0000, 0x3E9C, 0x3E9C, 0x0000,
  0x0000, 0x0000, 0x0000, 0x14B5, 0x14B5, 0x0000, 0x3E9C, 0x3E9C,
  0x0000, 0x0000, 0x0000, 0x0000, 0x14B5, 0x14B5, 0x0000, 0x3E9C,
  0x3E9C, 0x0000, 0x0000, 0x0000, 0x0000, 0x0000, 0x0000, 0x0000,
  0x0000, 0x0000, 0x0000, 0x0000, 0x0000, 0x0000, 0x0000, 0x0000,
  0x0000, 0x0000, 0x0000, 0x0000, 0x0000, 0x0000, 0x0000, 0x0000,
  0x0000, 0x0000, 0x0000, 0x3E9C, 0x3E9C, 0x0000, 0x0000, 0x0000,
  0x0000, 0x14B5, 0x0000, 0x0000, 0x3E9C, 0x3E9C, 0x0000, 0x0000,
  0x0000, 0x0000, 0x14B5, 0x0000, 0x0000, 0x3E9C, 0x3E9C, 0x0000,
  0x0000, 0x0000, 0x0000, 0x14B5, 0x0000, 0x0000, 0x3E9C, 0x3E9C,
  0x0000, 0x0000, 0x0000, 0x0000, 0x14B5, 0x0000, 0x0000, 0x3E9C,
  0x3E9C, 0x0000, 0x0000, 0x0000, 0x0000, 0x0000, 0x0000, 0x0000,
  0x0000, 0x0000, 0x0000, 0x0000, 0x0000, 0x0000, 0x0000, 0x0000,
  0x0000, 0x0000, 0x0000, 0x0000, 0x0000, 0x0000, 0x0000, 0x0000,
  0x0000, 0x0000, 0x0000, 0x0000, 0x0000, 0x0000, 0x0000, 0x0000,
  0x14B5, 0x14B5, 0x0000, 0x0000, 0x0000, 0x0000, 0x0000, 0x0000,
  0x0000, 0x14B5, 0x14B5, 0x0000, 0x0000, 0x0000, 0x0000, 0x0000,
  0x0000, 0x0000, 0x14B5, 0x14B5, 0x0000, 0x0000, 0x0000, 0x0000,
  0x0000, 0x0000, 0x0000, 0x14B5, 0x14B5, 0x0000, 0x0000, 0x0000,
  0x0000, 0x0000, 0x0000, 0x0000, 0x0000, 0x0000, 0x0000, 0x0000,
  0x0000, 0x0000, 0x0000, 0x0000, 0x0000, 0x0000, 0x0000, 0x0000,
  0x0000, 0x0000, 0x0000, 0x0000, 0x0000, 0x0000, 0x0000, 0x0000,
  0x0000, 0x0000, 0x0000, 0x0000, 0x0000, 0x0000, 0x0000, 0x0000,
  0x14B5, 0x14B5, 0x0000, 0x0000, 0x0000, 0x0000, 0x0000, 0x0000,
  0x0000, 0x14B5, 0x14B5, 0x0000, 0x0000, 0x0000, 0x0000, 0x0000,
  0x0000, 0x0000, 0x14B5, 0x14B5, 0x0000, 0x0000, 0x0000, 0x0000,
  0x0000, 0x0000, 0x0000, 0x14B5, 0x14B5, 0x0000, 0x0000, 0x0000,
  0x0000, 0x0000, 0x0000, 0x0000, 0x0000, 0x0000, 0x0000, 0x0000,
  0x0000, 0x0000, 0x0000, 0x0000, 0x0000, 0x0000, 0x0000, 0x0000,
  0x0000, 0x0000, 0x0000, 0x0000, 0x0000, 0x0000, 0x0000, 0x0000,
  0x0000, 0x0000, 0x0000, 0x0000, 0x0000, 0x0000, 0x0000, 0x0000,
  0x14B5, 0x14B5, 0x0000, 0x0000, 0x0000, 0x0000, 0x0000, 0x0000,
  0x0000, 0x14B5, 0x14B5, 0x0000, 0x0000, 0x0000, 0x0000, 0x0000,
  0x0000, 0x0000, 0x14B5, 0x14B5, 0x0000, 0x0000, 0x0000, 0x0000,
  0x0000, 0x0000, 0x0000, 0x14B5, 0x14B5, 0x0000, 0x0000, 0x0000,
  0x0000, 0x0000, 0x0000, 0x0000, 0x0000, 0x0000, 0x0000, 0x0000,
  0x0000, 0x0000, 0x0000, 0x0000, 0x0000, 0x0000, 0x0000, 0x0000,
  0x0000, 0x0000, 0x0000, 0x0000, 0x0000, 0x0000, 0x0000, 0x0000,
  0x0000, 0x0000, 0x0000, 0x0000, 0x0000, 0x0000, 0x0000, 0x0000,
  0x14B5, 0x0000, 0x0000, 0x0000, 0x0000, 0x0000, 0x0000, 0x0000,
  0x0000, 0x14B5, 0x0000, 0x0000, 0x0000, 0x0000, 0x0000, 0x0000,
  0x0000, 0x0000, 0x14B5, 0x0000, 0x0000, 0x0000, 0x0000, 0x0000,
  0x0000, 0x0000, 0x0000, 0x14B5, 0x0000, 0x0000, 0x0000, 0x0000,
  0x0000, 0x0000, 0x0000, 0x0000, 0x0000, 0x0000, 0x0000, 0x0000,
  0x0000, 0x0000, 0x0000, 0x0000, 0x0000, 0x0000, 0x0000, 0x0000,
  0x0000, 0x0000, 0x0000, 0x0000, 0x0000, 0x0000, 0x0000, 0x0000,
  0x0000, 0x0000, 0x0000, 0x0000, 0x0000, 0x0000, 0x0000, 0x14B5,
  0x14B5, 0x0000, 0x0000, 0x0000, 0x0000, 0x0000, 0x0000, 0x0000,
  0x14B5, 0x14B5, 0x0000, 0x0000, 0x0000, 0x0000, 0x0000, 0x0000,
  0x0000, 0x14B5, 0x14B5, 0x0000, 0x0000, 0x0000, 0x0000, 0x0000,
  0x0000, 0x0000, 0x14B5, 0x14B5, 0x0000, 0x0000, 0x0000, 0x0000,
  0x0000, 0x0000, 0x0000, 0x0000, 0x0000, 0x0000, 0x0000, 0x0000,
  0x0000, 0x0000, 0x0000, 0x0000, 0x0000, 0x0000, 0x0000, 0x0000,
  0x0000, 0x0000, 0x0000, 0x0000, 0x0000, 0x0000, 0x0000, 0x0000,
  0x0000, 0x0000, 0x0000, 0x0000, 0x0000, 0x0000, 0x0000, 0x14B5,
  0x14B5, 0x0000, 0x0000, 0x0000, 0x0000, 0x0000, 0x0000, 0x0000,
  0x14B5, 0x14B5, 0x0000, 0x0000, 0x0000, 0x0000, 0x0000, 0x0000,
  0x0000, 0x14B5, 0x14B5, 0x0000, 0x0000, 0x0000, 0x0000, 0x0000,
  0x0000, 0x0000, 0x14B5, 0x14B5, 0x0000, 0x0000, 0x0000, 0x0000,
  0x0000, 0x0000, 0x0000, 0x0000, 0x0000, 0x0000, 0x0000, 0x0000,
  0x0000, 0x0000, 0x0000, 0x0000, 0x0000, 0x0000, 0x0000, 0x0000,
  0x0000, 0x0000, 0x0000, 0x0000, 0x0000, 0x0000, 0x0000, 0x0000,
  0x0000, 0x0000, 0x0000, 0x0000, 0x0000, 0x0000, 0x0000, 0x0000,
  0x0000, 0x0000, 0x0000, 0x0000, 0x0000, 0x0000, 0x0000, 0x0000,
  0x0000, 0x0000, 0x0000, 0x0000, 0x0000, 0x0000, 0x0000, 0x0000,
  0x0000, 0x0000, 0x0000, 0x0000, 0x0000, 0x0000, 0x0000, 0x0000,
  0x0000, 0x0000, 0x0000, 0x0000, 0x0000, 0x0000, 0x0000, 0x0000,
  0x0000, 0x0000, 0x0000, 0x0000, 0x0000, 0x0000, 0x0000, 0x0000,
  0x0000, 0x0000, 0x0000, 0x0000, 0x0000, 0x0000, 0x0000, 0x0000,
  0x0000, 0x0000, 0x0000, 0x0000, 0x0000, 0x0000, 0x0000, 0x0000,
  0x0000, 0x0000, 0x0000, 0x0000, 0x0000, 0x0000, 0x0000, 0x0000,
  0x0000, 0x0000, 0x0000, 0x0000, 0x0000, 0x0000, 0x0000, 0x0000,
  0x0000, 0x0000, 0x0000, 0x0000, 0x0000, 0x0000, 0x0000, 0x0000,
  0x0000, 0x0000, 0x0000, 0x0000, 0x0000, 0x0000, 0x0000, 0x0000,
  0x0000, 0x0000, 0x0000, 0x0000, 0x0000, 0x0000, 0x0000, 0x0000,
  0x0000, 0x0000, 0x0000, 0x0000, 0x0000, 0x0000, 0x0000, 0x0000,
  0x0000, 0x0000, 0x0000, 0x0000, 0x0000, 0x0000, 0x0000, 0x0000,
  0x0000, 0x0000, 0x0000, 0x0000, 0x0000, 0x0000, 0x0000, 0x0000,
  0x0000, 0x0000, 0x0000, 0x0000, 0x0000, 0x0000, 0x0000, 0x0000,
  0x0000, 0x0000, 0x0000, 0x0000, 0x0000, 0x0000, 0x0000, 0x0000,
  0x0000, 0x0000, 0x0000, 0x0000, 0x0000, 0x0000, 0x0000, 0x0000,
  0x0000, 0x0000, 0x0000, 0x0000, 0x0000, 0x0000, 0x0000, 0x0000,
  0x0000, 0x0000, 0x0000, 0x0000, 0x0000, 0x0000, 0x0000, 0x0000,
  0x0000, 0x0000, 0x0000, 0x0000, 0x0000, 0x0000, 0x0000, 0x0000,
  0x0000, 0x0000, 0x0000, 0x0000, 0x0000, 0x0000, 0x0000, 0x0000,
  0x0000, 0x0000, 0x0000, 0x0000, 0x0000, 0x0000, 0x0000, 0x0000,
  0x0000, 0x0000, 0x0000, 0x0000, 0x0000, 0x0000, 0x0000, 0x0000,
  0x0000, 0x0000, 0x0000, 0x0000, 0x0000, 0x0000, 0x0000, 0x0000,
  0x0000, 0x0000, 0x0000, 0x0000, 0x0000, 0x0000, 0x0000, 0x0000,
  0x0000, 0x0000, 0x0000, 0x0000, 0x0000, 0x0000, 0x0000, 0x0000,
  0x0000, 0x0000, 0x0000, 0x0000, 0x0000, 0x0000, 0x0000, 0x0000,
  0x0000, 0x0000, 0x0000, 0x0000, 0x0000, 0x0000, 0x0000, 0x0000,
  0x0000, 0x0000, 0x0000, 0x0000, 0x0000, 0x0000, 0x0000, 0x0000,
  0x0000, 0x0000, 0x0000, 0x0000, 0x0000, 0x0000, 0x0000, 0x0000,
  0x0000, 0x0000, 0x0000, 0x0000, 0x0000, 0x0000, 0x0000, 0x0000,
  0x0000, 0x0000, 0x0000, 0x0000, 0x0000, 0x0000, 0x0000, 0x0000,
  0x0000, 0x0000, 0x0000, 0x0000, 0x0000, 0x0000, 0x0000, 0x0000,
  0x0000, 0x0000, 0x0000, 0x0000, 0x0000, 0x0000, 0x0000, 0x0000,
  0x0000, 0x0000, 0x0000, 0x0000, 0x0000, 0x0000, 0x0000, 0x0000,
  0x0000, 0x0000, 0x0000, 0x0000, 0x0000, 0x0000, 0x0000, 0x0000,
  0x0000, 0x0000, 0x0000, 0x0000, 0x0000, 0x0000, 0x0000, 0x0000,
};

static const uint16_t icon_snow[4096] PROGMEM = {
  0x0000, 0x0000, 0x0000, 0x0000, 0x0000, 0x0000, 0x0000, 0x0000,
  0x0000, 0x0000, 0x0000, 0x0000, 0x0000, 0x0000, 0x0000, 0x0000,
  0x0000, 0x0000, 0x0000, 0x0000, 0x0000, 0x0000, 0x0000, 0x0000,
  0x0000, 0x0000, 0xDF3E, 0xDF3E, 0xDF3E, 0xDF3E, 0xDF3E, 0xDF3E,
  0xDF3E, 0xDF3E, 0xDF3E, 0xDF3E, 0xDF3E, 0xDF3E, 0xDF3E, 0x0000,
  0x0000, 0x0000, 0x0000, 0x0000, 0x0000, 0x0000, 0x0000, 0x0000,
  0x0000, 0x0000, 0x0000, 0x0000, 0x0000, 0x0000, 0x0000, 0x0000,
  0x0000, 0x0000, 0x0000, 0x0000, 0x0000, 0x0000, 0x0000, 0x0000,
  0x0000, 0x0000, 0x0000, 0x0000, 0x0000, 0x0000, 0x0000, 0x0000,
  0x0000, 0x0000, 0x0000, 0x0000, 0x0000, 0x0000, 0x0000, 0x0000,
  0x0000, 0x0000, 0x0000, 0x0000, 0x0000, 0x0000, 0x0000, 0x0000,
  0x0000, 0xDF3E, 0xDF3E, 0xDF3E, 0xDF3E, 0xDF3E, 0xDF3E, 0xDF3E,
  0xDF3E, 0xDF3E, 0xDF3E, 0xDF3E, 0xDF3E, 0xDF3E, 0xDF3E, 0xDF3E,
  0x0000, 0x0000, 0x0000, 0x0000, 0x0000, 0x0000, 0x0000, 0x0000,
  0x0000, 0x0000, 0x0000, 0x0000, 0x0000, 0x0000, 0x0000, 0x0000,
  0x0000, 0x0000, 0x0000, 0x0000, 0x0000, 0x0000, 0x0000, 0x0000,
  0x0000, 0x0000, 0x0000, 0x0000, 0x0000, 0x0000, 0x0000, 0x0000,
  0x0000, 0x0000, 0x0000, 0x0000, 0x0000, 0x0000, 0x0000, 0x0000,
  0x0000, 0x0000, 0x0000, 0x0000, 0x0000, 0x0000, 0x0000, 0xDF3E,
  0xDF3E, 0xDF3E, 0xDF3E, 0xDF3E, 0xDF3E, 0xDF3E, 0xDF3E, 0xDF3E,
  0xDF3E, 0xDF3E, 0xDF3E, 0xDF3E, 0xDF3E, 0xDF3E, 0xDF3E, 0xDF3E,
  0xDF3E, 0xDF3E, 0x0000, 0x0000, 0x0000, 0x0000, 0x0000, 0x0000,
  0x0000, 0x0000, 0x0000, 0x0000, 0x0000, 0x0000, 0x0000, 0x0000,
  0x0000, 0x0000, 0x0000, 0x0000, 0x0000, 0x0000, 0x0000, 0x0000,
  0x0000, 0x0000, 0x0000, 0x0000, 0x0000, 0x0000, 0x0000, 0x0000,
  0x0000, 0x0000, 0x0000, 0x0000, 0x0000, 0x0000, 0x0000, 0x0000,
  0x0000, 0x0000, 0x0000, 0x0000, 0x0000, 0x0000, 0xDF3E, 0xDF3E,
  0xDF3E, 0xDF3E, 0xDF3E, 0xDF3E, 0xDF3E, 0xDF3E, 0xDF3E, 0xDF3E,
  0xDF3E, 0xDF3E, 0xDF3E, 0xDF3E, 0xDF3E, 0xDF3E, 0xDF3E, 0xDF3E,
  0xDF3E, 0xDF3E, 0xDF3E, 0x0000, 0x0000, 0x0000, 0x0000, 0x0000,
  0x0000, 0x0000, 0x0000, 0x0000, 0x0000, 0x0000, 0x0000, 0x0000,
  0x0000, 0x0000, 0x0000, 0x0000, 0x0000, 0x0000, 0x0000, 0x0000,
  0x0000, 0x0000, 0x0000, 0x0000, 0x0000, 0x0000, 0x0000, 0x0000,
  0x0000, 0x0000, 0x0000, 0x0000, 0x0000, 0x0000, 0x0000, 0x0000,
  0x0000, 0x0000, 0x0000, 0x0000, 0x0000, 0xDF3E, 0xDF3E, 0xDF3E,
  0xDF3E, 0xDF3E, 0xDF3E, 0xDF3E, 0xDF3E, 0xDF3E, 0xDF3E, 0xDF3E,
  0xDF3E, 0xDF3E, 0xDF3E, 0xDF3E, 0xDF3E, 0xDF3E, 0xDF3E, 0xDF3E,
  0xDF3E, 0xDF3E, 0xDF3E, 0xDF3E, 0x0000, 0x0000, 0x0000, 0x0000,
  0x0000, 0x0000, 0x0000, 0x0000, 0x0000, 0x0000, 0x0000, 0x0000,
  0x0000, 0x0000, 0x0000, 0x0000, 0x0000, 0x0000, 0x0000, 0x0000,
  0x0000, 0x0000, 0x0000, 0x0000, 0x0000, 0x0000, 0x0000, 0x0000,
  0x0000, 0x0000, 0x0000, 0x0000, 0x0000, 0x0000, 0x0000, 0x0000,
  0x0000, 0x0000, 0x0000, 0x0000, 0x0000, 0xDF3E, 0xDF3E, 0xDF3E,
  0xDF3E, 0xDF3E, 0xDF3E, 0xDF3E, 0xDF3E, 0xDF3E, 0xDF3E, 0xDF3E,
  0xDF3E, 0xDF3E, 0xDF3E, 0xDF3E, 0xDF3E, 0xDF3E, 0xDF3E, 0xDF3E,
  0xDF3E, 0xDF3E, 0xDF3E, 0xDF3E, 0x0000, 0x0000, 0x0000, 0x0000,
  0x0000, 0x0000, 0x0000, 0x0000, 0x0000, 0x0000, 0x0000, 0x0000,
  0x0000, 0x0000, 0x0000, 0x0000, 0x0000, 0x0000, 0x0000, 0x0000,
  0x0000, 0x0000, 0x0000, 0x0000, 0x0000, 0x0000, 0x0000, 0x0000,
  0x0000, 0x0000, 0x0000, 0x0000, 0x0000, 0x0000, 0x0000, 0x0000,
  0x0000, 0x0000, 0x0000, 0x0000, 0xDF3E, 0xDF3E, 0xDF3E, 0xDF3E,
  0xDF3E, 0xDF3E, 0xDF3E, 0xDF3E, 0xDF3E, 0xDF3E, 0xDF3E, 0xDF3E,
  0xDF3E, 0xDF3E, 0xDF3E, 0xDF3E, 0xDF3E, 0xDF3E, 0xDF3E, 0xDF3E,
  0xDF3E, 0xDF3E, 0xDF3E, 0xDF3E, 0xDF3E, 0xDF3E, 0xDF3E, 0xDF3E,
  0x0000, 0x0000, 0x0000, 0x0000, 0x0000, 0x0000, 0x0000, 0x0000,
  0x0000, 0x0000, 0x0000, 0x0000, 0x0000, 0x0000, 0x0000, 0x0000,
  0x0000, 0x0000, 0x0000, 0x0000, 0x0000, 0x0000, 0x0000, 0x0000,
  0x0000, 0x0000, 0x0000, 0x0000, 0x0000, 0x0000, 0x0000, 0x0000,
  0x0000, 0x0000, 0x0000, 0xDF3E, 0xDF3E, 0xDF3E, 0xDF3E, 0xDF3E,
  0xDF3E, 0xDF3E, 0xDF3E, 0xDF3E, 0xDF3E, 0xDF3E, 0xDF3E, 0xDF3E,
  0xDF3E, 0xDF3E, 0xDF3E, 0xDF3E, 0xDF3E, 0xDF3E, 0xDF3E, 0xDF3E,
  0xDF3E, 0xDF3E, 0xDF3E, 0xDF3E, 0xDF3E, 0xDF3E, 0xDF3E, 0xDF3E,
  0xDF3E, 0xDF3E, 0x0000, 0x0000, 0x0000, 0x0000, 0x0000, 0x0000,
  0x0000, 0x0000, 0x0000, 0x0000, 0x0000, 0x0000, 0x0000, 0x0000,
  0x0000, 0x0000, 0x0000, 0x0000, 0x0000, 0x0000, 0x0000, 0x0000,
  0x0000, 0x0000, 0x0000, 0x0000, 0x0000, 0x0000, 0x0000, 0x0000,
  0x0000, 0x0000, 0x0000, 0xDF3E, 0xDF3E, 0xDF3E, 0xDF3E, 0xDF3E,
  0xDF3E, 0xDF3E, 0xDF3E, 0xDF3E, 0xDF3E, 0xDF3E, 0xDF3E, 0xDF3E,
  0xDF3E, 0xDF3E, 0xDF3E, 0xDF3E, 0xDF3E, 0xDF3E, 0xDF3E, 0xDF3E,
  0xDF3E, 0xDF3E, 0xDF3E, 0xDF3E, 0xDF3E, 0xDF3E, 0xDF3E, 0xDF3E,
  0xDF3E, 0xDF3E, 0xDF3E, 0x0000, 0x0000, 0x0000, 0x0000, 0x0000,
  0x0000, 0x0000, 0x0000, 0x0000, 0x0000, 0x0000, 0x0000, 0x0000,
  0x0000, 0x0000, 0x0000, 0x0000, 0x0000, 0x0000, 0x0000, 0x0000,
  0x0000, 0x0000, 0x0000, 0x0000, 0x0000, 0x0000, 0x0000, 0x0000,
  0x0000, 0xDF3E, 0xDF3E, 0xDF3E, 0xDF3E, 0xDF3E, 0xDF3E, 0xDF3E,
  0xDF3E, 0xDF3E, 0xDF3E, 0xDF3E, 0xDF3E, 0xDF3E, 0xDF3E, 0xDF3E,
  0xDF3E, 0xDF3E, 0xDF3E, 0xDF3E, 0xDF3E, 0xDF3E, 0xDF3E, 0xDF3E,
  0xDF3E, 0xDF3E, 0xDF3E, 0xDF3E, 0xDF3E, 0xDF3E, 0xDF3E, 0xDF3E,
  0xDF3E, 0xDF3E, 0xDF3E, 0xDF3E, 0xDF3E, 0x0000, 0x0000, 0x0000,
  0x0000, 0x0000, 0x0000, 0x0000, 0x0000, 0x0000, 0x0000, 0x0000,
  0x0000, 0x0000, 0x0000, 0x0000, 0x0000, 0x0000, 0x0000, 0x0000,
  0x0000, 0x0000, 0x0000, 0x0000, 0x0000, 0x0000, 0x0000, 0x0000,
  0xDF3E, 0xDF3E, 0xDF3E, 0xDF3E, 0xDF3E, 0xDF3E, 0xDF3E, 0xDF3E,
  0xDF3E, 0xDF3E, 0xDF3E, 0xDF3E, 0xDF3E, 0xDF3E, 0xDF3E, 0xDF3E,
  0xDF3E, 0xDF3E, 0xDF3E, 0xDF3E, 0xDF3E, 0xDF3E, 0xDF3E, 0xDF3E,
  0xDF3E, 0xDF3E, 0xDF3E, 0xDF3E, 0xDF3E, 0xDF3E, 0xDF3E, 0xDF3E,
  0xDF3E, 0xDF3E, 0xDF3E, 0xDF3E, 0xDF3E, 0x0000, 0x0000, 0x0000,
  0x0000, 0x0000, 0x0000, 0x0000, 0x0000, 0x0000, 0x0000, 0x0000,
  0x0000, 0x0000, 0x0000, 0x0000, 0x0000, 0x0000, 0x0000, 0x0000,
  0x0000, 0x0000, 0x0000, 0x0000, 0x0000, 0x0000, 0x0000, 0xDF3E,
  0xDF3E, 0xDF3E, 0xDF3E, 0xDF3E, 0xDF3E, 0xDF3E, 0xDF3E, 0xDF3E,
  0xDF3E, 0xDF3E, 0xDF3E, 0xDF3E, 0xDF3E, 0xDF3E, 0xDF3E, 0xDF3E,
  0xDF3E, 0xDF3E, 0xDF3E, 0xDF3E, 0xDF3E, 0xDF3E, 0xDF3E, 0xDF3E,
  0xDF3E, 0xDF3E, 0xDF3E, 0xDF3E, 0xDF3E, 0xDF3E, 0xDF3E, 0xDF3E,
  0xDF3E, 0xDF3E, 0xDF3E, 0xDF3E, 0xDF3E, 0xDF3E, 0x0000, 0x0000,
  0x0000, 0x0000, 0x0000, 0x0000, 0x0000, 0x0000, 0x0000, 0x0000,
  0x0000, 0x0000, 0x0000, 0x0000, 0x0000, 0x0000, 0x0000, 0x0000,
  0x0000, 0x0000, 0x0000, 0x0000, 0x0000, 0x0000, 0xDF3E, 0xDF3E,
  0xDF3E, 0xDF3E, 0xDF3E, 0xDF3E, 0xDF3E, 0xDF3E, 0xDF3E, 0xDF3E,
  0xDF3E, 0xDF3E, 0xDF3E, 0xDF3E, 0xDF3E, 0xDF3E, 0xDF3E, 0xDF3E,
  0xDF3E, 0xDF3E, 0xDF3E, 0xDF3E, 0xDF3E, 0xDF3E, 0xDF3E, 0xDF3E,
  0xDF3E, 0xDF3E, 0xDF3E, 0xDF3E, 0xDF3E, 0xDF3E, 0xDF3E, 0xDF3E,
  0xDF3E, 0xDF3E, 0xDF3E, 0xDF3E, 0xDF3E, 0xDF3E, 0xDF3E, 0x0000,
  0x0000, 0x0000, 0x0000, 0x0000, 0x0000, 0x0000, 0x0000, 0x0000,
  0x0000, 0x0000, 0x0000, 0x0000, 0x0000, 0x0000, 0x0000, 0x0000,
  0x0000, 0x0000, 0x0000, 0x0000, 0x0000, 0xDF3E, 0xDF3E, 0xDF3E,
  0xDF3E, 0xDF3E, 0xDF3E, 0xDF3E, 0xDF3E, 0xDF3E, 0xDF3E, 0xDF3E,
  0xDF3E, 0xDF3E, 0xDF3E, 0xDF3E, 0xDF3E, 0xDF3E, 0xDF3E, 0xDF3E,
  0xDF3E, 0xDF3E, 0xDF3E, 0xDF3E, 0xDF3E, 0xDF3E, 0xDF3E, 0xDF3E,
  0xDF3E, 0xDF3E, 0xDF3E, 0xDF3E, 0xDF3E, 0xDF3E, 0xDF3E, 0xDF3E,
  0xDF3E, 0xDF3E, 0xDF3E, 0xDF3E, 0xDF3E, 0xDF3E, 0xDF3E, 0x0000,
  0x0000, 0x0000, 0x0000, 0x0000, 0x0000, 0x0000, 0x0000, 0x0000,
  0x0000, 0x0000, 0x0000, 0x0000, 0x0000, 0x0000, 0x0000, 0x0000,
  0x0000, 0x0000, 0x0000, 0x0000, 0x0000, 0xDF3E, 0xDF3E, 0xDF3E,
  0xDF3E, 0xDF3E, 0xDF3E, 0xDF3E, 0xDF3E, 0xDF3E, 0xDF3E, 0xDF3E,
  0xDF3E, 0xDF3E, 0xDF3E, 0xDF3E, 0xDF3E, 0xDF3E, 0xDF3E, 0xDF3E,
  0xDF3E, 0xDF3E, 0xDF3E, 0xDF3E, 0xDF3E, 0xDF3E, 0xDF3E, 0xDF3E,
  0xDF3E, 0xDF3E, 0xDF3E, 0xDF3E, 0xDF3E, 0xDF3E, 0xDF3E, 0xDF3E,
  0xDF3E, 0xDF3E, 0xDF3E, 0xDF3E, 0xDF3E, 0xDF3E, 0xDF3E, 0xDF3E,
  0x0000, 0x0000, 0x0000, 0x0000, 0x0000, 0x0000, 0x0000, 0x0000,
  0x0000, 0x0000, 0x0000, 0x0000, 0x0000, 0x0000, 0x0000, 0x0000,
  0x0000, 0x0000, 0x0000, 0x0000, 0xDF3E, 0xDF3E, 0xDF3E, 0xDF3E,
  0xDF3E, 0xDF3E, 0xDF3E, 0xDF3E, 0xDF3E, 0xDF3E, 0xDF3E, 0xDF3E,
  0xDF3E, 0xDF3E, 0xDF3E, 0xDF3E, 0xDF3E, 0xDF3E, 0xDF3E, 0xDF3E,
  0xDF3E, 0xDF3E, 0xDF3E, 0xDF3E, 0xDF3E, 0xDF3E, 0xDF3E, 0xDF3E,
  0xDF3E, 0xDF3E, 0xDF3E, 0xDF3E, 0xDF3E, 0xDF3E, 0xDF3E, 0xDF3E,
  0xDF3E, 0xDF3E, 0xDF3E, 0xDF3E, 0xDF3E, 0xDF3E, 0xDF3E, 0xDF3E,
  0x0000, 0x0000, 0x0000, 0x0000, 0x0000, 0x0000, 0x0000, 0x0000,
  0x0000, 0x0000, 0x0000, 0x0000, 0x0000, 0x0000, 0x0000, 0x0000,
  0x0000, 0x0000, 0x0000, 0x0000, 0xDF3E, 0xDF3E, 0xDF3E, 0xDF3E,
  0xDF3E, 0xDF3E, 0xDF3E, 0xDF3E, 0xDF3E, 0xDF3E, 0xDF3E, 0xDF3E,
  0xDF3E, 0xDF3E, 0xDF3E, 0xDF3E, 0xDF3E, 0xDF3E, 0xDF3E, 0xDF3E,
  0xDF3E, 0xDF3E, 0xDF3E, 0xDF3E, 0xDF3E, 0xDF3E, 0xDF3E, 0xDF3E,
  0xDF3E, 0xDF3E, 0xDF3E, 0xDF3E, 0xDF3E, 0xDF3E, 0xDF3E, 0xDF3E,
  0xDF3E, 0xDF3E, 0xDF3E, 0xDF3E, 0xDF3E, 0xDF3E, 0xDF3E, 0xDF3E,
  0x0000, 0x0000, 0x0000, 0x0000, 0x0000, 0x0000, 0x0000, 0x0000,
  0x0000, 0x0000, 0x0000, 0x0000, 0x0000, 0x0000, 0x0000, 0x0000,
  0x0000, 0x0000, 0x0000, 0x0000, 0xDF3E, 0xDF3E, 0xDF3E, 0xDF3E,
  0xDF3E, 0xDF3E, 0xDF3E, 0xDF3E, 0xDF3E, 0xDF3E, 0xDF3E, 0xDF3E,
  0xDF3E, 0xDF3E, 0xDF3E, 0xDF3E, 0xDF3E, 0xDF3E, 0xDF3E, 0xDF3E,
  0xDF3E, 0xDF3E, 0xDF3E, 0xDF3E, 0xDF3E, 0xDF3E, 0xDF3E, 0xDF3E,
  0xDF3E, 0xDF3E, 0xDF3E, 0xDF3E, 0xDF3E, 0xDF3E, 0xDF3E, 0xDF3E,
  0xDF3E, 0xDF3E, 0xDF3E, 0xDF3E, 0xDF3E, 0xDF3E, 0xDF3E, 0xDF3E,
  0x0000, 0x0000, 0x0000, 0x0000, 0x0000, 0x0000, 0x0000, 0x0000,
  0x0000, 0x0000, 0x0000, 0x0000, 0x0000, 0x0000, 0x0000, 0x0000,
  0x0000, 0x0000, 0xDF3E, 0xDF3E, 0xDF3E, 0xDF3E, 0xDF3E, 0xDF3E,
  0xDF3E, 0xDF3E, 0xDF3E, 0xDF3E, 0xDF3E, 0xDF3E, 0xDF3E, 0xDF3E,
  0xDF3E, 0xDF3E, 0xDF3E, 0xDF3E, 0xDF3E, 0xDF3E, 0xDF3E, 0xDF3E,
  0xDF3E, 0xDF3E, 0xDF3E, 0xDF3E, 0xDF3E, 0xDF3E, 0xDF3E, 0xDF3E,
  0xDF3E, 0xDF3E, 0xDF3E, 0xDF3E, 0xDF3E, 0xDF3E, 0xDF3E, 0xDF3E,
  0xDF3E, 0xDF3E, 0xDF3E, 0xDF3E, 0xDF3E, 0xDF3E, 0xDF3E, 0xDF3E,
  0x0000, 0x0000, 0x0000, 0x0000, 0x0000, 0x0000, 0x0000, 0x0000,
  0x0000, 0x0000, 0x0000, 0x0000, 0x0000, 0x0000, 0x0000, 0x0000,
  0x0000, 0x0000, 0xDF3E, 0xDF3E, 0xDF3E, 0xDF3E, 0xDF3E, 0xDF3E,
  0xDF3E, 0xDF3E, 0xDF3E, 0xDF3E, 0xDF3E, 0xDF3E, 0xDF3E, 0xDF3E,
  0xDF3E, 0xDF3E, 0xDF3E, 0xDF3E, 0xDF3E, 0xDF3E, 0xDF3E, 0xDF3E,
  0xDF3E, 0xDF3E, 0xDF3E, 0xDF3E, 0xDF3E, 0xDF3E, 0xDF3E, 0xDF3E,
  0xDF3E, 0xDF3E, 0xDF3E, 0xDF3E, 0xDF3E, 0xDF3E, 0xDF3E, 0xDF3E,
  0xDF3E, 0xDF3E, 0xDF3E, 0xDF3E, 0xDF3E, 0xDF3E, 0xDF3E, 0xDF3E,
  0x0000, 0x0000, 0x0000, 0x0000, 0x0000, 0x0000, 0x0000, 0x0000,
  0x0000, 0x0000, 0x0000, 0x0000, 0x0000, 0x0000, 0x0000, 0x0000,
  0x0000, 0x0000, 0xDF3E, 0xDF3E, 0xDF3E, 0xDF3E, 0xDF3E, 0xDF3E,
  0xDF3E, 0xDF3E, 0xDF3E, 0xDF3E, 0xDF3E, 0xDF3E, 0xDF3E, 0xDF3E,
  0xDF3E, 0xDF3E, 0xDF3E, 0xDF3E, 0xDF3E, 0xDF3E, 0xDF3E, 0xDF3E,
  0xDF3E, 0xDF3E, 0xDF3E, 0xDF3E, 0xDF3E, 0xDF3E, 0xDF3E, 0xDF3E,
  0xDF3E, 0xDF3E, 0xDF3E, 0xDF3E, 0xDF3E, 0xDF3E, 0xDF3E, 0xDF3E,
  0xDF3E, 0xDF3E, 0xDF3E, 0xDF3E, 0xDF3E, 0xDF3E, 0xDF3E, 0xDF3E,
  0x0000, 0x0000, 0x0000, 0x0000, 0x0000, 0x0000, 0x0000, 0x0000,
  0x0000, 0x0000, 0x0000, 0x0000, 0x0000, 0x0000, 0x0000, 0x0000,
  0x0000, 0x0000, 0xDF3E, 0xDF3E, 0xDF3E, 0xDF3E, 0xDF3E, 0xDF3E,
  0xDF3E, 0xDF3E, 0xDF3E, 0xDF3E, 0xDF3E, 0xDF3E, 0xDF3E, 0xDF3E,
  0xDF3E, 0xDF3E, 0xDF3E, 0xDF3E, 0xDF3E, 0xDF3E, 0xDF3E, 0xDF3E,
  0xDF3E, 0xDF3E, 0xDF3E, 0xDF3E, 0xDF3E, 0xDF3E, 0xDF3E, 0xDF3E,
  0xDF3E, 0xDF3E, 0xDF3E, 0xDF3E, 0xDF3E, 0xDF3E, 0xDF3E, 0xDF3E,
  0xDF3E, 0xDF3E, 0xDF3E, 0xDF3E, 0xDF3E, 0xDF3E, 0xDF3E, 0x0000,
  0x0000, 0x0000, 0x0000, 0x0000, 0x0000, 0x0000, 0x0000, 0x0000,
  0x0000, 0x0000, 0x0000, 0x0000, 0x0000, 0x0000, 0x0000, 0x0000,
  0x0000, 0x0000, 0xDF3E, 0xDF3E, 0xDF3E, 0xDF3E, 0xDF3E, 0xDF3E,
  0xDF3E, 0xDF3E, 0xDF3E, 0xDF3E, 0xDF3E, 0xDF3E, 0xDF3E, 0xDF3E,
  0xDF3E, 0xDF3E, 0xDF3E, 0xDF3E, 0xDF3E, 0xDF3E, 0xDF3E, 0xDF3E,
  0xDF3E, 0xDF3E, 0xDF3E, 0xDF3E, 0xDF3E, 0xDF3E, 0xDF3E, 0xDF3E,
  0xDF3E, 0xDF3E, 0xDF3E, 0xDF3E, 0xDF3E, 0xDF3E, 0xDF3E, 0xDF3E,
  0xDF3E, 0xDF3E, 0xDF3E, 0xDF3E, 0xDF3E, 0xDF3E, 0xDF3E, 0x0000,
  0x0000, 0x0000, 0x0000, 0x0000, 0x0000, 0x0000, 0x0000, 0x0000,
  0x0000, 0x0000, 0x0000, 0x0000, 0x0000, 0x0000, 0x0000, 0x0000,
  0x0000, 0x0000, 0xDF3E, 0xDF3E, 0xDF3E, 0xDF3E, 0xDF3E, 0xDF3E,
  0xDF3E, 0xDF3E, 0xDF3E, 0xDF3E, 0xDF3E, 0xDF3E, 0xDF3E, 0xDF3E,
  0xDF3E, 0xDF3E, 0xDF3E, 0xDF3E, 0xDF3E, 0xDF3E, 0xDF3E, 0xDF3E,
  0xDF3E, 0xDF3E, 0xDF3E, 0xDF3E, 0xDF3E, 0xDF3E, 0xDF3E, 0xDF3E,
  0xDF3E, 0xDF3E, 0xDF3E, 0xDF3E, 0xDF3E, 0xDF3E, 0xDF3E, 0xDF3E,
  0xDF3E, 0xDF3E, 0xDF3E, 0xDF3E, 0xDF3E, 0xDF3E, 0xDF3E, 0x0000,
  0x0000, 0x0000, 0x0000, 0x0000, 0x0000, 0x0000, 0x0000, 0x0000,
  0x0000, 0x0000, 0x0000, 0x0000, 0x0000, 0x0000, 0x0000, 0x0000,
  0x0000, 0x0000, 0xDF3E, 0xDF3E, 0xDF3E, 0xDF3E, 0xDF3E, 0xDF3E,
  0xDF3E, 0xDF3E, 0xDF3E, 0xDF3E, 0xDF3E, 0xDF3E, 0xDF3E, 0xDF3E,
  0xDF3E, 0xDF3E, 0xDF3E, 0xDF3E, 0xDF3E, 0xDF3E, 0xDF3E, 0xDF3E,
  0xDF3E, 0xDF3E, 0xDF3E, 0xDF3E, 0xDF3E, 0xDF3E, 0xDF3E, 0xDF3E,
  0xDF3E, 0xDF3E, 0xDF3E, 0xDF3E, 0xDF3E, 0xDF3E, 0xDF3E, 0xDF3E,
  0xDF3E, 0xDF3E, 0xDF3E, 0xDF3E, 0xDF3E, 0xDF3E, 0xDF3E, 0x0000,
  0x0000, 0x0000, 0x0000, 0x0000, 0x0000, 0x0000, 0x0000, 0x0000,
  0x0000, 0x0000, 0x0000, 0x0000, 0x0000, 0x0000, 0x0000, 0x0000,
  0x0000, 0x0000, 0xDF3E, 0xDF3E, 0xDF3E, 0xDF3E, 0xDF3E, 0xDF3E,
  0xDF3E, 0xDF3E, 0xDF3E, 0xDF3E, 0xDF3E, 0xDF3E, 0xDF3E, 0xDF3E,
  0xDF3E, 0xDF3E, 0xDF3E, 0xDF3E, 0xDF3E, 0xDF3E, 0xDF3E, 0xDF3E,
  0xDF3E, 0xDF3E, 0xDF3E, 0xDF3E, 0xDF3E, 0xDF3E, 0xDF3E, 0xDF3E,
  0xDF3E, 0xDF3E, 0xDF3E, 0xDF3E, 0xDF3E, 0xDF3E, 0xDF3E, 0xDF3E,
  0xDF3E, 0xDF3E, 0xDF3E, 0xDF3E, 0xDF3E, 0xDF3E, 0xDF3E, 0x0000,
  0x0000, 0x0000, 0x0000, 0x0000, 0x0000, 0x0000, 0x0000, 0x0000,
  0x0000, 0x0000, 0x0000, 0x0000, 0x0000, 0x0000, 0x0000, 0x0000,
  0x0000, 0x0000, 0xDF3E, 0xDF3E, 0xDF3E, 0xDF3E, 0xDF3E, 0xDF3E,
  0xDF3E, 0xDF3E, 0xDF3E, 0xDF3E, 0xDF3E, 0xDF3E, 0xDF3E, 0xDF3E,
  0xDF3E, 0xDF3E, 0xDF3E, 0xDF3E, 0xDF3E, 0xDF3E, 0xDF3E, 0xDF3E,
  0xDF3E, 0xDF3E, 0xDF3E, 0xDF3E, 0xDF3E, 0xDF3E, 0xDF3E, 0xDF3E,
  0xDF3E, 0xDF3E, 0xDF3E, 0xDF3E, 0xDF3E, 0xDF3E, 0xDF3E, 0xDF3E,
  0xDF3E, 0xDF3E, 0xDF3E, 0xDF3E, 0xDF3E, 0xDF3E, 0xDF3E, 0x0000,
  0x0000, 0x0000, 0x0000, 0x0000, 0x0000, 0x0000, 0x0000, 0x0000,
  0x0000, 0x0000, 0x0000, 0x0000, 0x0000, 0x0000, 0x0000, 0x0000,
  0x0000, 0x0000, 0xDF3E, 0xDF3E, 0xDF3E, 0xDF3E, 0xDF3E, 0xDF3E,
  0xDF3E, 0xDF3E, 0xDF3E, 0xDF3E, 0xDF3E, 0xDF3E, 0xDF3E, 0xDF3E,
  0xDF3E, 0xDF3E, 0xDF3E, 0xDF3E, 0xDF3E, 0xDF3E, 0xDF3E, 0xDF3E,
  0xDF3E, 0xDF3E, 0xDF3E, 0xDF3E, 0xDF3E, 0xDF3E, 0xDF3E, 0xDF3E,
  0xDF3E, 0xDF3E, 0xDF3E, 0xDF3E, 0xDF3E, 0xDF3E, 0xDF3E, 0xDF3E,
  0xDF3E, 0xDF3E, 0xDF3E, 0xDF3E, 0xDF3E, 0xDF3E, 0xDF3E, 0x0000,
  0x0000, 0x0000, 0x0000, 0x0000, 0x0000, 0x0000, 0x0000, 0x0000,
  0x0000, 0x0000, 0x0000, 0x0000, 0x0000, 0x0000, 0x0000, 0x0000,
  0x0000, 0x0000, 0xDF3E, 0xDF3E, 0xDF3E, 0xDF3E, 0xDF3E, 0xDF3E,
  0xDF3E, 0xDF3E, 0xDF3E, 0xDF3E, 0xDF3E, 0xDF3E, 0xDF3E, 0xDF3E,
  0xDF3E, 0xDF3E, 0xDF3E, 0xDF3E, 0xDF3E, 0xDF3E, 0xDF3E, 0xDF3E,
  0xDF3E, 0xDF3E, 0xDF3E, 0xDF3E, 0xDF3E, 0xDF3E, 0xDF3E, 0xDF3E,
  0xDF3E, 0xDF3E, 0xDF3E, 0xDF3E, 0xDF3E, 0xDF3E, 0xDF3E, 0xDF3E,
  0xDF3E, 0xDF3E, 0xDF3E, 0xDF3E, 0xDF3E, 0xDF3E, 0xDF3E, 0x0000,
  0x0000, 0x0000, 0x0000, 0x0000, 0x0000, 0x0000, 0x0000, 0x0000,
  0x0000, 0x0000, 0x0000, 0x0000, 0x0000, 0x0000, 0x0000, 0x0000,
  0x0000, 0x0000, 0xDF3E, 0xDF3E, 0xDF3E, 0xDF3E, 0xDF3E, 0xDF3E,
  0xDF3E, 0xDF3E, 0xDF3E, 0xDF3E, 0xDF3E, 0xDF3E, 0xDF3E, 0xDF3E,
  0xDF3E, 0xDF3E, 0xDF3E, 0xDF3E, 0xDF3E, 0xDF3E, 0xDF3E, 0xDF3E,
  0xDF3E, 0xDF3E, 0xDF3E, 0xDF3E, 0xDF3E, 0xDF3E, 0xDF3E, 0xDF3E,
  0xDF3E, 0xDF3E, 0xDF3E, 0xDF3E, 0xDF3E, 0xDF3E, 0xDF3E, 0xDF3E,
  0xDF3E, 0xDF3E, 0xDF3E, 0xDF3E, 0xDF3E, 0xDF3E, 0xDF3E, 0x0000,
  0x0000, 0x0000, 0x0000, 0x0000, 0x0000, 0x0000, 0x0000, 0x0000,
  0x0000, 0x0000, 0x0000, 0x0000, 0x0000, 0x0000, 0x0000, 0x0000,
  0x0000, 0x0000, 0xDF3E, 0xDF3E, 0xDF3E, 0xDF3E, 0xDF3E, 0xDF3E,
  0xDF3E, 0xDF3E, 0xDF3E, 0xDF3E, 0xDF3E, 0xDF3E, 0xDF3E, 0xDF3E,
  0xDF3E, 0xDF3E, 0xDF3E, 0xDF3E, 0xDF3E, 0xDF3E, 0xDF3E, 0xDF3E,
  0xDF3E, 0xDF3E, 0xDF3E, 0xDF3E, 0xDF3E, 0xDF3E, 0xDF3E, 0xDF3E,
  0xDF3E, 0xDF3E, 0xDF3E, 0xDF3E, 0xDF3E, 0xDF3E, 0xDF3E, 0xDF3E,
  0xDF3E, 0xDF3E, 0xDF3E, 0xDF3E, 0xDF3E, 0xDF3E, 0xDF3E, 0x0000,
  0x0000, 0x0000, 0x0000, 0x0000, 0x0000, 0x0000, 0x0000, 0x0000,
  0x0000, 0x0000, 0x0000, 0x0000, 0x0000, 0x0000, 0x0000, 0x0000,
  0x0000, 0x0000, 0xDF3E, 0xDF3E, 0xDF3E, 0xDF3E, 0xDF3E, 0xDF3E,
  0xDF3E, 0xDF3E, 0xDF3E, 0xDF3E, 0xDF3E, 0xDF3E, 0xDF3E, 0xDF3E,
  0xDF3E, 0xDF3E, 0xDF3E, 0xDF3E, 0xDF3E, 0xDF3E, 0xDF3E, 0xDF3E,
  0xDF3E, 0xDF3E, 0xDF3E, 0xDF3E, 0xDF3E, 0xDF3E, 0xDF3E, 0xDF3E,
  0xDF3E, 0xDF3E, 0xDF3E, 0xDF3E, 0xDF3E, 0xDF3E, 0xDF3E, 0xDF3E,
  0xDF3E, 0xDF3E, 0xDF3E, 0xDF3E, 0xDF3E, 0xDF3E, 0xDF3E, 0x0000,
  0x0000, 0x0000, 0x0000, 0x0000, 0x0000, 0x0000, 0x0000, 0x0000,
  0x0000, 0x0000, 0x0000, 0x0000, 0x0000, 0x0000, 0x0000, 0x0000,
  0x0000, 0x0000, 0xDF3E, 0xDF3E, 0xDF3E, 0xDF3E, 0xDF3E, 0xDF3E,
  0xDF3E, 0xDF3E, 0xDF3E, 0xDF3E, 0xDF3E, 0xDF3E, 0xDF3E, 0xDF3E,
  0xDF3E, 0xDF3E, 0xDF3E, 0xDF3E, 0xDF3E, 0xDF3E, 0xDF3E, 0xDF3E,
  0xDF3E, 0xDF3E, 0xDF3E, 0xDF3E, 0xDF3E, 0xDF3E, 0xDF3E, 0xDF3E,
  0xDF3E, 0xDF3E, 0xDF3E, 0xDF3E, 0xDF3E, 0xDF3E, 0xDF3E, 0xDF3E,
  0xDF3E, 0xDF3E, 0xDF3E, 0xDF3E, 0xDF3E, 0xDF3E, 0xDF3E, 0x0000,
  0x0000, 0x0000, 0x0000, 0x0000, 0x0000, 0x0000, 0x0000, 0x0000,
  0x0000, 0x0000, 0x0000, 0x0000, 0x0000, 0x0000, 0x0000, 0x0000,
  0x0000, 0x0000, 0xDF3E, 0xDF3E, 0xDF3E, 0xDF3E, 0xDF3E, 0xDF3E,
  0xDF3E, 0xDF3E, 0xDF3E, 0xDF3E, 0xDF3E, 0xDF3E, 0xDF3E, 0xDF3E,
  0xDF3E, 0xDF3E, 0xDF3E, 0xDF3E, 0xDF3E, 0xDF3E, 0xDF3E, 0xDF3E,
  0xDF3E, 0xDF3E, 0xDF3E, 0xDF3E, 0xDF3E, 0xDF3E, 0xDF3E, 0xDF3E,
  0xDF3E, 0xDF3E, 0xDF3E, 0xDF3E, 0xDF3E, 0xDF3E, 0xDF3E, 0xDF3E,
  0xDF3E, 0xDF3E, 0xDF3E, 0xDF3E, 0xDF3E, 0xDF3E, 0xDF3E, 0x0000,
  0x0000, 0x0000, 0x0000, 0x0000, 0x0000, 0x0000, 0x0000, 0x0000,
  0x0000, 0x0000, 0x0000, 0x0000, 0x0000, 0x0000, 0x0000, 0x0000,
  0x0000, 0x0000, 0xDF3E, 0xDF3E, 0xDF3E, 0xDF3E, 0xDF3E, 0xDF3E,
  0xDF3E, 0xDF3E, 0xDF3E, 0xDF3E, 0xDF3E, 0xDF3E, 0xDF3E, 0xDF3E,
  0xDF3E, 0xDF3E, 0xDF3E, 0xDF3E, 0xDF3E, 0xDF3E, 0xDF3E, 0xDF3E,
  0xDF3E, 0xDF3E, 0xDF3E, 0xDF3E, 0xDF3E, 0xDF3E, 0xDF3E, 0xDF3E,
  0xDF3E, 0xDF3E, 0xDF3E, 0xDF3E, 0xDF3E, 0xDF3E, 0xDF3E, 0xDF3E,
  0xDF3E, 0xDF3E, 0xDF3E, 0xDF3E, 0xDF3E, 0xDF3E, 0xDF3E, 0x0000,
  0x0000, 0x0000, 0x0000, 0x0000, 0x0000, 0x0000, 0x0000, 0x0000,
  0x0000, 0x0000, 0x0000, 0x0000, 0x0000, 0x0000, 0x0000, 0x0000,
  0x0000, 0x0000, 0x0000, 0x0000, 0x0000, 0x0000, 0x0000, 0x0000,
  0x0000, 0x0000, 0x0000, 0x0000, 0x0000, 0x0000, 0x0000, 0x0000,
  0x0000, 0x0000, 0x0000, 0x0000, 0x0000, 0x0000, 0x0000, 0x0000,
  0x0000, 0x0000, 0x0000, 0x0000, 0x0000, 0x0000, 0x0000, 0x0000,
  0x0000, 0x0000, 0x0000, 0x0000, 0x0000, 0x0000, 0x0000, 0x0000,
  0x0000, 0x0000, 0x0000, 0x0000, 0x0000, 0x0000, 0x0000, 0x0000,
  0x0000, 0x0000, 0x0000, 0x0000, 0x0000, 0x0000, 0x0000, 0x0000,
  0x0000, 0x0000, 0x0000, 0x0000, 0x0000, 0x0000, 0x0000, 0x0000,
  0x0000, 0x0000, 0x0000, 0x0000, 0x0000, 0x0000, 0x0000, 0x0000,
  0x0000, 0x0000, 0x0000, 0x0000, 0x0000, 0x0000, 0x0000, 0x0000,
  0x0000, 0x0000, 0x0000, 0x0000, 0x0000, 0x0000, 0x0000, 0x0000,
  0x0000, 0x0000, 0x0000, 0x0000, 0x0000, 0x0000, 0x0000, 0x0000,
  0x0000, 0x0000, 0x0000, 0x0000, 0x0000, 0x0000, 0x0000, 0x0000,
  0x0000, 0x0000, 0x0000, 0x0000, 0x0000, 0x0000, 0x0000, 0x0000,
  0x0000, 0x0000, 0x0000, 0x0000, 0x0000, 0x0000, 0x0000, 0x0000,
  0x0000, 0x0000, 0x0000, 0x0000, 0x0000, 0x0000, 0x0000, 0x0000,
  0x0000, 0x0000, 0x0000, 0x0000, 0x0000, 0x0000, 0xDF3E, 0xDF3E,
  0x0000, 0x0000, 0x0000, 0x0000, 0x0000, 0x0000, 0x0000, 0x0000,
  0x0000, 0x0000, 0x0000, 0x0000, 0x0000, 0x0000, 0x0000, 0x0000,
  0x0000, 0x0000, 0x0000, 0x0000, 0x0000, 0x0000, 0x0000, 0x0000,
  0x0000, 0x0000, 0xDF3E, 0xDF3E, 0x0000, 0x0000, 0x0000, 0x0000,
  0x0000, 0x0000, 0x0000, 0x0000, 0x0000, 0x0000, 0x0000, 0x0000,
  0x0000, 0x0000, 0x0000, 0x0000, 0x0000, 0x0000, 0x0000, 0x0000,
  0x0000, 0x0000, 0x0000, 0x0000, 0x0000, 0x0000, 0x0000, 0x0000,
  0x0000, 0x0000, 0x0000, 0x0000, 0x0000, 0x0000, 0xDF3E, 0xDF3E,
  0x0000, 0x0000, 0x0000, 0x0000, 0x0000, 0x0000, 0x0000, 0x0000,
  0x0000, 0x0000, 0x0000, 0x0000, 0x0000, 0x0000, 0x0000, 0x0000,
  0x0000, 0x0000, 0x0000, 0x0000, 0x0000, 0x0000, 0x0000, 0x0000,
  0x0000, 0x0000, 0xDF3E, 0xDF3E, 0x0000, 0x0000, 0x0000, 0x0000,
  0x0000, 0x0000, 0x0000, 0x0000, 0x0000, 0x0000, 0x0000, 0x0000,
  0x0000, 0x0000, 0x0000, 0x0000, 0x0000, 0x0000, 0x0000, 0x0000,
  0x0000, 0x0000, 0x0000, 0x0000, 0x0000, 0x0000, 0x0000, 0x0000,
  0x0000, 0x0000, 0x0000, 0x9D35, 0x0000, 0x0000, 0xDF3E, 0xDF3E,
  0x0000, 0x9D35, 0x0000, 0x0000, 0x0000, 0x0000, 0x0000, 0x0000,
  0x0000, 0x0000, 0x0000, 0x0000, 0x0000, 0x0000, 0x0000, 0x0000,
  0x0000, 0x0000, 0x0000, 0x0000, 0x0000, 0x0000, 0x0000, 0x9D35,
  0x0000, 0x0000, 0xDF3E, 0xDF3E, 0x0000, 0x9D35, 0x0000, 0x0000,
  0x0000, 0x0000, 0x0000, 0x0000, 0x0000, 0x0000, 0x0000, 0x0000,
  0x0000, 0x0000, 0x0000, 0x0000, 0x0000, 0x0000, 0x0000, 0x0000,
  0x0000, 0x0000, 0x0000, 0x0000, 0x0000, 0x0000, 0x0000, 0x0000,
  0x0000, 0x0000, 0x0000, 0x0000, 0x9D35, 0x0000, 0xDF3E, 0xDF3E,
  0x9D35, 0x0000, 0x0000, 0x0000, 0x0000, 0x0000, 0x0000, 0x0000,
  0x0000, 0x0000, 0x0000, 0x0000, 0x0000, 0x0000, 0x0000, 0x0000,
  0x0000, 0x0000, 0x0000, 0x0000, 0x0000, 0x0000, 0x0000, 0x0000,
  0x9D35, 0x0000, 0xDF3E, 0xDF3E, 0x9D35, 0x0000, 0x0000, 0x0000,
  0x0000, 0x0000, 0x0000, 0x0000, 0x0000, 0x0000, 0x0000, 0x0000,
  0x0000, 0x0000, 0x0000, 0x0000, 0x0000, 0x0000, 0x0000, 0x0000,
  0x0000, 0x0000, 0x0000, 0x0000, 0x0000, 0x0000, 0x0000, 0x0000,
  0x0000, 0x0000, 0x0000, 0x0000, 0x0000, 0x9D35, 0xDF3E, 0x9D35,
  0x0000, 0x0000, 0x0000, 0x0000, 0x0000, 0x0000, 0x0000, 0x0000,
  0x0000, 0x0000, 0x0000, 0x0000, 0x0000, 0x0000, 0x0000, 0x0000,
  0x0000, 0x0000, 0x0000, 0x0000, 0x0000, 0x0000, 0x0000, 0x0000,
  0x0000, 0x9D35, 0xDF3E, 0x9D35, 0x0000, 0x0000, 0x0000, 0x0000,
  0x0000, 0x0000, 0x0000, 0x0000, 0x0000, 0x0000, 0x0000, 0x0000,
  0x0000, 0x0000, 0x0000, 0x0000, 0x0000, 0x0000, 0x0000, 0x0000,
  0x0000, 0x0000, 0x0000, 0x0000, 0x0000, 0x0000, 0x0000, 0x0000,
  0x0000, 0xDF3E, 0xDF3E, 0xDF3E, 0xDF3E, 0xDF3E, 0x9D35, 0xDF3E,
  0xDF3E, 0xDF3E, 0xDF3E, 0xDF3E, 0x0000, 0x0000, 0x0000, 0x0000,
  0x0000, 0x0000, 0x0000, 0x0000, 0x0000, 0x0000, 0x0000, 0x0000,
  0x0000, 0x0000, 0x0000, 0x0000, 0x0000, 0xDF3E, 0xDF3E, 0xDF3E,
  0xDF3E, 0xDF3E, 0x9D35, 0xDF3E, 0xDF3E, 0xDF3E, 0xDF3E, 0xDF3E,
  0x0000, 0x0000, 0x0000, 0x0000, 0x0000, 0x0000, 0x0000, 0x0000,
  0x0000, 0x0000, 0x0000, 0x0000, 0x0000, 0x0000, 0x0000, 0x0000,
  0x0000, 0x0000, 0x0000, 0x0000, 0x0000, 0x0000, 0x0000, 0x0000,
  0x0000, 0xDF3E, 0xDF3E, 0xDF3E, 0xDF3E, 0x9D35, 0xDF3E, 0x9D35,
  0xDF3E, 0xDF3E, 0xDF3E, 0xDF3E, 0x0000, 0x0000, 0x0000, 0x0000,
  0x0000, 0x0000, 0x0000, 0x0000, 0x0000, 0x0000, 0x0000, 0x0000,
  0x0000, 0x0000, 0x0000, 0x0000, 0x0000, 0xDF3E, 0xDF3E, 0xDF3E,
  0xDF3E, 0x9D35, 0xDF3E, 0x9D35, 0xDF3E, 0xDF3E, 0xDF3E, 0xDF3E,
  0x0000, 0x0000, 0x0000, 0x0000, 0x0000, 0x0000, 0x0000, 0x0000,
  0x0000, 0x0000, 0x0000, 0x0000, 0x0000, 0x0000, 0x0000, 0x0000,
  0x0000, 0x0000, 0x0000, 0x0000, 0x0000, 0x0000, 0x0000, 0x0000,
  0x0000, 0x0000, 0x0000, 0x0000, 0x9D35, 0x0000, 0xDF3E, 0xDF3E,
  0x9D35, 0x0000, 0x0000, 0x0000, 0x0000, 0x0000, 0x0000, 0x0000,
  0x0000, 0x0000, 0x0000, 0x0000, 0x0000, 0x0000, 0x0000, 0x0000,
  0x0000, 0x0000, 0x0000, 0x0000, 0x0000, 0x0000, 0x0000, 0x0000,
  0x9D35, 0x0000, 0xDF3E, 0xDF3E, 0x9D35, 0x0000, 0x0000, 0x0000,
  0x0000, 0x0000, 0x0000, 0x0000, 0x0000, 0x0000, 0x0000, 0x0000,
  0x0000, 0x0000, 0x0000, 0x0000, 0x0000, 0x0000, 0x0000, 0x0000,
  0x0000, 0x0000, 0x0000, 0x0000, 0x0000, 0x0000, 0x0000, 0x0000,
  0x0000, 0x0000, 0x0000, 0x9D35, 0x0000, 0x0000, 0xDF3E, 0xDF3E,
  0x0000, 0x9D35, 0x0000, 0x0000, 0x0000, 0x0000, 0x0000, 0x0000,
  0x0000, 0x0000, 0x0000, 0x0000, 0xDF3E, 0xDF3E, 0x0000, 0x0000,
  0x0000, 0x0000, 0x0000, 0x0000, 0x0000, 0x0000, 0x0000, 0x9D35,
  0x0000, 0x0000, 0xDF3E, 0xDF3E, 0x0000, 0x9D35, 0x0000, 0x0000,
  0x0000, 0x0000, 0x0000, 0x0000, 0x0000, 0x0000, 0x0000, 0x0000,
  0x0000, 0x0000, 0x0000, 0x0000, 0x0000, 0x0000, 0x0000, 0x0000,
  0x0000, 0x0000, 0x0000, 0x0000, 0x0000, 0x0000, 0x0000, 0x0000,
  0x0000, 0x0000, 0x0000, 0x0000, 0x0000, 0x0000, 0xDF3E, 0xDF3E,
  0x0000, 0x0000, 0x0000, 0x0000, 0x0000, 0x0000, 0x0000, 0x0000,
  0x0000, 0x0000, 0x0000, 0x0000, 0xDF3E, 0xDF3E, 0x0000, 0x0000,
  0x0000, 0x0000, 0x0000, 0x0000, 0x0000, 0x0000, 0x0000, 0x0000,
  0x0000, 0x0000, 0xDF3E, 0xDF3E, 0x0000, 0x0000, 0x0000, 0x0000,
  0x0000, 0x0000, 0x0000, 0x0000, 0x0000, 0x0000, 0x0000, 0x0000,
  0x0000, 0x0000, 0x0000, 0x0000, 0x0000, 0x0000, 0x0000, 0x0000,
  0x0000, 0x0000, 0x0000, 0x0000, 0x0000, 0x0000, 0x0000, 0x0000,
  0x0000, 0x0000, 0x0000, 0x0000, 0x0000, 0x0000, 0xDF3E, 0xDF3E,
  0x0000, 0x0000, 0x0000, 0x0000, 0x0000, 0x0000, 0x0000, 0x0000,
  0x0000, 0x9D35, 0x0000, 0x0000, 0xDF3E, 0xDF3E, 0x0000, 0x9D35,
  0x0000, 0x0000, 0x0000, 0x0000, 0x0000, 0x0000, 0x0000, 0x0000,
  0x0000, 0x0000, 0xDF3E, 0xDF3E, 0x0000, 0x0000, 0x0000, 0x0000,
  0x0000, 0x0000, 0x0000, 0x0000, 0x0000, 0x0000, 0x0000, 0x0000,
  0x0000, 0x0000, 0x0000, 0x0000, 0x0000, 0x0000, 0x0000, 0x0000,
  0x0000, 0x0000, 0x0000, 0x0000, 0x0000, 0x0000, 0x0000, 0x0000,
  0x0000, 0x0000, 0x0000, 0x0000, 0x0000, 0x0000, 0x0000, 0x0000,
  0x0000, 0x0000, 0x0000, 0x0000, 0x0000, 0x0000, 0x0000, 0x0000,
  0x0000, 0x0000, 0x9D35, 0x0000, 0xDF3E, 0xDF3E, 0x9D35, 0x0000,
  0x0000, 0x0000, 0x0000, 0x0000, 0x0000, 0x0000, 0x0000, 0x0000,
  0x0000, 0x0000, 0x0000, 0x0000, 0x0000, 0x0000, 0x0000, 0x0000,
  0x0000, 0x0000, 0x0000, 0x0000, 0x0000, 0x0000, 0x0000, 0x0000,
  0x0000, 0x0000, 0x0000, 0x0000, 0x0000, 0x0000, 0x0000, 0x0000,
  0x0000, 0x0000, 0x0000, 0x0000, 0x0000, 0x0000, 0x0000, 0x0000,
  0x0000, 0x0000, 0x0000, 0x0000, 0x0000, 0x0000, 0x0000, 0x0000,
  0x0000, 0x0000, 0x0000, 0x0000, 0x0000, 0x0000, 0x0000, 0x0000,
  0x0000, 0x0000, 0x0000, 0x9D35, 0xDF3E, 0x9D35, 0x0000, 0x0000,
  0x0000, 0x0000, 0x0000, 0x0000, 0x0000, 0x0000, 0x0000, 0x0000,
  0x0000, 0x0000, 0x0000, 0x0000, 0x0000, 0x0000, 0x0000, 0x0000,
  0x0000, 0x0000, 0x0000, 0x0000, 0x0000, 0x0000, 0x0000, 0x0000,
  0x0000, 0x0000, 0x0000, 0x0000, 0x0000, 0x0000, 0x0000, 0x0000,
  0x0000, 0x0000, 0x0000, 0x0000, 0x0000, 0x0000, 0x0000, 0x0000,
  0x0000, 0x0000, 0x0000, 0x0000, 0x0000, 0x0000, 0x0000, 0x0000,
  0x0000, 0x0000, 0x0000, 0x0000, 0x0000, 0x0000, 0x0000, 0xDF3E,
  0xDF3E, 0xDF3E, 0xDF3E, 0xDF3E, 0x9D35, 0xDF3E, 0xDF3E, 0xDF3E,
  0xDF3E, 0xDF3E, 0x0000, 0x0000, 0x0000, 0x0000, 0x0000, 0x0000,
  0x0000, 0x0000, 0x0000, 0x0000, 0x0000, 0x0000, 0x0000, 0x0000,
  0x0000, 0x0000, 0x0000, 0x0000, 0x0000, 0x0000, 0x0000, 0x0000,
  0x0000, 0x0000, 0x0000, 0x0000, 0x0000, 0x0000, 0x0000, 0x0000,
  0x0000, 0x0000, 0x0000, 0x0000, 0x0000, 0x0000, 0x0000, 0x0000,
  0x0000, 0x0000, 0x0000, 0x0000, 0x0000, 0x0000, 0x0000, 0x0000,
  0x0000, 0x0000, 0x0000, 0x0000, 0x0000, 0xDF3E, 0xDF3E, 0xDF3E,
  0xDF3E, 0xDF3E, 0xDF3E, 0x9D35, 0xDF3E, 0x9D35, 0xDF3E, 0xDF3E,
  0xDF3E, 0xDF3E, 0x0000, 0x0000, 0xDF3E, 0xDF3E, 0x0000, 0x0000,
  0x0000, 0x0000, 0x0000, 0x0000, 0x0000, 0x0000, 0x0000, 0x0000,
  0x0000, 0x0000, 0x0000, 0x0000, 0x0000, 0x0000, 0x0000, 0x0000,
  0x0000, 0x0000, 0x0000, 0x0000, 0x0000, 0x0000, 0x0000, 0x0000,
  0x0000, 0x0000, 0x0000, 0x0000, 0x0000, 0x0000, 0x0000, 0x0000,
  0x0000, 0x0000, 0x0000, 0x0000, 0x0000, 0x0000, 0x0000, 0x0000,
  0x0000, 0x0000, 0x0000, 0x0000, 0x0000, 0xDF3E, 0xDF3E, 0x0000,
  0x0000, 0x0000, 0x9D35, 0x0000, 0xDF3E, 0xDF3E, 0x9D35, 0x0000,
  0x0000, 0x0000, 0x0000, 0x0000, 0xDF3E, 0xDF3E, 0x0000, 0x0000,
  0x0000, 0x0000, 0x0000, 0x0000, 0x0000, 0x0000, 0x0000, 0x0000,
  0x0000, 0x0000, 0x0000, 0x0000, 0x0000, 0x0000, 0x0000, 0x0000,
  0x0000, 0x0000, 0x0000, 0x0000, 0x0000, 0x0000, 0x0000, 0x0000,
  0x0000, 0x0000, 0x0000, 0x0000, 0x0000, 0x0000, 0x0000, 0x0000,
  0x0000, 0x0000, 0x0000, 0x0000, 0x0000, 0x0000, 0x0000, 0x0000,
  0x0000, 0x0000, 0x9D35, 0x0000, 0x0000, 0xDF3E, 0xDF3E, 0x0000,
  0x9D35, 0x9D35, 0x0000, 0x0000, 0xDF3E, 0xDF3E, 0x0000, 0x9D35,
  0x0000, 0x9D35, 0x0000, 0x0000, 0xDF3E, 0xDF3E, 0x0000, 0x9D35,
  0x0000, 0x0000, 0x0000, 0x0000, 0x0000, 0x0000, 0x0000, 0x0000,
  0x0000, 0x0000, 0x0000, 0x0000, 0x0000, 0x0000, 0x0000, 0x0000,
  0x0000, 0x0000, 0x0000, 0x0000, 0x0000, 0x0000, 0x0000, 0x0000,
  0x0000, 0x0000, 0x0000, 0x0000, 0x0000, 0x0000, 0x0000, 0x0000,
  0x0000, 0x0000, 0x0000, 0x0000, 0x0000, 0x0000, 0x0000, 0x0000,
  0x0000, 0x0000, 0x0000, 0x9D35, 0x0000, 0xDF3E, 0xDF3E, 0x9D35,
  0x0000, 0x0000, 0x0000, 0x0000, 0xDF3E, 0xDF3E, 0x0000, 0x0000,
  0x0000, 0x0000, 0x9D35, 0x0000, 0xDF3E, 0xDF3E, 0x9D35, 0x0000,
  0x0000, 0x0000, 0x0000, 0x0000, 0x0000, 0x0000, 0x0000, 0x0000,
  0x0000, 0x0000, 0x0000, 0x0000, 0x0000, 0x0000, 0x0000, 0x0000,
  0x0000, 0x0000, 0x0000, 0x0000, 0x0000, 0x0000, 0x0000, 0x0000,
  0x0000, 0x0000, 0x0000, 0x0000, 0x0000, 0x0000, 0x0000, 0x0000,
  0x0000, 0x0000, 0x0000, 0x0000, 0x0000, 0x0000, 0x0000, 0x0000,
  0x0000, 0x0000, 0x0000, 0x0000, 0x9D35, 0xDF3E, 0x9D35, 0x0000,
  0x0000, 0x0000, 0x0000, 0x0000, 0xDF3E, 0xDF3E, 0x0000, 0x0000,
  0x0000, 0x0000, 0x0000, 0x9D35, 0xDF3E, 0x9D35, 0x0000, 0x0000,
  0x0000, 0x0000, 0x0000, 0x0000, 0x0000, 0x0000, 0x0000, 0x0000,
  0x0000, 0x0000, 0x0000, 0x0000, 0x0000, 0x0000, 0x0000, 0x0000,
  0x0000, 0x0000, 0x0000, 0x0000, 0x0000, 0x0000, 0x0000, 0x0000,
  0x0000, 0x0000, 0x0000, 0x0000, 0x0000, 0x0000, 0x0000, 0x0000,
  0x0000, 0x0000, 0x0000, 0x0000, 0x0000, 0x0000, 0x0000, 0x0000,
  0xDF3E, 0xDF3E, 0xDF3E, 0xDF3E, 0xDF3E, 0x9D35, 0xDF3E, 0xDF3E,
  0xDF3E, 0xDF3E, 0xDF3E, 0x0000, 0x0000, 0x0000, 0x0000, 0xDF3E,
  0xDF3E, 0xDF3E, 0xDF3E, 0xDF3E, 0x9D35, 0xDF3E, 0xDF3E, 0xDF3E,
  0xDF3E, 0xDF3E, 0x0000, 0x0000, 0x0000, 0x0000, 0x0000, 0x0000,
  0x0000, 0x0000, 0x0000, 0x0000, 0x0000, 0x0000, 0x0000, 0x0000,
  0x0000, 0x0000, 0x0000, 0x0000, 0x0000, 0x0000, 0x0000, 0x0000,
  0x0000, 0x0000, 0x0000, 0x0000, 0x0000, 0x0000, 0x0000, 0x0000,
  0x0000, 0x0000, 0x0000, 0x0000, 0x0000, 0x0000, 0x0000, 0x0000,
  0xDF3E, 0xDF3E, 0xDF3E, 0xDF3E, 0x9D35, 0xDF3E, 0x9D35, 0xDF3E,
  0xDF3E, 0xDF3E, 0xDF3E, 0x0000, 0x0000, 0x0000, 0x0000, 0xDF3E,
  0xDF3E, 0xDF3E, 0xDF3E, 0x9D35, 0xDF3E, 0x9D35, 0xDF3E, 0xDF3E,
  0xDF3E, 0xDF3E, 0x0000, 0x0000, 0x0000, 0x0000, 0x0000, 0x0000,
  0x0000, 0x0000, 0x0000, 0x0000, 0x0000, 0x0000, 0x0000, 0x0000,
  0x0000, 0x0000, 0x0000, 0x0000, 0x0000, 0x0000, 0x0000, 0x0000,
  0x0000, 0x0000, 0x0000, 0x0000, 0x0000, 0x0000, 0x0000, 0x0000,
  0x0000, 0x0000, 0x0000, 0x0000, 0x0000, 0x0000, 0x0000, 0x0000,
  0x0000, 0x0000, 0x0000, 0x9D35, 0x0000, 0xDF3E, 0xDF3E, 0x9D35,
  0x0000, 0x0000, 0x0000, 0x0000, 0x0000, 0x0000, 0x0000, 0x0000,
  0x0000, 0x0000, 0x9D35, 0x0000, 0xDF3E, 0xDF3E, 0x9D35, 0x0000,
  0x0000, 0x0000, 0x0000, 0x0000, 0x0000, 0x0000, 0x0000, 0x0000,
  0x0000, 0x0000, 0x0000, 0x0000, 0x0000, 0x0000, 0x0000, 0x0000,
  0x0000, 0x0000, 0x0000, 0x0000, 0x0000, 0x0000, 0x0000, 0x0000,
  0x0000, 0x0000, 0x0000, 0x0000, 0x0000, 0x0000, 0x0000, 0x0000,
  0x0000, 0x0000, 0x0000, 0x0000, 0x0000, 0x0000, 0x0000, 0x0000,
  0x0000, 0x0000, 0x9D35, 0x0000, 0x0000, 0xDF3E, 0xDF3E, 0x0000,
  0x9D35, 0x0000, 0x0000, 0x0000, 0x0000, 0x0000, 0x0000, 0x0000,
  0x0000, 0x9D35, 0x0000, 0x0000, 0xDF3E, 0xDF3E, 0x0000, 0x9D35,
  0x0000, 0x0000, 0x0000, 0x0000, 0x0000, 0x0000, 0x0000, 0x0000,
  0x0000, 0x0000, 0x0000, 0x0000, 0x0000, 0x0000, 0x0000, 0x0000,
  0x0000, 0x0000, 0x0000, 0x0000, 0x0000, 0x0000, 0x0000, 0x0000,
  0x0000, 0x0000, 0x0000, 0x0000, 0x0000, 0x0000, 0x0000, 0x0000,
  0x0000, 0x0000, 0x0000, 0x0000, 0x0000, 0x0000, 0x0000, 0x0000,
  0x0000, 0x0000, 0x0000, 0x0000, 0x0000, 0xDF3E, 0xDF3E, 0x0000,
  0x0000, 0x0000, 0x0000, 0x0000, 0x0000, 0x0000, 0x0000, 0x0000,
  0x0000, 0x0000, 0x0000, 0x0000, 0xDF3E, 0xDF3E, 0x0000, 0x0000,
  0x0000, 0x0000, 0x0000, 0x0000, 0x0000, 0x0000, 0x0000, 0x0000,
  0x0000, 0x0000, 0x0000, 0x0000, 0x0000, 0x0000, 0x0000, 0x0000,
  0x0000, 0x0000, 0x0000, 0x0000, 0x0000, 0x0000, 0x0000, 0x0000,
  0x0000, 0x0000, 0x0000, 0x0000, 0x0000, 0x0000, 0x0000, 0x0000,
  0x0000, 0x0000, 0x0000, 0x0000, 0x0000, 0x0000, 0x0000, 0x0000,
  0x0000, 0x0000, 0x0000, 0x0000, 0x0000, 0xDF3E, 0xDF3E, 0x0000,
  0x0000, 0x0000, 0x0000, 0x0000, 0x0000, 0x0000, 0x0000, 0x0000,
  0x0000, 0x0000, 0x0000, 0x0000, 0xDF3E, 0xDF3E, 0x0000, 0x0000,
  0x0000, 0x0000, 0x0000, 0x0000, 0x0000, 0x0000, 0x0000, 0x0000,
  0x0000, 0x0000, 0x0000, 0x0000, 0x0000, 0x0000, 0x0000, 0x0000,
  0x0000, 0x0000, 0x0000, 0x0000, 0x0000, 0x0000, 0x0000, 0x0000,
  0x0000, 0x0000, 0x0000, 0x0000, 0x0000, 0x0000, 0x0000, 0x0000,
  0x0000, 0x0000, 0x0000, 0x0000, 0x0000, 0x0000, 0x0000, 0x0000,
  0x0000, 0x0000, 0x0000, 0x0000, 0x0000, 0x0000, 0x0000, 0x0000,
  0x0000, 0x0000, 0x0000, 0x0000, 0x0000, 0x0000, 0x0000, 0x0000,
  0x0000, 0x0000, 0x0000, 0x0000, 0x0000, 0x0000, 0x0000, 0x0000,
  0x0000, 0x0000, 0x0000, 0x0000, 0x0000, 0x0000, 0x0000, 0x0000,
  0x0000, 0x0000, 0x0000, 0x0000, 0x0000, 0x0000, 0x0000, 0x0000,
  0x0000, 0x0000, 0x0000, 0x0000, 0x0000, 0x0000, 0x0000, 0x0000,
  0x0000, 0x0000, 0x0000, 0x0000, 0x0000, 0x0000, 0x0000, 0x0000,
  0x0000, 0x0000, 0x0000, 0x0000, 0x0000, 0x0000, 0x0000, 0x0000,
  0x0000, 0x0000, 0x0000, 0x0000, 0x0000, 0x0000, 0x0000, 0x0000,
  0x0000, 0x0000, 0x0000, 0x0000, 0x0000, 0x0000, 0x0000, 0x0000,
  0x0000, 0x0000, 0x0000, 0x0000, 0x0000, 0x0000, 0x0000, 0x0000,
  0x0000, 0x0000, 0x0000, 0x0000, 0x0000, 0x0000, 0x0000, 0x0000,
  0x0000, 0x0000, 0x0000, 0x0000, 0x0000, 0x0000, 0x0000, 0x0000,
  0x0000, 0x0000, 0x0000, 0x0000, 0x0000, 0x0000, 0x0000, 0x0000,
};
